author,work,year,doc_id,text,DIL,split,DIL_gpt_oss_120b_promptC,confidence_gpt_oss_120b_promptC
Baricelli_Carmela,I_Vinti_Ovvero_Il_Genio_Oppresso,1907,Baricelli_Carmela-I_Vinti_Ovvero_Il_Genio_Oppresso-1907.txt,"In questo frattempo arrivò Valerio, ben lontano dal pensare che si sarebbe incontrato coll'usurpatore del suo merito. Preso alloggio in un albergo differente da quello ove stava Armida, pensò subito alla cura della propria persona, quindi si dispose a far visita all'amata, come ne l'aveva già avvertita per lettera. Camin facendo, pensava all'etereo sguardo che egli aveva accolto e chiuso in cuore, quell'ultimo giorno, là nel giardino dell'operosa cartiera; pensava a quel sorriso che gli era penetrato nell'anima, commovendolo sino allo spasimo; a quella manina che gli si era offerta pel caldo bacio e che gli era passata sul labbro con una paradisiaca dolcezza, e in questo dolce sogno d'un recente passato, già pregustava altri sguardi, altri sorrisi, altre carezze.",no,V1,no,high
Deledda_Grazia,Stella_d_oriente,1890,Deledda_Grazia-Stella_d_oriente-1890.txt,"Poi, tornando a Ninnia, ricordava che più di una volta, quando ancor fanciullo le aveva mancato di rispetto, aveva passato intere notti senza dormire pentendosi di ciò, sembrandogli che i dolci rimproveri da lei ricevuti si trasformassero in tante spine sparse nel suo letto che non sparivano se non allorché si alzava, batteva sommessamente all’uscio della nutrice e le chiedeva scusa. Poi, quand’egli viaggiando scriveva senza un motivo al mondo, a Ninnia, alla misteriosa gioia che provava nel leggere le sue risposte dalla grossa e sbagliata calligrafia, gioia che non sentiva neanche leggendo le lettere di don Francesco, di donna Anna e di Stella, non ancora amata che qual sorella; e la strana inquietitudine provata nell’apprendere una volta una grave malattia della vecchia. E il bacio, l’ultimo bacio da lui ricevuto al suo ritorno?",yes,V1,yes,high
Cantoni_Alberto,L'Illustrissimo,1906,Cantoni_Alberto-L'Illustrissimo-1906.txt,"Maria finse di rassegnarsi, ma non gli credette. Di fatto, mezz'ora dopo, il brillante sindaco di Abbiategrasso era già a parte del gran segreto. - Trovami fuori un mestiere di difficile applicabilità, - gli diceva Galeazzo, - che i miei villani non si sognino mai di mettermi alla prova. E permettimi di dormire in casa tua.",no,V1,no,high
Negri_Ada,Le_Solitarie,1917,Negri_Ada-Le_Solitarie-1917.txt,"Di guerra non se ne parlerebbe piú.
  Tic e tic, tic e tic, i lucidi ferri d'acciaio: tic e tac, tic e tac, il vecchio pendolo di legno posto sul caminetto, fra l'oleografia di Carmen e quella di Mignon. Non ha mai fatto altro, non ha mai vissuto in altra stanza che in questa, l'umile donna insaccata nel giubbetto nero, curva nelle spalle non tanto per vecchiaia quanto per lunga consuetudine d'obbedienza e di rassegnazione?
  A tratti l'uscio a vetri si socchiude.
  — È in casa il signor Cerri?
  — Secondo piano, uscio a destra.
  — Ho un pacco per la signorina Fiorilli.
  — Va bene. Lei non c'è; ma c'è la domestica.",yes,V1,yes,medium
Viola_Ferretti_Emilia,A_quarantacinque_anni,1874,Viola_Ferretti_Emilia-A_quarantacinque_anni-1874.txt,"Lo sapeva, lo diceva, eppure aveva in sè qualcosa che di tempo in tempo gli gridava: Non è possibile, non è vero, tutto non è ancora esaurito! Quando il signor Marnieri sentiva queste intime e nascoste espressioni di ribellione, guardava con un mesto sorriso i figli già grandi che lo circondavano, l’operosa compagna, che da una timida giovinetta s’era fatta pingue e risoluta matrona; accoglieva gli attestati di riverenza e di considerazione che gli venivan sporti da tutte le parti, e non sapeva comprendere quello che v’era in lui di ribelle a tuttociò, – quale fosse la contradizione che provava in sè contro i fatti compiuti, cosa fosse questa illogica reazione contro il tempo che passa, e il non potere esaurire adeguatamente con esso quanto egli deve naturalmente consumare.",yes,V1,yes,high
Capuana_Luigi,Il_Marchese_Di_Roccaverdina,1901,Capuana_Luigi-Il_Marchese_Di_Roccaverdina-1901.txt,"Dovevano fare così...» «Ma vi pare, papà!», lo interruppe il cavalier Pergola. «È quel che ho risposto io: ma vi pare!»",no,V1,no,high
Capuana_Luigi,Il_Marchese_Di_Roccaverdina,1901,Capuana_Luigi-Il_Marchese_Di_Roccaverdina-1901.txt,"E il marchese era partito lasciando là il cavaliere che bestemmiava internamente, per rispetto della cugina. «Ci abbandona così, nelle peste! Dovreste persuaderlo voi», egli disse, rivolgendosi alla marchesa e giungendo le mani in atto di preghiera.",no,V1,no,high
Campanile_Achille,Giovinotti_non_esageriamo,1929,Campanile_Achille-Giovinotti_non_esageriamo-1929.txt,"Sbarbatosi e fatta colazione contemporaneamente, il barone si accinse a uscire con la motocicletta-bidè, ingegnoso congegno che permette agli uomini d’affari americani di completare la propria toletta, trasferendosi rapidamente da un punto all’altro della City. Ma, prima, volle farsi un’altra volta la barba, non perché ne avesse bisogno, ma perché è un piacere radersi col sapone americano Zaf.1 Anzi, questo è uno dei pochi piaceri che, nella lor vita vertiginosa, si concedano gli americani, a giudicare dal come tale piacere viene vantato in tutti i paesi del mondo, per mezzo di vignette nei manifesti e nei giornali. Mentre varcava il portone, il gentiluomo si sentì chiamare dal portiere che gli disse con voce lenta e solenne:
“C’è la solita lettera per lei”.",yes,V1,no,high
Deledda_Grazia,Stella_d_oriente,1890,Deledda_Grazia-Stella_d_oriente-1890.txt,"Stella si mostrava sempre calma, di una calma marmorea, impenetrabile, qualche volta allegra, sempre spiritosa, ma dentro di sé sentiva qualcosa di ardente, di terribilmente doloroso, come il sangue in febbre e il cuore fisicamente malato, e la sua suprema speranza era di ammalarsi, di morire naturalmente, morire fra poco, in quella casa ove s’accorgeva di non esser sola a soffrire…
Né s’ingannava. Anche Ruggero soffriva; anche a lui, nonostante la stessa calma finta, ruggiva qualcosa di terribile in cuore, che lo manteneva vivo: l’odio per l’uomo che non conosceva, ma che supponeva gli avesse rapito la felicità, sul cui capo Ruggero faceva cadere il sangue di miss Ellen! Il programma del giovine conte consisteva tutto nell’uccidere quel nemico, ma poi?",yes,V1,yes,high
Cantoni_Alberto,L'Illustrissimo,1906,Cantoni_Alberto-L'Illustrissimo-1906.txt,"Capirete, star sotto ai genitori e far la serva umilissima di un fratello coi calzoni, sono cose che si capiscono, ma piegare il collo davanti ad una cognatina in sottanucce, davanti ad una femminetta da men di lei... vengono i brividi a pensarci! E così il magnanimo Pompeo, coccolato e lisciato da mattina a sera, pareva un tordo nel miglio, un canonico nel burro. Date adunque le aspirazioni della nostra ragazza, vediamo un po' fino a che punto, auspice la Fortuna, aveva saputo e potuto adombrarle nei fatti.",no,V1,yes,high
Deledda_Grazia,Stella_d_oriente,1890,Deledda_Grazia-Stella_d_oriente-1890.txt,"Ma poco importava. Stella affascinava lo stesso e a donna Morella si faceva una strana osservazione. Per esempio, da circa dieci anni il suo salotto non si era mai più visto popolato a così tarda ora e da tanti amici!",yes,V1,no,high
Deledda_Grazia,Stella_d_oriente,1890,Deledda_Grazia-Stella_d_oriente-1890.txt,"Nulla di anormale, come dicemmo più innanzi, solo ciò che Maurizio aveva predetto e che appunto per ciò non lo meravigliò. In verità, si sarebbe stupito di più se ciò non fosse accaduto. Egli amava Stella!",yes,V1,yes,medium
Baratono_Pierangelo,Bob_E_Il_Suo_Metodo,1914,Baratono_Pierangelo-Bob_E_Il_Suo_Metodo-1914.txt,"- La distribuzione della ricchezza è il secondo problema, che s'affaccia alla nostra mente. Si è proposto di concedere ad ogni individuo un'ugual porzione di cibi, di bevande, di abiti e d'oggetti di prima necessità. Ma vi par equo che un operaio, costretto al rude lavoro che irrobustisce e stimola con maggior violenza lo stomaco, abbia la razione di un impiegato, di un professionista, di qualsiasi persona, infine, cui la vita sedentaria e raccolta abbia tolto in parte l'appetito e i muscoli?",no,V1,no,high
Campanile_Achille,Giovinotti_non_esageriamo,1929,Campanile_Achille-Giovinotti_non_esageriamo-1929.txt,"L’uomo che si stiracchiava sorrise:
“Vuote anche quelle” disse; “tutti a Roma, a veder la partita”.
* * * Quanto alla sala d’aspetto di prima e seconda classe, essa era illuminata con sfarzo e completamente deserta. Queste sale d’aspetto non servono a nulla.",yes,V1,no,high
Capuana_Luigi,Il_Marchese_Di_Roccaverdina,1901,Capuana_Luigi-Il_Marchese_Di_Roccaverdina-1901.txt,"In ogni caso, basterà dare il nome, circondarsi di assessori di fiducia.» «Ho appena fiducia in me stesso», rispose il marchese. «Questa non se l'aspettava nessuno!",no,V1,no,high
De_Amicis_Edmondo,Cuore,1886,De_Amicis_Edmondo-Cuore-1886.txt,"A un dato momento il capitano tentò di lanciare in mare una barca di salvamento: cinque marinai v'entrarono, la barca calò; ma l'onda la travolse, e due dei marinai s'annegarono, fra i quali l'italiano: gli altri a stento riuscirono a riafferrarsi alle corde e a risalire. Dopo questo i marinai medesimi perdettero ogni coraggio. Due ore dopo, il bastimento era già immerso nell'acqua fino all'altezza dei parasartie.",no,V1,no,high
Baricelli_Carmela,I_Vinti_Ovvero_Il_Genio_Oppresso,1907,Baricelli_Carmela-I_Vinti_Ovvero_Il_Genio_Oppresso-1907.txt,"E se hai sofferto, Andrea, se dovrai soffrire un giorno, un anno, più anni, non ti sarà degno compenso questo grande amore degli uomini! - Sì Bianca il popolo è buono ma gl'individui son cattivi, spesso ingrati, e spesso ancora più stupidi, che cattivi: l'amore io non l'aspetto che da te; al mondo io do tutto, ma non chiedo nulla. Ciò detto, l'abbracciò teneramente, essa abbandonò, come la Psiche amorosa, il bel capo al bacio dell'amante e così allacciati sembravano entrambi bersi l'anima dagli occhi, tanto il loro grandissimo, verace amore compenetrava i loro esseri; quell'amore ch'è figlio della terra e dell'infinito; che sgorga possente dal mistero dello spirito e della vita, per unire due cuori pulsanti di vivido sangue, due anime e due intelligenze fatte di coscienza e di amore. Dopo un lungo tenerissimo bacio, a cui parevan far festa il cielo ed il mare, simpatizzanti nello stesso azzurro ineffabile, si volsero a guardar l'ammalato, quasi richiamati insieme ai doveri sacri dell'esistenza da una sola voce. - Domani starà meglio, disse Bianca ad Andrea, vedendolo oscurarsi in fronte. - Sì, aggiunse Andrea, e seguiremo il suo consiglio nevvero?",no,V1,no,medium
Campanile_Achille,Giovinotti_non_esageriamo,1929,Campanile_Achille-Giovinotti_non_esageriamo-1929.txt,"Difatti, in quel momento arrivò il treno diretto a Roma: gli undici giocatori di Pontesullago e Joséphine vi saltarono su; si udì sbattere uno sportello; una gallinella accennò a fare coccodè; poi, una trombetta, seguita subito da un fischio breve della locomotiva, e il treno riparti, mentre una potente bastonata faceva trasalire Salomone, che, aggredito da sua moglie, sopraggiunta con un bastone nodoso, veniva trascinato nel paese in subbuglio.

XIX
Quanti furono quelli che partirono per assistere alla grande partita di calcio, nella quale la squadra di Pontesullago tentava di salvare dalla sedia elettrica gl’infelici banditi del pallone e di conquistare il campionato mondiale.



Passata la tempesta, Salomone s’era fatto paladino di una audace proposta:
“Andiamo tutti a Roma, per incoraggiare i nostri giocatori con le grida e gli applausi”. Temerario!",yes,V1,no,high
De_Roberto_Federico,L'Imperio,1929,De_Roberto_Federico-L'Imperio-1929.txt,"Ma io mi sono presto abituato ai costumi parlamentari, e non mi lascio intimorire. Non volevo parlare, da principio; chiesi la parola per rispondere a una certa bestia che credeva tutti ignoranti come lui; poi, parlando, sapete come succede, un'idea ne chiama un'altra, e naturalmente..."" ""Naturalmente!...",no,V1,no,high
Campanile_Achille,Giovinotti_non_esageriamo,1929,Campanile_Achille-Giovinotti_non_esageriamo-1929.txt,"In quella mezz’ora i due giovani sfogavano con frasi roventi la reciproca antipatia.
“Mascalzone,” disse lei “tu dunque mi detesti?”
“Sì,” fece Piffariello “quanto cuore umano può detestare.”
“Oh, come sono felice! Anch’io ti detesto.”
“Giuramelo.”
“Te lo giuro. Su quello che vuoi.”
“E quanto mi detesti,",no,V1,no,high
Negri_Ada,Le_Solitarie,1917,Negri_Ada-Le_Solitarie-1917.txt,"Comincia a far freddo, Chiudetevi bene nel mantello... e datemi un fiammifero, per favore.
  Accese un'altra sigaretta; e si rimise a fumare. L'ASSOLUTO
  Ci eravamo raccolte nel salottino terreno della piccola Pension, tipicamente svizzero nelle rivestiture di legno laccato salenti fino al soffitto e nella panciuta stufa di maiolica bianca, fregiata d'istoriette turchine.",no,V1,no,high
De_Marchi_Emilio,Arabella,1893,De_Marchi_Emilio-Arabella-1893.txt,"E aprì il cassetto del tavolo di cucina per trarne un comune coltello. La zia Colomba che gli teneva dietro, lo afferrò ai polsi e mettendogli il viso quasi sul viso, con un'espressione risoluta gli disse tre volte di no, con tre rapide scosse della testa: ""No, figliuolo, il coltello no: no"". Ferruccio si lasciò dolcemente disarmare.",no,V1,no,high
Bandi_Giuseppe,Da_Custoza_In_Croazia_Memorie_D_Un_Prigioniero,1866,Bandi_Giuseppe-Da-Custoza-In-Croazia-Memorie-D-Un-Prigioniero-1866.txt,"… . Asciugai furtivamente una lagrima e calcai sugli occhi il keppy. Il quadrato si aperse e nuovamente s'avvicinò a noi il Colonnello, dicendo ci separassimo senza timore dai nostri feriti che nulla avevano da temere, e mandocci con Dio.",no,V1,no,high
Tenca_Carlo,La_Ca_Dei_Cani,1840,Tenca_Carlo-La_Ca_Dei_Cani-1840.txt,"Dicesi che l'armajuolo l'abbia ucciso.
- Ucciso, hai detto? E si ardisce qui, nella mia città, quando vi sono io, si ardisce di uccidere un cane?",no,V1,no,high
Negri_Ada,Le_Solitarie,1917,Negri_Ada-Le_Solitarie-1917.txt,"Le sembrava un estraneo, che dovesse fra alcuni istanti svoltar l'angolo della via piú vicina, per non ritornare mai piú.
  Sparire: non morire. Cos'era la morte? Aveva paura, lei, della morte.",yes,V1,yes,high
Campiglio_Giovanni,Uberto_Visconti,1831,Campiglio_Giovanni-Uberto_Visconti-1831.txt,"Che dico, anzi, non riuscirono a nulla? Il barbaro principe che pretendeva essere ne'suoi stati e Signore e Papa e divinità, quasi che que' due generosi frati avessero proferita un'eresia, loro destinò un rogo per letto, ed entrambi furono abbruciati. Tale era Bernabò Visconti, sotto il quale buona pezza rimase orba del suo pastore la Chiesa Milanese, poiché morto nel 1361 l'arcivescovo Roberto dal principe sì maltrattato come si è veduto, i due suoi successori, Guglielmo della Pusterla e Simone da Borsano, giammai non vennero ad occupare la sede sua, tanto poco sicura in tempi sì calamitosi; e solo dopo la rinunzia del secondo, nel 1376, potè venirvi Antonio de'Marchesi di Saluzzo, prima vescovo di Savona, avendo a ciò acconsentito , ad istanza del fratello , Bernabò.",no,V1,no,high
Bandi_Giuseppe,Da_Custoza_In_Croazia_Memorie_D_Un_Prigioniero,1866,Bandi_Giuseppe-Da-Custoza-In-Croazia-Memorie-D-Un-Prigioniero-1866.txt,"Scorsero pochi mesi e da Vienna fui mandato a Venezia. Cominciavano i primi moti del vostro risorgimento e per tutta Italia si gridava il nome del Papa come segnacolo di riscatto e di pace. Venezia m'apparve bella, e la vidi piena di popolo entusiasta e speranzoso.",no,V1,no,high
Butti_Enrico_Annibale,L_incantesimo,1897,Butti_Enrico_Annibale-L_incantesimo-1897.txt,"E, rimanendo, come avrebbe egli potuto evitare ogni occasione di ritrovo con le signore Boris e specialmente con Flavia, che forse ora, desiderandolo, lo avrebbe cercato? ‒ E pure questo era necessario e doveroso: necessario per la sua pace e per il suo avvenire; doveroso verso la giovinetta, che poteva illudersi su le sue intenzioni e soffrire immeritatamente per la sua debolezza. Ma se la nonna o l'abitudine o la sorte lo avessero ricondotto presso di lei? Se si fosse trovato un'altra volta solo con lei in uno di quei momenti di tristezza e d'abbandono, in cui non si risponde dei proprii atti e delle proprie parole?",yes,V1,yes,medium
Collodi_Carlo,Macchiette,1880,Collodi_Carlo-Macchiette-1880.txt,"Il povero Mario, confuso e sbalordito da tanta sfacciataggine, non sapendo più come difendersi, andò a prendere tremila lire, e consegnandole disse:
— Quando credi di potermele restituire?
— Questa è una cosa che riguarda me, e basta. Tu puoi insegnarmi il greco, il latino e magari anche le matematiche sublimi; ma graziaddio, non ho mai avuto bisogno di qualcuno, che venisse a insegnarmi a fare il galantuomo. XII
I ntanto passarono i giorni, le settimane, i semestri e l’annate, e del suo debito con Mario il barone non ne parlò più nè punto nè poco, come se invece di essere un debito suo, fosse stato un debito del viceré d’Egitto.",yes,V1,no,high
Carcano_Giulio,Damiano,1850,Carcano_Giulio-Damiano-1850.txt,"Gli ripetè di volere spartir con lui l'ultimo pane, che, quanto a lui, anche storpio d'un braccio, avrebbe saputo guadagnarsi. Gli disse ch'era necessario e giusto parlare a ogni modo con quel prete che aveva veduto negli ultimi momenti il povero signor Lorenzo; e Damiano promise di farlo. Di là eransi incamminati alla piazza Fontana; e Rocco, scorgendo l'amico così spossato, così malinconico, l'aveva condotto a fatica nell'osteria del Biscione, per offerirgli un boccone, un po' di brodo o, meglio, un buon bicchier di vino.",no,V1,no,high
Bandi_Giuseppe,Da_Custoza_In_Croazia_Memorie_D_Un_Prigioniero,1866,Bandi_Giuseppe-Da-Custoza-In-Croazia-Memorie-D-Un-Prigioniero-1866.txt,"Scosse la testa gravemente frate Erminio e disse «credo aver immaginata la ragione di procedere siffatto. È cosa da non buttarsi dietro le spalle, tanto più che potrebbe dar luogo a qualche scandalo e turbar la pace vostra e del paese.» -  Però il Capitano Vallner è uomo ragionevole, e ci conosciamo da ragazzi. Appianerò subito questa faccenda.  -   Ed alzatosi, avvicinossi senza cerimonie alla tavola degli ufficiali che lo accolsero festosamente e vollero bevesse ad ogni costo della loro birra.",no,V1,no,high
Dasti_Luigi,La_Capanna_Del_Vaccaro_Vol1,1846,Dasti_Luigi-La_Capanna_Del_Vaccaro_Vol1-1846.txt,"Carolina. Basta guardarti in viso per accertarsi, che
siete una buona, una eccellente Carolina !


i

Ah! io non mi dimenticherò più, di voi per tutta
la mia vita! Chi amando di rivolgersi per la
prima volta soavi parole dall'oggetto amato, im-
maginerà facilmente qual, fosse lo stato dell'anima
di Carolina in quell'istante.",no,V1,no,high
Caracciolo_Enrichetta,Misteri_Del_Chiostro_Napoletano,1864,Caracciolo_Enrichetta-Misteri_Del_Chiostro_Napoletano-1864.txt,"«Ferdinando non ebbe delle bombe che per isterminare i suoi sudditi, non parole cortesi, che per i nemici d'Italia. Insolente nella prosperità, e quando, e con chi poté esserlo impunemente; precipitò nella pusillanimità, quando lo prese il pericolo alla gola. Gli Stati Uniti dimandarono indebite indennità, ed ei pagò; l'Inghilterra gl'impose leonine condizioni per gli zolfi, ed ei le segnò; il Piemonte volle la restituzione del «Cagliari» ed ei la fece; Talarico (perfino Talarico!)",no,V1,no,high
Deledda_Grazia,Stella_d_oriente,1890,Deledda_Grazia-Stella_d_oriente-1890.txt,"Sin dal primo giorno del loro ritorno a Napoli avevano fatto il possibile per ritrovare almeno un indizio anche lieve di Stella, ma ahimè, non avevano scoperto nulla, assolutamente nulla…
I giorni, i mesi passavano e nessuna notizia della fanciulla veniva ancora. La marchesa, sperando sempre di ricevere qualche sua lettera, diceva quasi ogni giorno a Maurizio per confortarlo:
– Possibile sia tanto ingrata? No, sta pur certo, se non oggi domani Stella scriverà.",yes,V1,no,high
Deledda_Grazia,Stella_d_oriente,1890,Deledda_Grazia-Stella_d_oriente-1890.txt,"La rimise al suo posto, e ritiratosi nel suo studio lasciossi cadere su una sedia, stringendosi la testa in fiamme fra le mani e chiedendosi spiegazioni della fuga di Stella. Inutilmente! Egli non poteva darsene alcuna.",yes,V1,yes,medium
Dasti_Luigi,La_Capanna_Del_Vaccaro_Vol1,1846,Dasti_Luigi-La_Capanna_Del_Vaccaro_Vol1-1846.txt,"Egli con vera pena di spirito vedeva cambiarsi
l'antico sistema. Il solo nome di francesi era
capace di turbarlo; ora che li vedeva nella sua
bottega. sentivasi il fuoco nelle tasche. Egli non
sapeva poi immaginarsi come queli' ipocritone di
maestro Crispignano fosse cosi in relazione con
gente di tal fatta.",no,V1,yes,medium
Tenca_Carlo,La_Ca_Dei_Cani,1840,Tenca_Carlo-La_Ca_Dei_Cani-1840.txt,"Poltronacci traditori, sclamò il Duca, bel modo di guardare i miei cani! Ci vorrebbe ch'io vi facessi dar la corda, per servir d'esempio a tutti i gaglioffi pari vostri. Orsù, per ora resterete qui entrambi finchè non si sia rinvenuto il cane, o che abbiate sborsato i dodici fiorini d'oro.",no,V1,no,high
Butti_Enrico_Annibale,L_incantesimo,1897,Butti_Enrico_Annibale-L_incantesimo-1897.txt,"Non è che un attimo. Ella si solleva ritta sul busto e rimane seria e immobile a osservarlo dall'alto con un'espressione dura e quasi ostile di penetrazione. Su la sua fronte, dove i capelli più brevi insorgono come i raggi d'un barbaro diadema, un pensiero cupo e profondo si disegna nella profondità delle rughe.",yes,V1,yes,medium
Campanile_Achille,Giovinotti_non_esageriamo,1929,Campanile_Achille-Giovinotti_non_esageriamo-1929.txt,"Contrariamente a ogni logica previsione, quel lagaccio non pareva rallegrarsi di tali doni e di tante bellurie, e si manteneva tetro e imbronciato più che mai. Che diavolo gli era successo? Che aveva, in nome di Dio?",yes,V1,yes,high
Capuana_Luigi,Il_Marchese_Di_Roccaverdina,1901,Capuana_Luigi-Il_Marchese_Di_Roccaverdina-1901.txt,Egli non opponeva alle circostanze e alle impressioni sufficiente energia di resistenza. Non era dunque un Roccaverdina?... Ah!,yes,V1,yes,medium
Negri_Ada,Le_Solitarie,1917,Negri_Ada-Le_Solitarie-1917.txt,"Con la Cappio e con Mina, due altre donne, Romualda ch'era senza figliuoli e Barbarella che non aveva nessuno, erano rimaste intorno all'inferma. Piú nulla ormai era vivo di lei, se non un palpito impercettibile.",no,V1,no,high
Dandolo_Milly,Il_figlio_del_mio_dolore,1921,Dandolo_Milly-Il_figlio_del_mio_dolore-1921.txt,"Ella ripeteva col silenzio della bocca immobile, col palpito lento delle ciglia ombrose, ripeteva coll’anima la sua umile preghiera di scusa quando incontrava il passante dal viso fine che forse non riusciva a capire perchè mai sul viso della piccola amica le ciglia lunghe gettassero un’ombra mai veduta.
— Non sono io che voglio andarmene... Le pareva che la sua umile preghiera di scusa potesse avere una voce chiara e calda per lui che somigliava tanto al suo silenzio. Ma tutto restava come prima, tutto come era stato per tanto tempo.",yes,V1,yes,medium
Cagna_Achille_Giovanni,Un_Bel_Sogno,1871,Cagna_Achille_Giovanni-Un_Bel_Sogno-1871.txt,"Tu saresti stata la compagna di mia giovinezza, mia madre, la povera mia madre avrebbe benedetta in te una figlia. - Soli, lontani dal mondo, racchiusi nel nostro nido, avremmo trovata una felicità rara in terra. ""Sarebbe stato allora il mio compito di provvedere alla tua esistenza; avrei lavorato sino all'incredibile per procurarti tutti i comodi di una vita agiata. - Oh Laura, l'amore fa dei prodigi, ed io sento che con te sarei diventato grande. Qual dolce sogno, mio Dio!",no,V1,yes,medium
Collodi_Carlo,Macchiette,1880,Collodi_Carlo-Macchiette-1880.txt,"Il giorno dopo, all’ora fissata, uscì di casa per andare a vedere come stavano le finestre della signora Bita: ma non aveva fatto ancora quattro passi fuori della porta, che sentì gelarsi il sangue dalla paura. Lo sciagurato aveva veduto venirsi incontro un individuo, conosciutissimo in tutto il paese col soprannome di Uomo-colla, perchè era di quelli, che quando si attaccano addosso a qualcuno, non lo lasciano più! Iddio benedetto, appena ebbe creato la mosca, il tafano, l’esattore delle tasse e il principiante di violino, non parendogli di aver fatto abbastanza per la felicità del genere umano, volle creare anche l’Uomo-colla.",yes,V1,yes,medium
Campanile_Achille,Giovinotti_non_esageriamo,1929,Campanile_Achille-Giovinotti_non_esageriamo-1929.txt,"Per sempre. Per sempre. E così, nel gran salone luminoso e addobbato, di tanta festa, di tanto chiasso, di tanta vita, non restarono che pochi pezzi di legno, qualche rotula d’acciaio e quattro occhi di vetro, fissi e attoniti, che fissavano l’Autore.
“È finito” mormorò questi, vedendosi solo.",yes,V1,no,high
Dandolo_Milly,Il_figlio_del_mio_dolore,1921,Dandolo_Milly-Il_figlio_del_mio_dolore-1921.txt,"Estranei ed egoisti. S’accorse che aveva perduto tanto tempo in questi pensieri, e cominciò a moversi per la casa come tutto quel giorno, distrattamente. E s’accorse allora, per la prima volta, che non aveva niente da fare, e pensò quasi con irritazione che la sua vita era stupida.",yes,V1,no,medium
Butti_Enrico_Annibale,L_incantesimo,1897,Butti_Enrico_Annibale-L_incantesimo-1897.txt,"Quali? Egli non sapeva bene e non cercava di sapere. Egli aveva paura di inoltrarsi nel mistero del suo accasciamento; provava orrore solo a rivolgervi di sfuggita gli occhi dell'anima; evitava d'investigarsi, per la tema di precisare il fantasma, d'udire in fondo a sè l'eco d'una tremenda profezia.",yes,V1,yes,medium
Negri_Ada,Le_Solitarie,1917,Negri_Ada-Le_Solitarie-1917.txt,"La donnina biondetta, magretta, un po' incolore, ma soffusa d'una certa grazia fluida, si guardava nello specchio e si chiedeva: «Sono dunque cosí brutta, che nessuno mi ha desiderata, sinora?»
  Avrebbe vegetato cosí, sino alla vecchiaia? La casa: la serva: l'ometto nerastro tossicchiante su fasci di compiti e fitte pagine di volumi: le lunghe letture in solitudine: i ricami a punto inglese e qualche rara, modesta serata nel salotto della vicina del primo piano...
  Là, appunto, le era stato presentato l'uomo che pel primo le aveva detto: – Non ho mai visto un biondo cosí dolce come quello dei suoi capelli, signora.
  L'uomo che pel primo le aveva detto: – A nessuna donna ho tanto pensato nella mia vita, come a lei, signora.
  L'uomo che per primo e aveva dato un appuntamento: – Lunedí, alle tre. Si fidi, si fidi di me, signora.
  In piazza del Duomo poté, finalmente, balzare su un tram.",yes,V1,no,high
Baratono_Pierangelo,Bob_E_Il_Suo_Metodo,1914,Baratono_Pierangelo-Bob_E_Il_Suo_Metodo-1914.txt,"; un'altra voce, ma di uomo, chiese:  «Chi è?». Udì pure l'avvocato Umido, che gli mormorava all'orecchio:",no,V1,no,high
Dandolo_Milly,Il_figlio_del_mio_dolore,1921,Dandolo_Milly-Il_figlio_del_mio_dolore-1921.txt,"Benonì, il figlio del suo dolore. Se lo fece mettere vicino un momento, lo guardò, lo chiuse fra le sue braccia, piccolo, immobile, livido, morto. Nascendo, era morto; così si nasce, così si muore, qualche volta, nella vita.",yes,V1,no,medium
Deledda_Grazia,Stella_d_oriente,1890,Deledda_Grazia-Stella_d_oriente-1890.txt,"Ahimè! Ella non aveva trovato Stella! E Maurizio stava là, calmo, pensando forse alla fanciulla, alla loro felicità avvenire… Donna Anna pensò:
– Oh, che terribile colpo riceverà nel sapere la fuga di Stella!",yes,V1,no,medium
Rovetta_Gerolamo,Ninnoli,1882,Rovetta-Gerolamo_Ninnoli_1882.txt,"Solo!... solo!... sempre solo!... Eppure.... eppure sì, un compagno, un amico lo aveva anche lui! A questo pensiero balzò con un impeto improvviso fuori dalle coperte e venne giù e guardò e cercò sotto il letto..., ma invano!",yes,V1,yes,high
Negri_Ada,Le_Solitarie,1917,Negri_Ada-Le_Solitarie-1917.txt,"Povera donna! Non poteva vincere, dentro di sé, la penosa impressione di essere, nella casa del suo primogenito, quasi una serva – certo una tollerata.
  Ma Leonardo, dal grosso borgo dove aveva ottenuto un posto di maestro comunale, le scriveva: «Pazienza, mammetta! Presto vivrai con noi!…
  …Noi.",yes,V1,yes,medium
Chelli_Gaetano_Carlo,Fabia,1876,Chelli_Gaetano_Carlo-Fabia-1876.txt,"Dunque, non sei più certo di scrivermi ogni giorno? Sta bene. Già, il peggio è passato nel primo ritardo.",no,V1,no,high
Negri_Ada,Le_Solitarie,1917,Negri_Ada-Le_Solitarie-1917.txt,"Qual era la vera Anna Longhena? La presente o la scomparsa?
  — Mamma! – chiamò, sottovoce.
  Silenzio. Immobilità.
  E riposo: riposo perfetto.
  Nessuno spettacolo Veronetta aveva veduto sino allora, che le sembrasse cosí grandioso.",yes,V1,no,high
Rovetta_Gerolamo,Ninnoli,1882,Rovetta-Gerolamo_Ninnoli_1882.txt,"Cattivo! cattivo che sei!.... Non capisci mo'che sopporto la corte degli altri per nascondere la tua? - E con questa scusa, che pare buona per la grazia con cui sa dirla,",yes,V1,yes,medium
Campanile_Achille,Giovinotti_non_esageriamo,1929,Campanile_Achille-Giovinotti_non_esageriamo-1929.txt,"Povera Joséphine! Perdurando l’incertezza sui proprii sentimenti, nei riguardi degli undici innamorati, la ragazza s’era fatta monaca. Bella come un chèrubo, era entrata in un chiostro, le bionde chiome costrette dalle candide bende del sacrificio.",yes,V1,no,high
Negri_Ada,Le_Solitarie,1917,Negri_Ada-Le_Solitarie-1917.txt,"Ma la classe! i ragazzi! che peso, che catena, che galera! Rosanna, nella sua innocente semplicità, avrebbe voluto accogliere, fra materne carezzevoli braccia, quei ragazzi e quelle bambine che, per lei, erano senza maestra. Ah, ne avrebbe trovato, dell'amore, anche per loro!",yes,V1,yes,medium
Collodi_Carlo,Macchiette,1880,Collodi_Carlo-Macchiette-1880.txt,"Veduta in toeletta da mattina, pareva una cavalla inglese, da corsa, ritta sulle gambe di dietro. Portava sulle spalle una cinquantina di primavere… e nemmeno un fiore: voce baritonale, gesto eroico: un occhio solo, quello diritto: il mancino era chiuso da una tendina di seta verde, per causa di riparazione: capelli e barba grigia: e un paio di baffi, che la rendevano sacra e inviolabile come un articolo dello Statuto. Era stata sempre vedova — ed aveva una figlia di nome Vittorina.",yes,V1,no,high
Lombroso_Zefora_Gina_Elena,Profili_e_paesaggi_della_sardegna,1869,Lombroso_Zefora_Gina_Elena-Profili_e_paesaggi_della_sardegna-1869.txt,"Il bruno maritato allo scarlatto; un bosco di pini con una chiesuola ornata di terra cotta: un castagno indorato dal rosso d’un tramonto alpino! E questo basti per farvi venir la voglia di studiare cogli occhi vostri in Sardegna la bellezza degli acconciamenti femminili; a studiarla come pittore o come poeta; come etnografo o come un semplice curiosus naturæ.

Molti fra i viaggiatori della Sardegna, più maligni indagatori del male che sapienti osservatori, si guardano bene dall’ammirare la larga, la generosa ospitalità dei Sardi; e se voi insistete per avere da essi una pallida lode, vi rispondono sogghignando: Questa non è virtù ma è dovere dei più elementari; è questa una virtù selvaggia e che non prova altro se non lo stato bambino della civiltà di quell’isola. — Io invece che ingenuamente ammiro il bene dovunque lo trovo, io che ho trovato inospiti molti paesi selvaggi, non finisco nè rifinirò mai di ammirare la calda, la franca cortesia di quelli isolani; e se non cito nomi e se non ricordo squisitissime prove dell’ospitalità dei Sardi, è perchè avrei paura, tacendo qualche nome o qualche villaggio, di voler pagare colla penna un debito di riconoscenza che sarebbe poi coll’involontario silenzio un offesa per molti.",yes,V1,no,high
Caracciolo_Enrichetta,Misteri_Del_Chiostro_Napoletano,1864,Caracciolo_Enrichetta-Misteri_Del_Chiostro_Napoletano-1864.txt,"La tirai pel braccio, me la strinsi al seno, le diedi un bacio. In quell'amplesso, in quell'effusione di affetti, in quel bacio di concordia, la figlia del popolano e la figlia del signore formarono una sola persona! Mentre un giorno avveniva per le pubbliche vie uno di quelli irragionevoli allarmi, che in tempi di politici sconvolgimenti conturbano troppo di frequente la città di Napoli, io ed altre due monache, curiose di sapere il motivo per cui le porte e le finestre del vicinato si serravano con fracasso, ratte salimmo al campanile, dalla cui sommità si scorgono tutti i quartieri circonvicini.",no,V1,no,high
De_Marchi_Emilio,Arabella,1893,De_Marchi_Emilio-Arabella-1893.txt,"Negli ultimi anni aveva finito col cadere in mano ai preti; ma furba la sua parte, cresciuta com'era in mezzo agli affari, quando capì che i preti e il famoso avvocato Baruffa, tutta roba dei preti anche lui, miravano a tirare troppo l'acqua al loro molino, un bel dì mandò a chiamare il cugino e gli disse: ""Guarda un po', Tognino, io sono vecchia ma non voglio morire minchiona. Non ti pare che l'avvocato abusi della mia fiducia?"" Tognino non stentò a trovare capi d'accusa, si fece autorizzare e a poco per volta tolse di mano al Baruffa tutta l'amministrazione; non solo, ma gli fece capire che sarebbe stato utile alla sua fama e alla sua dignità di non opporsi alla volontà dei parenti: lo mise, insomma, delicatamente alla porta.",no,V1,no,high
Tenca_Carlo,La_Ca_Dei_Cani,1840,Tenca_Carlo-La_Ca_Dei_Cani-1840.txt,"Alzati, valent'uomo; se ciò che mi narri, è vero, ti sarà fatta giustizia, e vedrai se Barnabò permette soprusi nella sua corte. Girardolo, soggiunse poi volto al suo familiare, stacca quattro lance e mandale al Carobbio per cercarvi lo Scannapecore. Vogliamo un po' godercela con quel tristo.",no,V1,no,high
De_Roberto_Federico,L'Imperio,1929,De_Roberto_Federico-L'Imperio-1929.txt,"Col nuovo giorno la decisione doveva esser presa, irrevocabile. Egli sarebbe andato a uccidersi all'Eremitaggio, dinanzi allo spettacolo visto con lei, nel luogo dove ella gli aveva detto della donna cui unirsi: ""Cercatela"". Quella parola significava: ""L'avete qui, dinanzi a voi"".",no,V1,no,high
Deledda_Grazia,Stella_d_oriente,1890,Deledda_Grazia-Stella_d_oriente-1890.txt,"Maurizio pregò Stella di raccontargli la sua storia e siccome la piccina, non compresolo bene, cominciò a narrare una fiaba.
– C’era una volta un re il quale… – ne rise tanto e si spiegò. Stella, spalancò gli occhi. Ma che storia?… Ella non si ricordava di suo padre perché morto quando era piccina piccina: sua madre si chiamava Maria… Maria... non rammentavasi bene il cognome! giovine, buona, pallida pallida, cara cara… ..",yes,V1,no,medium
Deledda_Grazia,Stella_d_oriente,1890,Deledda_Grazia-Stella_d_oriente-1890.txt,"Stella?
– Scusino, mi è impossibile: ho da preparare i miei attrezzi…
Donna Anna le mise in mano una moneta, ma Stella arrossì e la respinse mormorando: – Grazie! Non ho bisogno di nulla! – Ma la marchesa, guardandole l’abito lacero insisté:
– Ci porterai del pesce.
– Mi pagherà allora… – rispose. Si faceva tardi davvero.",yes,V1,no,high
De_Marchi_Emilio,Arabella,1893,De_Marchi_Emilio-Arabella-1893.txt,"forse le cose sarebbero andate meglio"" ""Non si sa mai la storia delle cose che non sono accadute, ma è certo che io ho sofferto quando ho inteso che ne sposava un altro. Amen, lasciamo stare i poveri nostri morti e datemi notizie della vostra salute."" Il sor Galimberti in memoria del tempo passato aveva conservato della benevolenza verso le due ""beate"", che veniva di tempo in tempo a trovare, sicuro di bere un buon caffè con molto zucchero in fondo alla chicchera.",no,V1,no,medium
Baratono_Pierangelo,Bob_E_Il_Suo_Metodo,1914,Baratono_Pierangelo-Bob_E_Il_Suo_Metodo-1914.txt,"Parecchi lo avevano potuto vedere, mentre, circondato da un nugolo di marmocchi, impartiva loro misteriose lezioni. Che cosa insegnava ai suoi piccoli scolari, quali metodi didattici aveva escogitati? Buio pesto!",yes,V1,no,medium
Campanile_Achille,Giovinotti_non_esageriamo,1929,Campanile_Achille-Giovinotti_non_esageriamo-1929.txt,"Come mai? È presto detto. Il proprietario del caffè era un genialoide. Acquistato il locale in pessime condizioni, l’aveva condotto a una grande floridezza, mercé uno stratagemma: egli spediva ogni giorno, sulla scorta d’un elenco d’indirizzi, un centinaio di lettere anonime, così concepite: “Da molto tempo vi amo in segreto; sono giovane e, a quanto mi si dice, bella; volete concedermi la gioia d’un abboccamento?",yes,V1,no,high
Tenca_Carlo,La_Ca_Dei_Cani,1840,Tenca_Carlo-La_Ca_Dei_Cani-1840.txt,"Fin dal principiare di giugno erasi appiccato di nuovo il contagio in Lombardia più fiero e più crudele che nel passato; tanto che quasi due terzi degli abitanti n'erano periti. Al qual numero se si aggiungano i morti nella peste dell'anno antecedente, di leggeri si farà ragione dello squallore e della miseria di questa città. I provvedimenti dati dal duca Bernabò Visconti, anzichè scemare, accrebbero di gran lunga la desolazione di Milano, perocchè nell'anno avanti, appena si ebbe indizio di contagio, fuggissi tostamente nelle sue castella presso Marignano, e nella città comandò che fossero diroccate le case di tutti coloro che eran morti di contagio, senza riguardo per gli ammalati o pei sani che vi potevano essere.",no,V1,no,high
Saluzzo_Roero_Diodata,Novelle,1830,Saluzzo_Roero_Diodata-Novelle-1830.txt,"Nome diletto ai demoni Alice di Par... Non termina quel nome fantastico, che diviene forza ad Antonino il cessare subitamente dal canto. Si dividono gli uniti arazzi, una mano passa fra quelli, un piede largo e per anco solo s'inoltra sul primo quadrello; s'ode un respiro affrettato ed un passaggero fregamento di ruvido mantello.",no,V1,no,medium
De_Marchi_Emilio,Arabella,1893,De_Marchi_Emilio-Arabella-1893.txt,"La zia Colomba, che stava in sentinella, scese un pezzo di scala, abbracciò la signora e le sussurrò prima di entrare: ""Nunziadina non sa nulla. È un po' malata e l'ho persuasa a rimanere a letto. In ogni caso le diremo che Ferruccio ha dovuto partire.""",no,V1,no,high
De_Amicis_Edmondo,Cuore,1886,De_Amicis_Edmondo-Cuore-1886.txt,"E anch'io ho cambiato: son passato da soldato a rivenditor di legna. - E rideva. Il figliuolo gli domandò: - Se vi vedesse, vi riconoscerebbe? Egli si mise a ridere.  - Tu sei matto, - rispose. - Ci vorrebbe altro.",no,V1,no,high
Deledda_Grazia,Stella_d_oriente,1890,Deledda_Grazia-Stella_d_oriente-1890.txt,"Ma un fatto lo precipitò. Un distinto giovine di Napoli, il barone di R… innamoratosi perdutamente di Stella al punto di mettere sotto i piedi ogni pregiudizio di casta, perché nessuno ignorava l’origine della fanciulla, avevane chiesta la mano ai d’Oriente. Ne restarono contentissimi:",no,V1,no,high
Dasti_Luigi,La_Capanna_Del_Vaccaro_Vol1,1846,Dasti_Luigi-La_Capanna_Del_Vaccaro_Vol1-1846.txt,"Ergastolo, e ffno a notte avanzala lu-
multuarono con dolore, stupore e paura degli
abitantí più tranqui li. Alla fine contenti di questa
prima dimostrazione si sbandarono. Mecone, che
per la sua pinguedine e pel vino bevuto era sem-
pre rimasto alla coda della turba, e che in quel-
l'ora poleva appena più reggersi sulle gambe,
dette un addio a maestro Antonio, si mosse per
entrare in casa sua.",no,V1,no,high
Collodi_Carlo,Macchiette,1880,Collodi_Carlo-Macchiette-1880.txt,"Sofia — insistè la Volfanghi — io non voglio contraddirti, ma mi pare…
— Che cosa?.
— Mi pare che nei versi di Arturo si parli sempre di una donna dalle chiome nere come l’ala del corvo.
— Ebbene?
— Io ti ho conosciuta una volta che eri castagna scura.
— Tu sbagli, amica! Non è vero, colonnello?
— Mia moglie?… Mai castagna!
— Datevi pace, signora Sofia — disse sorridendo il dottor Leo — se fosse qui il professore Armandi vi proverebbe che la musa ispiratrice del marchese Arturo non siete voi… Sarebbe un’altra.
— E chi sarebbe quest’altra? — gridò la moglie del colonnello, quasi risentendosi di un’offesa.
— Il professore Armandi è inferocito come una tigre impagliata, e va raccontando a tutti che quei versi sono stati insidiosamente indirizzati a sua moglie.
— A chi? all’Ernesta? — ribattè la Sofia, dando in una gran risata. — In verità quell’asino di professore mi farebbe proprio ridere, se ne avessi voglia. Non dico che la sua moglie sia brutta, no!",no,V1,no,high
Cantoni_Alberto,L'Illustrissimo,1906,Cantoni_Alberto-L'Illustrissimo-1906.txt,"I due giovani non andavano punto d'accordo nelle massime e nel modo di pensare, è vero, ma erano giovani e si davano legalmente del tu. Le spagnolette crebbero presto di numero, e l'intero ed ultimo mese di lutto volse a buon fine senza che l'ombra del povero morto fosse mai evocata dal vivo; solamente Maria si faceva muta e mesta ogni qual tratto, e la sua mano carezzava lievemente il nero medaglione che le pendea dal collo. Un amore così muto, così placido, così gentile, era precisamente quel che ci voleva per Galeazzo, ed egli, a lasciarlo fare, sarebbe andato avanti così fino al giorno del giudizio; ma Donna Stella principiava a capire e, peggio ancora, principiava a spiegare; ma i comuni amici si pigliavano il gusto di sottolineare l'aspro nome del simpatico gentiluomo, e come due non bastassero, lo arricchivano spietatamente di una zeta di più.",no,V1,no,medium
Negri_Ada,Le_Solitarie,1917,Negri_Ada-Le_Solitarie-1917.txt,"Ma nel cervello i sogni continuavano a vivere di vita mirabile. Non potevano, quelle quattro pareti cosí spoglie, esser per lei tappezzate di arazzi, sfolgoranti di candelabri d'argento e d'oro?
  Solo che lo volesse, che lo pensasse: ed ecco: le vedeva cosí.
  Nella dolcezza del crepuscolo, appoggiata al balconcino di ferro che dava sul giardino, Veronetta inseguiva con occhi allucinati le figurazioni create dalla fantasia: alberi e cespugli, fiori e colonne, pietre e finestre, tutto la fissava con occhi umani, le parlava con voci umane.",yes,V1,yes,high
Cantoni_Alberto,L'Illustrissimo,1906,Cantoni_Alberto-L'Illustrissimo-1906.txt,"* *  * Dopo la fuga di Galeazzo, Costantina aveva dovuto disperarsi più volte pel vivacissimo scambio di lettere corse (adagino) fra Milano e Coronaverde. Prima Maria, rassicurata da Galeazzo, aveva risposto a Nunziata che per la balia si fidava di lei senza mandare a vederla; poi la vecchia aveva invitato il suo Illustrissimo alle nozze della propria figliuola, e poi Maria, colla scusa di accompagnare la balia, aveva invitato la sposa a Milano col marito, la madre, la futura cognata e la giovane bifolca; e finalmente Nunziata aveva promesso di venire bensì, ma di volo, perchè i suoi bachi stavano già per mutare la seconda volta. Se non che Piangi la lasciò ben bene predicare un pezzo, ma nel momento di partire, non ci fu verso di farlo rimovere. - Io ho da fare il viaggio di nozze?",no,V1,yes,medium
De_Roberto_Federico,L'Imperio,1929,De_Roberto_Federico-L'Imperio-1929.txt,"Certi giorni, dovendo discutere e decidere l'atteggiamento di tutta la studentesca a proposito di qualche avvenimento o cerimonia, l'Università diveniva teatro di pugne clamorose: volavano le sedie, i vetri cadevano infranti, guardie e soldati accorrevano: al loro apparire, mentre i riformisti protestavano e i repubblicani fischiavano, Federico si cavava il cappello. Una volta, ad un rivoluzionario il quale diceva: ""Mi farei tagliare piuttosto la mano, che stringer quella di un Re!..."" egli rispose: ""Io mi onoro di stringerla ad un questurino, e non ad un sovversivo"". Allora l'altro gli diede del ""birro dilettante"" e dell'""aspirante spia"": trattenuto dai circostanti, non potendo castigare immediatamente l'offensore, lo sfidò a duello.",no,V1,no,high
Collodi_Carlo,Macchiette,1880,Collodi_Carlo-Macchiette-1880.txt,"Oh lasciatemelo dire! L’uomo è molto migliore della sua reputazione! Tolto di mezzo il pensiero della cambiale, restava nel cuore di Mario un’altra spina e anche più acuta: la passeggiata misteriosa nel viale della Casina Verde…
— Voglio parlare con Matilde — disse fra sè e sè; — voglio interrogarla, scrutarla, notarne le parole, gli atti, i movimenti degli occhi e della fisonomia… Se la moglie è in peccato, un marito svelto se ne deve accorgere…
Detto fatto, si avviò verso le stanze della Contessa…
— La signora è sola? — domandò alla cameriera prima d’entrare.
— Nossignore.
— Chi c’è?
— Il capitano Torralba.",yes,V1,no,high
Negri_Ada,Le_Solitarie,1917,Negri_Ada-Le_Solitarie-1917.txt,"Gliela mostra, gliela fa decifrare. Al Comando? Sí, deve presentarsi nella stessa giornata, al Comando militare, per una notizia d'urgenza.
  — Io? ma come?",yes,V1,no,high
Campiglio_Giovanni,Uberto_Visconti,1831,Campiglio_Giovanni-Uberto_Visconti-1831.txt,"mi disse l'oste; crede ella che non vi sia la Giustizia in Genova per obbligar a pagare un cattivo debitore?  -  Io credo ci sia, gli risposi io; ma credo altresì che se io non sono morto di paura questa notte, tanti folletti sono venuti a prender possesso della mia camera, per quella paura stanimi bene di essere compensato, poichè tale affezione a' nervi sento che me ne venne, che certo per molto tempo non potrò lavorare; e se voi bestialmente negherete compensarmi, io spargerò per tutta Genova il grido che la vostra locanda si è tramutata in un albergo di spiriti.  -  Il povero uomo restò stupefatto ; ma quindi , malizioso e sospettoso come sono quasi tutti i locandieri, mi disse: Il vostro pretesto non vi varrà; voi volete ciurmarmi.  -  No sull'onor mio, gli risposi io, e se non mi credete, Antonio, vi farò toccare con mano la verità: questa notte venite meco nella mia camera e gli spiriti fra di loro voi udrete favellare.  -  L'oste allora, timoroso che ben vi fosse ne' detti miei verità, venne verso mezza notte meco nella mia camera, e spenti i lumi, di lì a qualche tempo io cominciai a far parlare come due folletti, quindi a farne intervenire un terzo, e stringendo la mano dell'oste che era meco, sentiva che al povero uomo tremava tutta la persona, e quindi pian piano meco conducendolo, e continuando a far dire qualche parola ai supposti spiriti, con lui venni fuori della camera e gli dissi : Udiste ora?  -  Il povero uomo gridò:  -  Io sono assassinato; che si fa ora, che si fa?  -  Ed io gli dissi: Se voi acconsentite di accordarmi il compenso che io vi chiesi per la sofferta paura, io vi dirò un buon rimedio che vi sgombri la camera e l'albergo da questa porcheria; e tacerò con ogni persona vivente l'accaduto. L'oste disse, che il doppio di quanto bramava dato mi avrebbe; ed io, promettendogli sulla mia fede di non dir nulla, avuto da lui il mio conto saldato, gli dissi, voi, messere, vi dovete comperare un bel corno, e porlo in qualche parte del vostro albergo che gli spiriti vorrebbero occupare ; tanto basterà per spaventarli e metterli in fuga: questo ho veduto con buon successo usare comunemente in Sicilia; e questo ed il mio silenzio salverai! la riputazione della vostra locanda.",no,V1,no,high
Negri_Ada,Le_Solitarie,1917,Negri_Ada-Le_Solitarie-1917.txt,"Quanto alla storia, ella non aveva mai saputo chiaramente distinguere Alboino da Teodorico, Pipino da Carlomagno, la Marchesana di Mantova da Caterina Riario-Sforza. Erano morti e sepolti, tutti coloro,",yes,V1,no,high
De_Roberto_Federico,L'Imperio,1929,De_Roberto_Federico-L'Imperio-1929.txt,"Era passato dalla fede positiva alla negativa, secondo l'efficacia dell'ultima lettura, l'umore dello spirito, il colore del cielo. Discutendo di queste cose, aveva dimostrato una grande arrendevolezza, una ragionevolezza larga; soltanto nel difendere un sistema politico era stato incrollabile!... Egli non dubitava ancora; ma, da quel giorno, si trovò naturalmente più disposto ad ascoltare le dimostrazioni di coloro che predicavano la fine delle antiche parti, la convenienza di un accordo formale come sanzione di quello sostanziale già riconosciuto.",no,V1,no,high
Caccianiga_Antonio,Il_Bacio_Della_Contessa_Savina,1888,Caccianiga_Antonio-Il_Bacio_Della_Contessa_Savina-1888.txt,"Sentivo dentro di me un bollore di sensazioni diverse, mille desiderii confusi, aspirazioni e bisogni contrari, e dovevo rinunziare ad ogni cosa. Amori sublimi ed eterei.... amplessi positivi e terreni, idealismo e realismo.... contessa e mugnaia, tutto m'era interdetto. La prima era troppo alta.... la seconda troppo bassa!... e così la sorte mi condannava a girare intorno al mio asse, sempre ad eguale distanza dal sole e dalla luna, perduto negli abissi dell'universo come un bolide.",yes,V1,yes,high
Butti_Enrico_Annibale,L_incantesimo,1897,Butti_Enrico_Annibale-L_incantesimo-1897.txt,"Aurelio uscì sotto il porticato, e si diede a percorrerlo da un capo all'altro, meditando. Una sorda inquietudine si moveva dentro di lui: le confidenze fatte da Flavia all'avola, le strane previsioni che questa n'aveva tratte, le punture benevolmente sarcastiche di lei turbavano profondamente il suo spirito, sempre vigile e sospettoso. ‒ Che c'era dunque già di segreto ne' suoi rapporti con la signorina Boris, perchè egli si sentisse offeso solo al pensiero che una terza persona n'era venuta a conoscenza? Da che aveva origine quel sentimento quasi di pudore, che lo aveva acceso ascoltando dalla bocca dell'avola le sue gesta innocenti della giornata?",yes,V1,yes,high
Cagna_Achille_Giovanni,Un_Bel_Sogno,1871,Cagna_Achille_Giovanni-Un_Bel_Sogno-1871.txt,"Questo pensiero non le passava neanche per la mente. A diciassette(21) anni la donna ama per amare; l'animo suo non ancora corrotto dal soffio delle passioni; risponde con entusiasmo alla prima parola d'amore che si sente mormorare. Per tutta la susseguente giornata Ermanno stette in preda ad un'agitazione febbrile; la musica non ebbe forza alcuna per distrarlo dalle sue dolorose meditazioni; infine dopo tanto riflettere, prese l'eroica decisione di non porre più piede in casa Ramati. - Egli aveva troppo bisogno della sua pace per non cimentarla dietro ad una folle speranza.",no,V1,yes,medium
Butti_Enrico_Annibale,L_incantesimo,1897,Butti_Enrico_Annibale-L_incantesimo-1897.txt,"Anzi, si volse sùbito verso Luisa, e si diede a parlarle di cose indifferenti, con un po' d'alterazione nell'accento e nei gesti.
‒ Avevamo deliberato di far due passi fino a Ceresolo; ‒ annunziò la signora Boris. ‒ Di giorno non si può uscire, per il caldo. Se non si approfitta della frescura della sera....
‒ È vero, non ci si muove più, ‒ s'affrettò a dire donna Marta. ‒ Io, per esempio, non so da quanti giorni resto chiusa in palazzo. Si rivolse quindi ad Aurelio, e chiese sorridendo:
‒ Se andassimo anche noi fino a Ceresolo?...
‒ Veramente ‒ mormorò il giovine, angustiato dalla proposta; ‒ mi pare un po' lunga la strada per te....
‒ Ma chè!",no,V1,no,high
Bersezio_Vittorio,La_Testa_Della_Vipera,1896,Bersezio_Vittorio-La_Testa_Della_Vipera-1896.txt,"L'uomo dissimulò il suo malcontento, e rispose facendo correre qua e là lo sguardo de' suoi occhietti inquieti: - A me importa di quel che dirà la gente!... Ma pure verrò. - Subito? - Sì. - Con me? - No, sarebbe villanìa partire senza una parola ai compagni. D'altronde ho qualche impegno...",no,V1,no,high
Castelnuovo_Enrico,Il_Fallo_Di_Una_Donna_Onesta,1897,Castelnuovo_Enrico-Il_Fallo_Di_Una_Donna_Onesta-1897.txt,"Gli è che siete pallida, che avete gli occhi pesti, che sembrate stanca, affranta.... - Oh insomma, corvo dalle male nuove, volete finirla? - ella interruppe alzandosi dalla sedia e avvicinandosi alla finestra. Egli pure si alzò e la seguì, le cinse amorevolmente con un braccio la vita, e poich'ella tentava ritrarsi - Non abbiate paura - le disse. - Dovreste esser persuasa che la mia affezione per voi è altrettanto disinteressata quanto profonda. La Teresa assentì con un cenno del capo. - Ebbene, in nome di quest'affezione, io non vi domando oggi che una cosa sola: curate la vostra salute.",no,V1,no,high
Dasti_Luigi,La_Capanna_Del_Vaccaro_Vol1,1846,Dasti_Luigi-La_Capanna_Del_Vaccaro_Vol1-1846.txt,"Mia carissima Carolina! E vorrai tu afflig,
gerti per questo? Credi tu che l'amor mio
quell' amore che ti ho già tante volte giurato, sia
per dileguarsi come nebbia allo spirare d'un ven
icello, se per ora avremo a separarci ?",no,V1,no,medium
Collodi_Carlo,Macchiette,1880,Collodi_Carlo-Macchiette-1880.txt,"Il Conte fu lì lì per proferire una parola orribile; ma si riprese in tempo. XIV
- D unque, capitano — diceva la Contessa al Torralba invitandolo a sedersi accanto a lei — dunque voi la credete una novellina?… Eppure vi sono persone benissimo informate, che mi assicurano, fra le altre cose, che Mario abbia regalato alla Selika due magnifici orecchini di brillanti…
— Non so nulla degli orecchini: so però che la Selika Sternach in questo momento è assediata dalla mattina alla sera da un vecchio principe russo.
— Oh! i vecchi si possono ingannare così facilmente!…
— Assai più facile ingannare i giovani.",no,V1,no,high
Viola_Ferretti_Emilia,A_quarantacinque_anni,1874,Viola_Ferretti_Emilia-A_quarantacinque_anni-1874.txt,"La contessa trovò ancora un pallido sorriso.
— Siete diffidente verso le persone della mia condizione?
— Sì, – rispose con semplicità l’avvocato. La contessa divenne pensosa e tornò a sedere al posto di prima assorta in mestissime riflessioni. Stette muta un pezzo, quasi avesse dimenticato la presenza di Marnieri o che l’esser lui presente non bastasse a toglierla a quei pensieri.",no,V1,no,high
Rovetta_Gerolamo,Ninnoli,1882,Rovetta-Gerolamo_Ninnoli_1882.txt,"Mai più?... - disse Lucia con un accento e una espressione che mostravano del rincrescimento sincero....
- Riparto questa sera per la Spagna.
- Ebbene, me ne dispiace molto, molto. -",no,V1,no,high
Barbieri_Ulisse,In_Basso,1885,Barbieri_Ulisse-In_Basso-1885.txt,gli chiese Fanny.  - No - rispose il marchesino alzatosi di soprassalto dal divano su cui stava come inchiodato. Il marchesino aveva aperto l'uscio e scendeva già i gradini della scala. ,no,V1,no,high
Lombroso_Zefora_Gina_Elena,Profili_e_paesaggi_della_sardegna,1869,Lombroso_Zefora_Gina_Elena-Profili_e_paesaggi_della_sardegna-1869.txt,Com’eran più belle quelle donne che le poche signore vestite alla parigina! Com’eran graziosamente montanare! Com’era artistica quell’interpretazione dei monti!,yes,V1,yes,high
Negri_Ada,Le_Solitarie,1917,Negri_Ada-Le_Solitarie-1917.txt,"Certamente piú artista nelle trine stupende, che nei disegni un poco duri. Anche i disegni, tuttavia, portavano il suggello della consanguineità: rassomigliavano a lei come certi figli, pur con linee diverse, riproducono la fisionomia della madre.
  Su ogni foglio era, con matita colorata, tracciato un fiore, o una fronda, o una gemma ancor chiusa nel leggero involucro primaverile: poi, la mano inquieta cercava, di fianco o piú sotto, di renderne, sola, la linea essenziale: amplificandola, intrecciandola a qualche altro motivo originale. Infine, la linea si determinava in figurazioni decorative, per stoffa, tappezzeria, merletto, affresco o vetrata.",yes,V1,no,high
Castelnuovo_Enrico,Il_Fallo_Di_Una_Donna_Onesta,1897,Castelnuovo_Enrico-Il_Fallo_Di_Una_Donna_Onesta-1897.txt,"Poi, con la testa arrovesciata sulla spalliera della seggiola, con le mani conserte in grembo, s'abbandonò ai pensieri, assai più tristi che lieti, che già da quindici giorni non le lasciavano tregua. Quindici giorni! Erano passati come un lampo, e il tempo che li aveva preceduti sembrava lontano d'un secolo.",no,V1,yes,medium
Negri_Ada,Le_Solitarie,1917,Negri_Ada-Le_Solitarie-1917.txt,"Non le pareva piú di camminare. Senz'avvedersene, aveva rallentato il passo. Ma i suoi piedi le appartenevano ancóra?",yes,V1,yes,medium
Butti_Enrico_Annibale,L_incantesimo,1897,Butti_Enrico_Annibale-L_incantesimo-1897.txt,"Aurelio rimase così, orfano e quasi miserabile, erede d'una secolare tradizion di grandezza, in faccia all'avvenire fosco e minaccioso. Il suo spirito si temprò nella sventura e nell'abbandono. Egli comprese sùbito che lo studio, solamente lo studio nei tempi nostri avrebbe potuto renderlo degno del suo nome e capace di riaccendere intorno a questo una nuova aureola di superiorità e di potenza.",yes,V1,no,high
De_Marchi_Emilio,Arabella,1893,De_Marchi_Emilio-Arabella-1893.txt,"Mamma Beatrice, ansante per le scale fatte in fretta e per l'emozione, si lasciò cadere sul divano, e facendo sedere la figliuola, aspettò che questa parlasse per la prima. La Colomba e Maria sedettero sulle poltroncine davanti. Nessuna osava rompere il silenzio e tutte avevan gli occhi su Arabella.",no,V1,no,high
Butti_Enrico_Annibale,L_incantesimo,1897,Butti_Enrico_Annibale-L_incantesimo-1897.txt,"Era chiaro: ella lo aveva voluto affliggere, offendere, umiliare, anche a prezzo d'una bugìa. Inviperita contro il nipote, perchè era sorto in difesa altrui a ribattere le sue accuse, ella aveva opportunamente usato di un argomento ad hominem per liberarsi con un sol colpo del molesto contradittore. Il fatto in sè non era grave, ma pur troppo non era nuovo né raro: quasi ogni giorno, o per un motivo o per un altro, ella trovava il modo di rivolgergli frasi consimili, in cui sempre l'identico sprezzo insisteva, come una nota tenuta a fondamento d'accordi diversi.",yes,V1,no,high
Baricelli_Carmela,I_Vinti_Ovvero_Il_Genio_Oppresso,1907,Baricelli_Carmela-I_Vinti_Ovvero_Il_Genio_Oppresso-1907.txt,"Non una parola di più, ed era la prima lettera che essa gli scriveva, dopo che l'aveva lasciato ai piedi del suo scalone, colle parole: «Ho bisogno di riposo per alcuni giorni, aspettate che vi chiami.» Pure quel foglietto roseo, dall'odor di giaggiolo, era suo: quelle righe le aveva vergate lei; quel suo nome, di cui egli empiva tutte le carte assorbenti, l'aveva scritto lei; che poteva pretendere di piùun povero innamorato come Valerio? Egli sorrise, prese un suo foglietto aristocratico, e scrisse: «Dolce stella della mia vita tribolata, luce della povera anima mia, verrò.",no,V1,yes,medium
Saluzzo_Roero_Diodata,Novelle,1830,Saluzzo_Roero_Diodata-Novelle-1830.txt,"Se m'ingannò la sfuggevole fantasia, sanami tu il pensiero agitato, ma se veracemente parlò la coscienza dei trascorsi eventi, chiedi, ed ottienmi tu ch'essa taccia, e non sorga invano dove nulla posso operare». Beatrice l'udiva, bassa la fronte, incrociate le mani, mentre egli seguendo narrava siccome agitato da torbidi sogni aveva poc'anzi udito suonare nella valle il canto degli spenti che domandava pietà. Né poteva la sventurata rispondere, né muovere passo, e soltanto ripeteva sommessamente: «Pietosissimo Iddio! non lasciare ch'egli mi chieda ciò che non potrei concedere senza morire!",no,V1,no,high
Butti_Enrico_Annibale,L_incantesimo,1897,Butti_Enrico_Annibale-L_incantesimo-1897.txt,"Come, come aveva osato persuadersi e compiacersi d'una simile supposizione? Non amava dunque sua madre? Non amava quella povera creatura, legata a lui dai più sacri vincoli di sangue e di consuetudine? ‒ Sì, certo, egli l'amava, l'amava sopra ogni cosa al mondo; avrebbe dato la vita per salvarla; sinceramente, sarebbe morto felice prima di lei, pur di non vederla morire!",yes,V1,yes,high
Butti_Enrico_Annibale,L_incantesimo,1897,Butti_Enrico_Annibale-L_incantesimo-1897.txt,"Se i Boris non arrivavano, io pensava già di ritornarmene a Milano, e al più presto!.... anche sola. Da vero non c'è una ragione perchè io vecchia e malata m'abbia sempre a sacrificare per te che sei giovine e stai bene. Ho poco da vivere, caro mio; e, quel poco, non lo voglio sciupare stupidamente in tanta malinconia e tanta noja, per farti piacere.....",no,V1,no,high
Emiliani_Giudici_Paolo,Beppe_Arpia,1851,Emiliani_Giudici_Paolo-Beppe_Arpia-1851.txt,"Pensa e ripensa, e dice fra sé: «Ma saranno essi? Ma sarebbe mai possibile? Non ci mancherebbe altro, sanguedimmio!",yes,V1,no,medium
Capuana_Luigi,Il_Marchese_Di_Roccaverdina,1901,Capuana_Luigi-Il_Marchese_Di_Roccaverdina-1901.txt,"Dopo, quando acquistai piena libertà... di fare a piacer mio, tante e tante cose erano mutate. Non vi vedevo più da un pezzo. Le nostre famiglie avevano cessato ogni relazione...",no,V1,no,high
Bandi_Giuseppe,Da_Custoza_In_Croazia_Memorie_D_Un_Prigioniero,1866,Bandi_Giuseppe-Da-Custoza-In-Croazia-Memorie-D-Un-Prigioniero-1866.txt,"E per vero sta bene agli uomini il giogo sul collo come basto al somaro. Accennatemi nelle istorie de' popoli un legislatore il quale abbia posto mano ad abbattere le macchine indegne della ipocrisia e della falsità, che la plebe matta non l'abbia tolto a sassate, o costretto a commentar colla sciabola le sue dottrine d'emancipazione? Mentre mi sto schiccherando queste poche pagine, la plebaglia di Palermo mette l'isola sossopra per lo sfratto intimato, e troppo tardi, ai frati che l'affamano e la tirano pel naso da secoli.",yes,V1,yes,medium
Butti_Enrico_Annibale,L_incantesimo,1897,Butti_Enrico_Annibale-L_incantesimo-1897.txt,"Valeva forse la pena di crucciarsi per quelle futili questioni? Non aveva egli altro di meglio e di più serio da pensare o da fare? Egli richiuse le persiane, e venne a sedersi d'avanti alla scrivania.",yes,V1,yes,high
Negri_Ada,Le_Solitarie,1917,Negri_Ada-Le_Solitarie-1917.txt,"Ma vorrei cominciare dal principio... Dio, che pena! Mio marito... come dire? si serviva di me; ma non mi amava.",no,V1,no,high
Campanile_Achille,Giovinotti_non_esageriamo,1929,Campanile_Achille-Giovinotti_non_esageriamo-1929.txt,"E voleva subito portare in trionfo il poeta. Ma questi fe’ cenno che non aveva finito e proseguì:  
Oh, non è un’algebra  essa, del resto,  nemmeno è sanscrito,  o palinsesto.

Se studiar vogliasi  con attenzion,  per tutti facile  arte è il pallon.
“Bene!” gridarono i dimostranti “portiamolo in trionfo!”
“Un momento,” disse Fagiolino “c’è dell’altro.”
Ottenuto il silenzio, riprese: 
Del calcio chiamasi  quello più usato,  del calcio libero  l’altro è chiamato.

Per essi nutronsi  forti passion,  ché graziosissima  arte è il pallon. Un uragano di applausi coronò la lettura di questi versi e già coppie di ascoltatori intrecciavano le mani, per farne seggiolini su cui portare in trionfo il poeta.",no,V1,no,high
Dandolo_Milly,Il_figlio_del_mio_dolore,1921,Dandolo_Milly-Il_figlio_del_mio_dolore-1921.txt,"La sera, quando sedeva dopo cena sotto la lampada, mentre suo padre leggeva e sua madre lavorava, alzava ogni tanto la testa, di colpo, guardava sua madre, poi suo padre, come per dire qualcosa, pallida, con le labbra semiaperte; poi guardava ancora sua madre; davanti a quel viso patito e grave l’espressione del suo viso si raddolciva, la bocca si chiudeva, la testa si riabbassava di più; pareva che non potesse parlare davanti a sua madre; a chiunque, a tutti, ma a sua madre no! Aspettava; i giorni passavano e il suo viso dimagrava, come se l’anima le togliesse a poco a poco la vita. L’estate era soffocante: ella soffriva il caldo in modo tale che non aveva più la forza di leggere, di suonare, di camminare: le pareva che se non avesse potuto passare quasi l’intero pomeriggio a letto sarebbe morta in poche ore di stanchezza, in silenzio.",yes,V1,no,high
De_Amicis_Edmondo,Cuore,1886,De_Amicis_Edmondo-Cuore-1886.txt,"Io gli diedi la chiavetta perché giocasse, egli s'inginocchiò a giocare, e non levò più la testa. Non l'avevo mai visto contento così. Sempre diceva: - Scusami, scusami, - a ogni proposito, facendoci in là con le mani, perché non fermassimo la macchina, e poi pigliava e rimetteva i vagoncini con mille riguardi, come se fossero di vetro, aveva paura di appannarli col fiato, e li ripuliva, guardandoli di sotto e di sopra, e sorridendo da sé.",no,V1,no,high
Capuana_Luigi,Il_Marchese_Di_Roccaverdina,1901,Capuana_Luigi-Il_Marchese_Di_Roccaverdina-1901.txt,"Hai tolto la vita a una creatura umana, hai fatto morire in carcere un innocente, e volevi goderti in pace la vita quasi non avessi operato niente di male! Ma lo hai visto: c'è stato sempre qualcuno che ha tenuto sveglio in fondo al tuo cuore il rimorso, non ostante tutto quel che tu hai fatto per turarti gli orecchi e non sentirne la voce. E questo qualcuno non si arresterà, non si stancherà, finché tu non abbia pagato il tuo debito, finché tu non abbia espiato anche quaggiù!...».",no,V1,yes,medium
De_Roberto_Federico,L'Imperio,1929,De_Roberto_Federico-L'Imperio-1929.txt,"Così ella era uscita dal Menestrello, dall'antro dove, per sua disgrazia, l'avevano attirata: antro, sì, con quale altro nome chiamarlo? Se ne appellava a Vietri: ""Voi che ci siete capitato, dite se è vero, se un galantuomo può restare in compagnia dei briganti..."" se ne appellava ai deputati vecchi i quali conoscevano quei ricattatori, raccontava cose vituperevoli che colmavano di sdegno l'animo di Ranaldi. Sfogandosi, la scrittrice aveva smesso di mangiare: il principe le presentò un piatto di paste perché si facesse la bocca dolce.",yes,V1,yes,medium
Negri_Ada,Le_Solitarie,1917,Negri_Ada-Le_Solitarie-1917.txt,"L'altra, no. Fuggiva, fuggiva dal controllo dispotico delle consuetudini, dei doveri. Avrebbe potuto fuggire da se stessa?
  S'era lasciata alle spalle la piazza del Duomo: rasentando, senza guardarlo, il possente fianco del tempio, aveva infilato il Corso, tra una fiumana di gente e un barbaglio di lumi elettrici.
  Lo smarrimento della stanchezza ingrandiva i suoi occhi fissi.",yes,V1,yes,high
Butti_Enrico_Annibale,L_incantesimo,1897,Butti_Enrico_Annibale-L_incantesimo-1897.txt,"Il proposito di rimettersi assiduamente al lavoro lo riempì di tedio e di freddo. L'imaginazione d'un possibile avvenire di gloria si trasformò subitamente in una visione certa di morte. ‒ A che avrebber dunque servito i suoi studii, le sue fatiche, le sue opere? E che cosa avrebbe potuto fare egli, solo sconosciuto povero fiacco, contro l'onda immane dei preconcetti, degli appetiti, delle ambizioni d'una folla innumerevole?",yes,V1,yes,high
Collodi_Carlo,Macchiette,1880,Collodi_Carlo-Macchiette-1880.txt,"Beati coloro che sanno scegliere la più corta e la meno noiosa!…
IV
U n altro dei tre amici del conte Mario, era il barone Cinagri, giovinetto bello come un Antinoo, leggiero come un dividendo della Banca del Popolo, povero nelle barbe come un municipio italiano. La statura forte e ben quadrata, la lingua sacrilega e tagliente, e, in ispecie, quell’aura popolare e cortigiana che accompagna quasi sempre i grandi rompicolli in mezzo all’odierna società, avevano fatto del barone un quissimile d’orco e di mangiabambini. Tutti ne dicevano male; tutti lo avevano a noia: ma tutti, per complimento o per prudenza, sorridevano compiacentemente alle sguaiate insolenze che fioccavano dalla sua bocca.",yes,V1,no,high
Viola_Ferretti_Emilia,A_quarantacinque_anni,1874,Viola_Ferretti_Emilia-A_quarantacinque_anni-1874.txt,"Si guardò ancora nello specchio e si vide decrepito! Avrebbe voluto prendere quel vecchio nel cristallo e batterlo e insultarlo; quel debole, quello stolido che alla sua età non aveva saputo tacere tre brevi parole! Eppure l’amava, l’amava.",yes,V1,yes,high
Bandi_Giuseppe,Da_Custoza_In_Croazia_Memorie_D_Un_Prigioniero,1866,Bandi_Giuseppe-Da-Custoza-In-Croazia-Memorie-D-Un-Prigioniero-1866.txt,"Fervorini, responsori, indulgenze plenarie, e tutto al più i numeri del lotto divinati nell'estasi onniveggente della preghiera! E i poveri gonzi per amore di questi bietoloni si mettono a repentaglio d'avere il malanno, e fanno quanto non farebbero se uno stormo di tedeschi ladri venisse a rubare loro e le mogli e le figlie! Strana contradizione, ma pure inevitabile, perchè gli uomini nascano cogli instinti della bestia, e bestie durino mentre non li rendano pietosi e ragionevoli i sapienti istituti della filosofia e della civiltà.",yes,V1,no,medium
Butti_Enrico_Annibale,L_incantesimo,1897,Butti_Enrico_Annibale-L_incantesimo-1897.txt,"Solamente l'acuta gola di Mergozzo, aperta incontro a Cerro, si vedeva inabissarsi verso le lontananze dell'orizzonte: e il suo aspetto era nebuloso, fantastico, sinistro, così sommersa nel vapor violaceo tanto più denso quanto lo spazio cresceva. Aurelio, il corpo rilassato su la rigida pietra, la testa appoggiata per inerzia alla muraglia, fu preso da uno strano senso di stanchezza e di malinconia al cospetto del paesaggio cupo e grandioso. Avveniva dentro di lui una di quelle rarissime crisi d'abbattimento, che tal volta piegavano e vincevano la sua forte fibra di lottatore.",no,V1,no,medium
Butti_Enrico_Annibale,L_incantesimo,1897,Butti_Enrico_Annibale-L_incantesimo-1897.txt,"Ahi, miserabile carne, eternamente schiava dei proprii istinti bestiali!.. ‒ Egli ora vedeva il destino della Vita in una vasta astrazione simbolica; vedeva il gran fiume scorrere, inarrestabile, a traverso il tempo, a traverso lo spazio. Una goccia scompariva assorbita dalle sabbie: altre gocce sopraggiungevano a colmarne la minuscola lacuna, a ingrossare il corpo delle acque, che scendeva sempre gonfio, tumultuosamente, verso la foce remota e sconosciuta. Chi s'accorgeva dell'umile goccia scomparsa?",yes,V1,yes,medium
Dandolo_Milly,Il_figlio_del_mio_dolore,1921,Dandolo_Milly-Il_figlio_del_mio_dolore-1921.txt,"La sua pensosa tranquillità si distraeva presto e la domanda non aveva risposta. Che gliene importava, in fondo? Ogni tanto, la sera, veniva qualche collega di suo padre.",yes,V1,yes,high
Barbieri_Ulisse,In_Basso,1885,Barbieri_Ulisse-In_Basso-1885.txt,"Io!... - Io?... chi?... - Dio?... il destino?... il fato?... nomi vaghi.... parole che nulla dicono, convenzioni create perchè le labbra possano pronunciare una parola. Eppure ad Arturo pareva di sentire una voce che rispondesse alle inquiete domande del suo pensiero: - Io.... che ti condussi a quella taverna - Io.... che ti feci incontrare quel fanciullo - Io.... che ti avvicinai a lui!... - Io.... per cui egli è ora tornato a te colla parola del conforto sulle labbra.",yes,V1,no,medium
Deledda_Grazia,Stella_d_oriente,1890,Deledda_Grazia-Stella_d_oriente-1890.txt,"Oh, che terribile demone mi tortura! Parlate, parlate, in nome del cielo, parlate e… abbiate pietà di me!…
E riaprendo il suo gran ventaglio nero si coprì con esso il viso sempre bianco, gelido, stirato…
Maurizio credeva di sognare. Vedeva quasi con paura quella figura che andava sempre più imbrunendosi alla luce giallognola della luna, quel fantasma bello, palpitante d’amore per lui, che piangente chiedevagli amore e pietà… e forse, in uno slancio di romanticismo, di commozione, l’avrebbe presa fra le sue braccia, baciandole i capelli d’oro, gridandole: t’amo! se davanti a sé, tra le fulgide trasparenze del glauco cielo, non avesse visto un altro fantasma molto più vago di quello, dall’abito di velluto bianco a fiorami color viola, la chioma fulva, gli occhi oscuri, brillanti di fulgidissima luce.",no,V1,no,high
Butti_Enrico_Annibale,L_incantesimo,1897,Butti_Enrico_Annibale-L_incantesimo-1897.txt,"La nobiltà non aveva più alcuna ragion d'essere, se non cercava di mantenersi immune dal contagio borghese, se non sapeva conservarsi estranea e indifferente al trionfo fittizio dei finanzieri e dei bottegai. Questi eran riusciti a usurparne le ricchezze? la nobiltà, per riconquistarle innanzi tempo, non doveva, no, cedere ad essi il più sicuro de' suoi privilegi: quello del nome e del sangue. Così l'Imberido aveva crudamente asserito in uno degli ultimi articoli pubblicati su la Rivista, che tante discussioni e tante critiche aveva sollevate tra i suoi stessi ammiratori.",yes,V1,no,high
Campanile_Achille,Giovinotti_non_esageriamo,1929,Campanile_Achille-Giovinotti_non_esageriamo-1929.txt,"Salomone si sentì pieno di malinconia e il suo pensiero volò al paesello lontano, che aveva lasciato per una pericolosa avventura. Per quale ragione, dopo tutto? Per correre dietro a una decina di scavezzacolli, che s’eran portata via l’automobile dei pompieri.",yes,V1,yes,high
Bini_Carlo,Manoscritto_Di_Un_Prigioniero,1833,Bini_Carlo-Manoscritto_Di_Un_Prigioniero-1833.txt,non ho neppur desinato! Non ho potuto veder desinare il Signore! E oramai chi sa se sono più in tempo!,no,V1,no,medium
Campanile_Achille,Giovinotti_non_esageriamo,1929,Campanile_Achille-Giovinotti_non_esageriamo-1929.txt,"Ma il pensiero del monocolo la fece nuovamente tornare sui suoi passi, allorché si ricordò di non avere i baffi. Corse ancora alla porta “Donne”; in un’ultima titubanza, si grattò il capo perplessa e s’accorse d’avere i capelli corti. Crudele situazione!",yes,V1,no,high
Butti_Enrico_Annibale,L_incantesimo,1897,Butti_Enrico_Annibale-L_incantesimo-1897.txt,"L'imagine della nonna, della sua seconda madre, ischeletrita dal morbo, disfatta dalla vecchiaja, dilaniata da continue angosce, gli si presentò d'avanti agli occhi dell'anima, come un'allucinazione. ‒ Le stimate del dolore erano omai impresse indelebilmente sul povero viso, ch'egli aveva veduto tante volte curvarsi su di lui, con tanta bontà, con sì amoroso struggimento, nei dì lontani! Certo: ella soffriva veramente durante quegli scoppii di collera ingiusta contro di lui; ed egli poteva rimanere impassibile e quasi irridere alle sue sofferenze! La nonna, la sua seconda madre si logorava di giorno in giorno, consumava in futili querimonie l'estreme energie, andava piegando a poco a poco verso la fossa; ed egli non sapeva trovar nulla in sè per renderle meno triste l'agonia, per infondere un'ultima gioja in quell'anima moribonda!",yes,V1,yes,medium
De_Amicis_Edmondo,Cuore,1886,De_Amicis_Edmondo-Cuore-1886.txt,"Quello, e non altro, egli domandava a noi in ricambio di tanto affetto e di tante cure! E ora mi pare che lo rivedrò sempre così in quell'atto, quando mi ricorderò di lui, per molti anni; e se quando sarò un uomo, egli vivrà ancora, e c'incontreremo, glielo dirò, di quell'atto che mi toccò il cuore; e gli darò un bacio sulla testa. * * *  Addio  10, lunedì  * * *  Al tocco ci ritrovammo tutti per l'ultima volta alla scuola a sentire i risultati degli esami e a pigliare i libretti di promozione.",no,V1,no,high
Butti_Enrico_Annibale,L_incantesimo,1897,Butti_Enrico_Annibale-L_incantesimo-1897.txt,"Aurelio sorrise sùbito del suo stupore ingiustificato e del suo atto repentino: la sola enunciazione della cosa gli parve così enorme e quasi così assurda che assunse, nel suo spirito calmo e sereno, aspetto ridicolo.
«Che cosa buffa, la vita!» egli si disse, sogghignando e scotendo il capo: «Sposarla?! In verità, basterebbe quest'unica prospettiva a tenermi recluso nella mia camera per un anno intero!»
Il suo pensiero, abituato alle gravi meditazioni, parve sdegnare l'argomento che non era a bastanza serio e positivo; si distrasse per qualche istante nella contemplazione delle cose remote, del lento declinare dei colli dalla parte d'Arona, dove il lago sembrava allargarsi infinitamente come un mare morto. Il vento cessava: le barche calavano le vele a una a una, malinconicamente, e prendevan da lontano l'apparenza d'insetti bizzarri che camminassero a passi faticosi sul piano delle acque.",no,V1,no,high
Rovetta_Gerolamo,Ninnoli,1882,Rovetta-Gerolamo_Ninnoli_1882.txt,"Appena l'Aimoni ritornò tranquillamente al suo posto, Menico disse a chi lo circondava, ansando forte e ancora tremante, che era stato la vittima di un'aggressione bella e buona, e che quell'altro, per fare a lui quella partaccia, doveva essere o matto o ubbriaco; perchè, in fin dei conti, se avevano mandato al diavolo i tedeschi, era perchè ognuno voleva avere la libertà dei propri atti o per lo meno delle proprie opinioni. Ghegola, si sa, dei tedeschi non ne aveva certo mandati al diavolo per detto e fatto suo; ma intanto anche lui aveva preso parte ai plebisciti!...",yes,V1,no,high
Collodi_Carlo,Macchiette,1880,Collodi_Carlo-Macchiette-1880.txt,"Paolo, senza neppure voltarsi, riconobbe subito che quella mano apparteneva a suo padre. Oh! la voce del sangue! Lo stupore fu grande: ma bisogna dire che lo spasimo fosse grandissimo, perchè il giovinetto, invece di restare attonito e senza parole, lasciò andare una di quelle interjezioni, che non si trovano scritte in nessuna grammatica, e che si imparano soltanto dalla viva voce dei ragazzi di strada.",yes,V1,yes,high
Deledda_Grazia,Stella_d_oriente,1890,Deledda_Grazia-Stella_d_oriente-1890.txt,"Ora Ellen riposava mollemente sovra il suo letto, sul cui fondo rosa spiccava il suo abito bianco, le mani incrociate sul petto, fra un nembo di rose, amaranti ed eliotropi che profumavano l’atmosfera della camera indorata dai raggi del sole - quel sole che illumina sempre con la stessa gajezza la gioia e il dolore…
La morta, bianchissima in viso, senza un muscolo, una fibra, contratta, pareva una sposa addormentata, e solo i ceri che Mary aveva disposto e acceso intorno al letto, toglievano la illusione della vita… Oh, se Maurizio avesse visto quella scena di morte, così straziante nella sua calma, si sarebbe maledetto lui, causa involontaria di tanta sciagura! Anche l’uomo inginocchiato davanti alla morta aveva il viso bianchissimo come lei. I suoi lineamenti finissimi parevano scolpiti nel marmo, e i suoi grandi occhi neri alla Romana, i piccoli baffi bruni, la sua bella capigliatura oscura, divisa ad un lato della testa da una sottile scriminatura, spiccavano vieppiù sopra la sua nivea carnagione.",yes,V1,yes,medium
Butti_Enrico_Annibale,L_incantesimo,1897,Butti_Enrico_Annibale-L_incantesimo-1897.txt,"Donna Marta, uscita da una famiglia di borghesi intraprendenti, avrebbe voluto che Aurelio, dappoichè non era più ricco, avesse esercitata una professione lucrosa, approfittando della sua laurea in giurisprudenza e delle sue attitudini oratorie. Gli studii e il lavoro di lui eranle per ciò più intollerabili dell'ozio medesimo; e non poteva trascurare un'occasione di rammentarglielo. Mentre l'avola lo rimproverava, il giovine mangiava silenziosamente, scambiando a intervalli un'occhiata con l'amico.",yes,V1,no,high
Rovetta_Gerolamo,Ninnoli,1882,Rovetta-Gerolamo_Ninnoli_1882.txt,"La piazza era diventata tutta bianca e co' suoi pallidi riflessi rischiarava tristamente il vasto squallore di quella notte d'inverno. Il portico soltanto era illuminato da una lucerna che pendeva giù dall'architrave, e dalla luce viva che si diffondeva al di fuori dai cristalli delle grandi portiere del caffè. Che cosa fare?...",yes,V1,yes,high
De_Marchi_Emilio,Arabella,1893,De_Marchi_Emilio-Arabella-1893.txt,"""Non sai che mia cugina abbia sottoscritta una carta?"" ""Gesù, come posso saper io..."" ""Vuoi guadagnare qualche cosa subito?",no,V1,no,high
Viola_Ferretti_Emilia,A_quarantacinque_anni,1874,Viola_Ferretti_Emilia-A_quarantacinque_anni-1874.txt,"E l’avvocato chinò daccapo la testa su quell’altra testolina nera, che cominciava a destarsi da una convulsione di pianto, e sorbì la dolce fragranza di quelle trecce scure, guardò come trasognato la bianca fronte appoggiata al suo abito umido di lagrime e pensò che non aveva mentito. Oh no, le aveva detto il vero lui, l'uomo di quarantacinque anni! Un sorriso sardonico, pieno di dolore e d’ira, sconvolse tutta la sua fisonomia, l’alterò, l’invecchiò.",yes,V1,no,medium
Butti_Enrico_Annibale,L_incantesimo,1897,Butti_Enrico_Annibale-L_incantesimo-1897.txt,"Uno sguardo, un sorriso, una lacrima. Allora un nuovo fantasma si disegnò terribile nell'oscurità d'avanti a lui. La figura di donna Marta, stesa sul letto, supina, con la faccia sconvolta, con i capelli irti e dispersi, con la bocca vacua, con la pupilla fissa a un segno inconoscibile tra le palpebre socchiuse, riapparve.",yes,V1,no,high
Campanile_Achille,Giovinotti_non_esageriamo,1929,Campanile_Achille-Giovinotti_non_esageriamo-1929.txt,Non potettero far nulla. Tutti i giocatori erano più veloci del pallone. Davano un calcio e arrivavano prima loro che il pallone.,no,V1,no,high
Negri_Ada,Le_Solitarie,1917,Negri_Ada-Le_Solitarie-1917.txt,"I comignoli e i cornicioni dei tetti serbavano un purpureo riflesso di sole, mentre le vetrine e i marciapiedi accendevano i loro strani fiori di cristallo. Tram carichi di gente passavano scampanellando, suscitando dalle rotaie scintille azzurre súbito spente.
  E carrozze e automobili e biciclette e carri: a Maria Chiara pareva di veder tutto per la prima volta. Quanta vita!",yes,V1,no,high
De_Amicis_Edmondo,Cuore,1886,De_Amicis_Edmondo-Cuore-1886.txt,"Tutti stettero zitti. - Domanda perdono, - disse il Direttore a Garoffi. Garoffi, scoppiando in pianto, abbracciò le ginocchia del vecchio, e questi, cercata con la mano la testa di lui, gli carezzò i capelli. Allora tutti dissero: - Va', ragazzo, va', torna a casa! - E mio padre mi tirò fuori della folla e mi disse strada facendo: - Enrico, in un caso simile, avresti il coraggio di fare il tuo dovere, di andar a confessare la tua colpa? - Io gli risposi di sì.",no,V1,no,high
De_Marchi_Emilio,Arabella,1893,De_Marchi_Emilio-Arabella-1893.txt,"""Non è la prima volta che offro la mia casa a dei bravi giovani. Quest'inverno ci ha dormito anche il marchesino e non si è trovato male. Già, intesi: io non posso offrire di più che una coperta.""",no,V1,no,high
Deledda_Grazia,Stella_d_oriente,1890,Deledda_Grazia-Stella_d_oriente-1890.txt,"E quegli occhi Maria li vide fissare su lei uno sguardo da serpente ammaliatore. Il giovine vestiva un elegante e ricco costume da caccia in velluto verde, e le canne del fucile che teneva ad armacollo luccicavano tanto che Maria dovette abbassare gli sguardi al loro splendore: così almeno ella credette. Ma li rialzò tosto, li abbassò ancora, li alzò per la terza volta e alla fine li chiuse… Tramontato il sole, il fucile non luccicava più: perché dunque Maria aveva chiuso gli occhi?",yes,V1,yes,medium
Rovetta_Gerolamo,Ninnoli,1882,Rovetta-Gerolamo_Ninnoli_1882.txt,"Non c'è dubbio, la casa della contessa è a dieci passi, lui è a venti, e prima non lo aveva veduto. Ad ogni costo vuol sapere come sta la faccenda, e si affretta per raggiungere quell'altro.
- Capitano!",yes,V1,no,high
Negri_Ada,Le_Solitarie,1917,Negri_Ada-Le_Solitarie-1917.txt,"E mi presi, infine, per provare, un amante. Oh, la gioia d'ingannare mio marito, di raggirarlo col raggiro che lui stesso mi aveva rinfacciato, d'abbassarmi al livello delle cattive donne alle quali mi aveva tante volte, ingiustamente, paragonata! Non per amore, sapete?",no,V1,yes,high
Butti_Enrico_Annibale,L_incantesimo,1897,Butti_Enrico_Annibale-L_incantesimo-1897.txt,"Flavia, il dramma terribile a cui abbiamo assistito insieme; dovresti rammentare le mie lacrime e le mie disperazioni, che non ho cercato di nasconderti; dovresti rammentare l'ultimo gesto della mia povera mamma, quando morendo riunì le nostre mani sul suo cuore.... Non sono, lo sai, nè un uomo perverso nè un fanciullo esaltato. Quei lugubri ricordi, a cui si lega indissolubilmente il nostro amore, ti dovrebbero persuadere ch'io non posso illudermi e non saprei ingannarti.",no,V1,no,high
Campanile_Achille,Giovinotti_non_esageriamo,1929,Campanile_Achille-Giovinotti_non_esageriamo-1929.txt,"Si lavano la faccia? No. Quando entrano nel mare ed hanno l’acqua a un’altezza sufficiente, per prima cosa fanno...",yes,V1,no,medium
Butti_Enrico_Annibale,L_incantesimo,1897,Butti_Enrico_Annibale-L_incantesimo-1897.txt,"Sorrise debolmente (oh, quel sorriso non era, non era di questa vita!). Poi, avendo chiusi gli occhi, con un atto repentino avvicinò le mani di Flavia e d'Aurelio, le riunì sopra il suo cuore, ritirò le sue con lenta precauzione, e parve assopirsi sotto il calore di quel nodo di giovinezza ch'ella medesima aveva voluto stringere in un estremo risveglio della coscienza. I due giovini, chini su di lei, non si guardarono: stettero immobili, compresi come dalla solennità d'un rito religioso.",yes,V1,yes,high
Butti_Enrico_Annibale,L_incantesimo,1897,Butti_Enrico_Annibale-L_incantesimo-1897.txt,"Flavia o un'altra? Era Flavia, non poteva esser che Flavia. Grandi fatti erano avvenuti, che ora non rammentava più; ed egli l'aveva sposata!...",yes,V1,yes,medium
Barbieri_Ulisse,In_Basso,1885,Barbieri_Ulisse-In_Basso-1885.txt,"Eppure una risoluzione bisognava prenderla, ed egli non poteva restare lì.... inerte, dinanzi alla certezza del pericolo, rappresentato troppo evidentemente dalla presenza del puntarolista in quel luogo. Era solo?... C'erano altri.... con lui?...",yes,V1,yes,high
Rovetta_Gerolamo,Ninnoli,1882,Rovetta-Gerolamo_Ninnoli_1882.txt,"Perchè non ero ubbriaco, perchè non sono un mascalzone come quell'altro, perchè sono una persona educata!...
- Hai paura!... Hai paura di batterti!...",no,V1,no,medium
Baratono_Pierangelo,Bob_E_Il_Suo_Metodo,1914,Baratono_Pierangelo-Bob_E_Il_Suo_Metodo-1914.txt,"Bob lasciò all'assemblea il tempo di sfogarsi, poi riprese a parlare  - D'accordo. Orazio, benchè fosse un poeta, aveva compreso.",no,V1,no,medium
Campanile_Achille,Giovinotti_non_esageriamo,1929,Campanile_Achille-Giovinotti_non_esageriamo-1929.txt,"Nulla vietava che lo fosse, infatti. Maldacea abbassò l’arma e se ne stette zitto, insieme con gli altri, sul vascello dai lumi spenti, ad aspettare che i doganieri se ne andassero.
 
I pirati canticchiavano a mezza voce:
“È caduta la luna in mezzo al mare...”
* * * Ora, è fuor di dubbio che i doganieri non avrebbero mai scoperto la nave buia, se Fagiolino non avesse commesso un’imprudenza.",yes,V1,no,high
Deledda_Grazia,Stella_d_oriente,1890,Deledda_Grazia-Stella_d_oriente-1890.txt,"Non poteva abbandonare il remo ché sarebbero annegati e vedeva Donna Anna, là, stesa, stecchita come morta, in fondo alla barca, in un orribile bagno. E dire che si trovavano a due o tre metri dalla riva!
– Aiuto! Aiuto! – urlò il marchese.",yes,V1,yes,high
Cantoni_Alberto,L'Illustrissimo,1906,Cantoni_Alberto-L'Illustrissimo-1906.txt,"Siete di casa? - No, pur troppo. Ma lavoro anch'io un'altra piccola pezzuola di terra del conte di Buggerate. - Di chi? - domandò Galeazzo pigliandolo scherzosamente pel coppino. - È il suo nome. Non ne ho già colpa io, - rispose l'altro, ripetendosi, come quello che era in buona fede, all'usanza di tutti i contadini, quando storpiano i nomi del prossimo. - Vado.",no,V1,no,high
Campanile_Achille,Giovinotti_non_esageriamo,1929,Campanile_Achille-Giovinotti_non_esageriamo-1929.txt,"Buon viaggio.”
“Grazie, buona permanenza.”
“Saluti a tutti!”
“Altrettanto.”
“E torni fra poco.”
 
Il guardasala prese a sventolare il fazzoletto, piangendo; e rinnovò i saluti al passaggio di tutti i partenti, aggrappandosi ora all’uno ora all’altro.
“Coraggio!” dissero i nostri amici, abbracciandolo più volte.
“Io non dovevo fare questo mestiere,” ripeteva il foratore dei biglietti, tra i singhiozzi “sono troppo sensibile.”
Era vero. Il brav’uomo era un guardasala sentimentale; messo all’ingresso della stazione per forare i biglietti dei viaggiatori, non mancava di commuoversi al passaggio di tutti i partenti, col risultato di far perdere il treno a una quantità di persone. Fino al giorno in cui, in seguito a molti reclami, la direzione delle ferrovie intervenne energicamente, passando il sensibile funzionario al lato arrivi.",yes,V1,no,high
Dandolo_Milly,Il_figlio_del_mio_dolore,1921,Dandolo_Milly-Il_figlio_del_mio_dolore-1921.txt,"La penombra si addensò ad un tratto o così parve a lui che chiuse gli occhi tendendo le braccia a traverso l’inferriata, aspettando le piccole lunghe mani che si fermarono nelle sue, ma fredde come la morte nelle sue che bruciavano. Tacquero così a lungo ch’ella vide l’ombra scendere sul deserto e sul silenzio. Perchè nessuno veniva e nessuno parlava?",yes,V1,yes,medium
De_Marchi_Emilio,Arabella,1893,De_Marchi_Emilio-Arabella-1893.txt,"""Sarà effetto del legnetto allora,"" soggiunse il delegato con un riso grasso in fondo alla gola ""ma un caffè come il vostro non lo si beve nemmeno al Cova. Quando sarò in punto di morte vi farò avvertire, perché io credo che questo aiuti a salvar l'anima."" ""Lei vien giovane e grasso tutti i giorni e parla di morire.",no,V1,no,high
Baricelli_Carmela,I_Vinti_Ovvero_Il_Genio_Oppresso,1907,Baricelli_Carmela-I_Vinti_Ovvero_Il_Genio_Oppresso-1907.txt,"Conseguito il successo, che ancor tutti si aspettano da voi, ci sposeremo subito, affinchè nessuno si accorga o sappia della vostra caduta finanziaria. Intanto, guai se alcuno saprà qualche cosa de' fatti vostri: salite più presto che potete la somma vetta della gloria, sulla quale sta la mia mano di sposa per voi; ma guardatevi, Valerio, guardatevi da altre cadute di qualunque genere. Poi, un'altra condizione: non dovete più opporvi alla riuscita a deputato di Xenio; giacchè l'elezione non è possibile per voi, lasciate sgombra la via a lui, egli ci potrà essere utile in avvenire. - A quel nome, Valerio si sentì rimescolare il sangue; a quell'ingiunzione ebbe una vampa di nuova ribellione al cervello; ma ormai le commozioni, succedutesi nell'animo suo quella sera, l'avevano esausto d'ogni forza morale, ed Armida era quel momento così bella, così seducente, così generosa, ch'egli non ebbe più il coraggio d'irritarla; però, abbassò il capo per ringoiare una lacrima di amarezza.",no,V1,yes,medium
Campanile_Achille,Giovinotti_non_esageriamo,1929,Campanile_Achille-Giovinotti_non_esageriamo-1929.txt,"Eri un mascalzone, eri una gran birba, ma ci eravamo affezionati a te. Salomone si volse al vecchietto, ma era avvenuto un fatto molto strano: benché la porta e le finestre fossero ermeticamente chiuse, il vecchietto era scomparso.
 
E nella sala, s’era diffuso un puzzo di zolfo e di bruciaticcio.1
Frattanto, il secondo misterioso personaggio, che non aveva ancora parlato, si volse al primo e chiese:
“L’incontro fra lei e quel tale in tram, non avvenne per caso a Milano?”
“Per l’appunto” rispose il primo.
“Oh, caro,” fece il secondo, abbracciandolo “quel tale sono io.”
Il primo sconosciuto si volse a Salomone:
“Allora,” disse, aggrottando le ciglia “non era lei?”
Salomone divenne rosso fino alla cima dei capelli.
“Impostore!” gridò l’altro. “Vada via di qua.”
Il sindaco uscì mogio mogio. Rimasti soli nel salone, i due vecchi amici dettero la stura ai ricordi.",yes,V1,no,high
Capuana_Luigi,Il_Marchese_Di_Roccaverdina,1901,Capuana_Luigi-Il_Marchese_Di_Roccaverdina-1901.txt,"A quegli insinua: ""Ammazza!"". A uno: ""Fornica!"". A un altro: ""Tradisci!..."".",no,V1,no,high
Castelnuovo_Enrico,Il_Fallo_Di_Una_Donna_Onesta,1897,Castelnuovo_Enrico-Il_Fallo_Di_Una_Donna_Onesta-1897.txt,"Quella almeno ci difende delle tentazioni... E i figli, che àncora di salvezza! Guardando, di là dai vetri, la luna che discendeva sull'orizzonte, la Teresa pensava che anch'ella avrebbe potuto avere un figliuolo di poco minore di Guido di Reana... avviato forse nella stessa carriera, imbarcato forse sullo stesso legno col grado di guardia marina.",no,V1,no,high
Butti_Enrico_Annibale,L_incantesimo,1897,Butti_Enrico_Annibale-L_incantesimo-1897.txt,"Io sono diverso, sostanzialmente diverso da codesta gente borghese, che pecca per debolezza e si rinfranca per viltà. Altro sangue scorre nelle mie vene; e altra legge presiede alla mia condotta. Se un giorno per disgrazia dovessi trovarmi legato a Flavia da una promessa, da una semplice confessione d'amore, saprei senza dubbio sopportarne con dignità qualunque conseguenza...",yes,V1,no,high
Campanile_Achille,Giovinotti_non_esageriamo,1929,Campanile_Achille-Giovinotti_non_esageriamo-1929.txt,Nuotano? Bevono? Corrono?,yes,V1,yes,medium
Baricelli_Carmela,I_Vinti_Ovvero_Il_Genio_Oppresso,1907,Baricelli_Carmela-I_Vinti_Ovvero_Il_Genio_Oppresso-1907.txt,"Perdonate, Bianca, ad un povero uomo, il quale non sa che di carta e stracci. La giovane non capì gran che del discorso di Delfi, ma fu contenta che egli si fosse tranquillato, disponendosi a lasciarla in pace; perciò gli stese la mano in segno d'amicizia. L'industriale avrebbe voluto mangiarsela quella manina candida che si nascondeva tutta nella sua grossa, ma si accontentò di stringerla come in una carezza, poi le chiese di nuovo scusa, e se ne andò.",no,V1,yes,medium
Bandi_Giuseppe,Da_Custoza_In_Croazia_Memorie_D_Un_Prigioniero,1866,Bandi_Giuseppe-Da-Custoza-In-Croazia-Memorie-D-Un-Prigioniero-1866.txt,"Quanto diversamente non sarebbe terminato il giorno di Custoza, se dieci o dodici battaglioni fossero stati condotti a rinforzare il Pianell nella sua mossa tanto bene intesa ed opportuna! In una parola; si attaccò una battaglia campale colla testa nel sacco, e dopo averla perduta se ne esagerarono le conseguenze peggio che si fosse trattato della rotta di Canne. Si volle fuggire per 10 giorni, mentre si poteva star fermi ed attenuare o mascherare almeno agli occhi d'Italia e del mondo lo scacco matto ricevuto con tanta innocenza.",yes,V1,no,medium
Butti_Enrico_Annibale,L_incantesimo,1897,Butti_Enrico_Annibale-L_incantesimo-1897.txt,Che cosa aveva egli fatto? Non sapeva. Sapeva di non aver veduto una faccia amica durante quel tempo; di non aver pensato una volta al suo lavoro; d'aver vissuto una vita fantastica e contemplativa nell'immobilità morale d'un Asiatico in aspettazione del Nirvana. «A che combattere?,yes,V1,yes,medium
Emiliani_Giudici_Paolo,Beppe_Arpia,1851,Emiliani_Giudici_Paolo-Beppe_Arpia-1851.txt,"Dopo poco si riprova di rialzare gli occhi e rifissarli piú attentamente sopra i due compagni di viaggio, e vede o gli par di vedere... Dio santissimo!... Un orribile tremito repentino gli assale tutta la persona, appena ha forza di rialzarsi, e rasentando l'orlo della nave come un uomo che brancichi al buio, si strascina al suo stanzino e vi si richiude.",yes,V1,yes,medium
Baricelli_Carmela,I_Vinti_Ovvero_Il_Genio_Oppresso,1907,Baricelli_Carmela-I_Vinti_Ovvero_Il_Genio_Oppresso-1907.txt,"Non so nulla io; i conti li trovai perfettamente in regola; non mi devi nulla sull'azienda chiusa, ma la rovina deve essere caduta sui tuoi figli. Parla tu, non mi dissero nulla loro; parla tu, li salveremo, se siamo ancora a tempo; pensa che sei dinanzi ad un fratello, non ad un giudice; sgravati dunque la coscienza! Tuo figlio muore.",no,V1,no,high
Butti_Enrico_Annibale,L_incantesimo,1897,Butti_Enrico_Annibale-L_incantesimo-1897.txt,"Avrebbe forse dovuto vederle ogni giorno per casa, conversare con loro, accompagnarle nelle passeggiate, sacrificare in somma una certa parte del suo tempo prezioso per non incorrere nella taccia di scortese e d'incivile? Tutto ciò lo sgomentava, quasi come l'aspettazione d'una probabile avversità. E non era tanto l'idea (già per lui così grave) del tempo disperso, d'un ozio obbligatorio, che più l'angustiava: era anzi quella d'un'assidua domestichezza con la Donna, con questo essere inferiore e ammaliante ch'egli non conosceva per pratica ma aveva teoricamente giudicato come il più terribile nemico della personalità, il dèmone simbolico della Specie che distrugge l'individuo.",yes,V1,yes,high
Negri_Ada,Le_Solitarie,1917,Negri_Ada-Le_Solitarie-1917.txt,"Ignorava, a dir vero, come fosse l'amore. Per questo voleva conoscerlo. Diceva a se stessa: «O oggi o mai piú».",yes,V1,no,high
Deledda_Grazia,Stella_d_oriente,1890,Deledda_Grazia-Stella_d_oriente-1890.txt,"E chi lo sa! Tutti i grandi uomini, da Dante a Byron! piansero a quest’ora e piansero d’amore!»
Questo passo, che lessi nel giornale di una fanciulla innamorata, mi venne al pensiero, e dal pensiero scivolò alla penna, mentre stavo per cominciare la seconda par-te di questo modesto racconto. Perché infatti era l’imbrunire che precedeva la notte in cui Stella doveva lasciar la Mambrilla.",yes,V1,no,high
Campanile_Achille,Giovinotti_non_esageriamo,1929,Campanile_Achille-Giovinotti_non_esageriamo-1929.txt,"In tutta la casa non c’era più nessuno. Tutto era in ordine, ma nemmeno un segno di vita: vuote le sale, deserti e muti i corridoi, abbandonata l’anticamera. Pian pianino, i due amici scesero la scalèa deserta, aprirono il pesante portone e sgusciarono fuori.",no,V1,no,high
Dandolo_Milly,Il_figlio_del_mio_dolore,1921,Dandolo_Milly-Il_figlio_del_mio_dolore-1921.txt,"Egli era tanto commosso quel giorno. Perchè? Perchè somigliava a Lalage, perchè lui pure non viveva la vita reale, e quando gli avveniva di prendervi parte era turbato ed inetto; per lui, come per lei, l’azione più semplice della vita reale appariva d’una gravità enorme.",yes,V1,yes,high
Bandi_Giuseppe,Da_Custoza_In_Croazia_Memorie_D_Un_Prigioniero,1866,Bandi_Giuseppe-Da-Custoza-In-Croazia-Memorie-D-Un-Prigioniero-1866.txt,"Sarei stato costretto a farmi capire co' cenni, quasi uscissi dalla scuola de' sordomuti. Mentre s'ammanniva la cena non potemmo resistere alla curiosità di far conoscenza col paese e cogli abitanti che ne avrebbero ospitato Dio sa per quanti giorni. Infilammo la lunga strada di cui si compone il villaggio d'Herzogemburg e quella percorsa due o tre volte, guardando ad una ad una le finestre e le botteghe, facemmo sosta in una birreria.",yes,V1,yes,medium
Butti_Enrico_Annibale,L_incantesimo,1897,Butti_Enrico_Annibale-L_incantesimo-1897.txt,"Le tenebre eran fitte sotto il portico.... si vedeva soltanto, dall'altro lato, fumigare il lucignolo votivo d'innanzi all'icona miracolosa.... Aurelio si diresse risoluto verso la porta della scala.... discese brancicando fino al cortile.... l'attraversò a passo concitato, senz'accorgersi dell'acqua che gli pioveva in testa... Anelante, con le arterie che gli battevan su le tempia quasi colpi di martello, entrò nella sala da pranzo ch'era buja, fredda, umida come una grotta.",no,V1,yes,high
Chelli_Gaetano_Carlo,Fabia,1876,Chelli_Gaetano_Carlo-Fabia-1876.txt,"Ah, si fa presto a dire: mi batterò alla pistola, per essere ucciso, o per farsi cacciare in prigione, se si uccide. Ma, e la donna che si dice di amare, e da cui si è tanto amati, non esiste più per nulla?» proseguiva Fabia con un sorriso da spaventare.",no,V1,no,high
Negri_Ada,Le_Solitarie,1917,Negri_Ada-Le_Solitarie-1917.txt,"Quando il denaro c'è, bisogna contarlo, sorvegliarlo, muoverlo perché renda ed aumenti, trattarlo come cosa viva che può guastarsi, sfuggire, morire.
  Costruttore e schiavo della propria sostanza, l'amava per se stessa, solida, piena, accortamente disposta e collocata. E finalmente, sicuro del fatto suo, era tornato al paese. Avrebbe, lí, comperato un vecchio lanificio (perché no, se fosse possibile, quello di Pietro Oddo, ov'egli aveva lavorato in giovinezza?) – e l'avrebbe rifatto, ampliato, reclutando operai, raddoppiando e perfezionando il macchinario, rinsanguando l'industria.
  Pietro Oddo, vecchio e stanco, senza figli maschi che potessero succedergli nell'azienda, gli avrebbe forse ceduto volentieri la fabbrica, a buone condizioni.
  E tentò.
  Una domenica, tre o quattro giorni dopo l'arrivo di Marco, due uomini, seduti l'uno di fronte all'altro nello studio a pian terreno dello stabilimento, combatterono ad armi uguali, con pacata cordialità.",yes,V1,no,medium
Capuana_Luigi,Il_Marchese_Di_Roccaverdina,1901,Capuana_Luigi-Il_Marchese_Di_Roccaverdina-1901.txt,"Si fa così, gran mago? Evocate compare Santi Dimauro!... Evocate Rocco Criscione!...",no,V1,no,high
Capuana_Luigi,Il_Marchese_Di_Roccaverdina,1901,Capuana_Luigi-Il_Marchese_Di_Roccaverdina-1901.txt,"Per questo avevo giurato, alzando la mano dritta davanti al Crocifisso!... E ora, me ne vado!... Mi scoppiava il cuore, se non parlavo!...",no,V1,yes,high
Bersezio_Vittorio,La_Testa_Della_Vipera,1896,Bersezio_Vittorio-La_Testa_Della_Vipera-1896.txt,"bisogna mandar lui al diavolo; bisogna cacciarlo ad ogni costo. Scuotiti, esci, vedi della gente, cerca svaghi. Emilio crollò le spalle. - Gli è trovarne degli svaghi che mi par difficile...",no,V1,yes,medium
Dandolo_Milly,Il_figlio_del_mio_dolore,1921,Dandolo_Milly-Il_figlio_del_mio_dolore-1921.txt,"Si guardava le mani magre: come era mutata in poco tempo! Per tanti anni era vissuta silenziosamente, crescendo e allungandosi come un fiore; c’era stata davvero in lei come la vita del fiore, vita leggera di tessuto morbido e umido; i suoi piedi non facevano rumore, i suoi capelli erano profumati: era così leggera che si sarebbe potuto prenderla, stringerla, sciuparla, lacerarla, come si fa coi fiori. Era stato così, le avevano fatto così e ora si curvava e appassiva: ora il sole la disseccava, la bruciava.",yes,V1,yes,medium
De_Boni_Filippo,L_Inquisizione_E_I_Calabro_Valdesi,1859,De_Boni-Filippo_L-Inquisizione-E-I-Calabro-Valdesi_1859.txt,"Ora tal famiglia è Gennaro
Genero Antonio
giustiziato

Giovene Bart.
s'ignora la fine
Confiscati i beni. nel 1562 casa vuota
Giovene Giovanni

giustiziati

Giovene Marco



Giovene Martino



Giovene Paolo
impiccato
Confiscati i beni. I Giovene sussistono


Guglielmetto Andrea

giustiziati
Confiscati i beni. Il cognome sussiste
Guglielmetto Dragonello



Guglielmetto Jacopo



Guglielmetto Lorenzo e



Guglielmetto Guglielmina, sua moglie



Guglielmetto Michele



Guglielmetto Onorato



Guglielmetto Pietro



Lausa Bernardo

giustiziati
Confiscati i beni del primo.",no,V1,no,high
Deledda_Grazia,Stella_d_oriente,1890,Deledda_Grazia-Stella_d_oriente-1890.txt,"Povera Maria, doveva essere il suo Satana, colui! Eppoi?... Formerebbe da sola un romanzo tutta quella storia, se raccontata minutamente… Don Francesco veniva ogni notte sotto la finestra di Maria, e Maria cominciò dal socchiudere leggermente le imposte per sentire viemeglio quella voce tremula che metteva il suo cuore in fiamme, e finì con l’affacciarsi interamente, forse convinta di non esser veduta fra l’oscurità della notte interlunare.",yes,V1,yes,medium
Butti_Enrico_Annibale,L_incantesimo,1897,Butti_Enrico_Annibale-L_incantesimo-1897.txt,"Oh, il tempo, il tempo! Come l'aveva mutata! Come l'aveva distrutta!",yes,V1,yes,medium
Campanile_Achille,Giovinotti_non_esageriamo,1929,Campanile_Achille-Giovinotti_non_esageriamo-1929.txt,Il primo a togliere il fastidio fu il pirata Maldacea. Povero vecchio! Egli volle tornare ad essere il flagello dei mari.,yes,V1,no,high
Dandolo_Milly,Il_figlio_del_mio_dolore,1921,Dandolo_Milly-Il_figlio_del_mio_dolore-1921.txt,"Pare che ti vengano su dall’anima...»
Allora si portava agli occhi, alla bocca, le ciocche dei suoi capelli, e li baciava, li bagnava di sudore, carezzandosene il viso, il collo; le pareva di sentire le mani di lui fra i suoi capelli, che movevano e stringevano i suoi capelli. Ed era forse quel sole, quel calore, che la faceva vivere in un’ebrezza di sogni impossibili, che non erano i sogni della sua adolescenza, nè i sogni dei suoi libri. Anche la notte l’ombra della sua stanza era calda e pareva un sole senza luce.",no,V1,yes,high
Barbieri_Ulisse,In_Basso,1885,Barbieri_Ulisse-In_Basso-1885.txt,"Egli, figlio d'un brigante che fu colonnello sotto il cardinal Ruffo, onorato della protezione speciale di due papi, egli si sentiva brigante, ed un brigante, inteso il mestiere a modo suo, non doveva essere nè un manutengolo, nè un ladro. Quelle pianure immense, quei boschi di faggi, quei monti, quelle vallate, risvegliavano nel suo animo altri sentimenti. Essere leone od aquila, era essere qualche cosa!",no,V1,yes,high
Caracciolo_Enrichetta,Misteri_Del_Chiostro_Napoletano,1864,Caracciolo_Enrichetta-Misteri_Del_Chiostro_Napoletano-1864.txt,"Giunto il momento del distacco, quest'amico inseparabile non sa persuadersi che conviene dalla diletta padroncina inevitabilmente disgiungersi. Più caldo nell'affetto suo che non sono gli stessi genitori, li lascia volgere il tergo a ciglia asciutte, e quando nel parlatorio non ravvisa più l'oggetto della sua devozione, si mette a guaire lamentevolmente, come per supplicare la giovinetta ad affrettare il ritorno. Non avendo i cani accesso nel convento, il frate portinaio lo discaccia a calci; ma l'animale, indifferente ai maltrattamenti che riceve, ratto ritorna al sito ove ha veduta l'amica per l'ultima volta, ed ivi, sdraiato sul lastrico del portico, intirizzito dal freddo, non fa che ululare a segno da straziar le viscere.",no,V1,no,high
Baricelli_Carmela,I_Vinti_Ovvero_Il_Genio_Oppresso,1907,Baricelli_Carmela-I_Vinti_Ovvero_Il_Genio_Oppresso-1907.txt,che cos'ha vostro padre; è ammalato? - Sì! - E non mi diceste mai nulla? Perchè? perchè non mi si dice nulla?,no,V1,no,high
De_Roberto_Federico,L'Imperio,1929,De_Roberto_Federico-L'Imperio-1929.txt,"perché?... Per ragioni molto semplici che egli aveva comprese, che Mazzarini gli aveva confermate, che tutti realmente sapevano ma che non bisognava riconoscere ad alta voce: perché l'indisciplinatezza della Sinistra rendeva impossibile la durata d'una maggioranza di governo, e necessario l'accordo con altre parti della Camera: perché i conservatori, disperando di riafferrare il potere per le vie dirette, erano i soli capaci di venire a quell'accordo, mediante compensi. ""Nessuno abbandona il proprio posto; nessuno vuole uccidersi moralmente!...",yes,V1,yes,high
Butti_Enrico_Annibale,L_incantesimo,1897,Butti_Enrico_Annibale-L_incantesimo-1897.txt,"Il suo dolore si dissipava inutile e indifferente nell'impassibilità dello spazio, come quello d'un qualunque bruto ferito a morte in una foresta!... Egli, certo, avrebbe potuto spegnersi così, senza che un'anima buona fosse accorsa in suo aiuto, senza turbare con il suo gemito indistinto la gioja romorosa di coloro che gli eran vicini!.... Impeti subitanei di collera sorgevano nel suo spirito a ogni scoppio d'ilarità nella stanza contigua; supremi abbattimenti lo prendevano appena l'ira cessava.",yes,V1,no,medium
Butti_Enrico_Annibale,L_incantesimo,1897,Butti_Enrico_Annibale-L_incantesimo-1897.txt,"Le sue speranze distrutte, il suo amore respinto, la coscienza del suo avverso destino lo lasciavano freddo e impassibile, com'esse non riguardassero più la sua persona, ma bensì un'altra ch'egli aveva già amata ed ora a pena ricordava. Che gli importava di Flavia? Che parte rappresentava ella nella sua vita?",yes,V1,yes,high
Negri_Ada,Le_Solitarie,1917,Negri_Ada-Le_Solitarie-1917.txt,"Da quando non s'erano rivisti? Dal giorno avanti? No, da vent'anni.",yes,V1,yes,medium
Bandi_Giuseppe,Da_Custoza_In_Croazia_Memorie_D_Un_Prigioniero,1866,Bandi_Giuseppe-Da-Custoza-In-Croazia-Memorie-D-Un-Prigioniero-1866.txt,"La quale è dovuta, a senno di tutti, alla mancanza d'un valente ammiraglio; nè ammiragli o generali valenti giacciono per le ceste de' ferravecchi. E i fatti cantano chiaro più che gallo sull'alba. E perchè mai furon tenuti inoperosi i volontarj mentre si arrischiava l'armata in mezzo al quadrilatero, per espugnare posizioni il nome delle quali suonava così nefasto per noi?",yes,V1,yes,medium
Emiliani_Giudici_Paolo,Beppe_Arpia,1851,Emiliani_Giudici_Paolo-Beppe_Arpia-1851.txt,"Ritornò dall'Amalia: la sua apparizione nella stanza della povera inferma era sempre come un raggio di sole che penetri in un luogo buio: questa volta la sua letizia era tanta, che ne provocava il consentimento anche ne' cuori meno disposti ad accoglierla. Amalia, rispondendo vezzosamente al saluto, esclamò: - Come sei bella stamani, Adelina! - E non è anche nulla; aspettate un poco e vedrete! - O che c'è egli di nuovo? - Una cosa di nulla! Il conte, il sor Roberto garbato or ora viene a chiedervi perdono. - Ei viene! - S'e' viene?",no,V1,no,high
Bersezio_Vittorio,La_Testa_Della_Vipera,1896,Bersezio_Vittorio-La_Testa_Della_Vipera-1896.txt,"domandò egli con inquieta premura. - Nulla, nulla; rispose Matilde, gettandosi all'incontro del padre, e quasi cercando impedirlo d'inoltrarsi. Perchè sei venuto?... Scendere così di letto è un'imprudenza...",no,V1,no,high
Deledda_Grazia,Stella_d_oriente,1890,Deledda_Grazia-Stella_d_oriente-1890.txt,"Ma niente ancora… La sua voce perdevasi nel fragore della tempesta. La barca affondava sempre: la marchesa non dava segno di vita, a Don Francesco sanguinavano le mani.
– Aiuto! Aiuto!",yes,V1,no,high
Rovetta_Gerolamo,Ninnoli,1882,Rovetta-Gerolamo_Ninnoli_1882.txt,"Raiberti me lo ha assicurato mezz'ora fa. Raiberti era un buon diavolo, ma chiacchierava troppo. Esso raccontò alla marchesa l'esclamazione di Gino al sentire che Giulia era vedova, la confusione delle parentele; raccontò tutto, in una parola.",yes,V1,no,high
Rovetta_Gerolamo,Ninnoli,1882,Rovetta-Gerolamo_Ninnoli_1882.txt,"Adesso anche egli ghignava; l'ora tanto aspettata, sognata, era giunta. Che importava a lui della palla che gli bruciava nel petto?... Il marchese di Tracy pareva un gigante di granito.",yes,V1,yes,high
Negri_Ada,Le_Solitarie,1917,Negri_Ada-Le_Solitarie-1917.txt,"Giovanna Làrici, il cui marito, emigrato da anni nel Canadà, non aveva piú dato novella di sé; e Maria Bulca, la vedova d'un muratore, che le era stato portato a casa su una barella, con le reni fracassate per una caduta dall'alto d'un'impalcatura.
  Avrebbe pianto, lei? No. Non conosceva, lei, suo marito.",yes,V1,yes,high
Deledda_Grazia,Stella_d_oriente,1890,Deledda_Grazia-Stella_d_oriente-1890.txt,"Chi?… Stella baciare un altro uomo. Stella che lui amava freneticamente, che causava tanta tempesta all’anima sua? Prima l’avrebbe uccisa, avrebbe commesso cento… mille delitti!",yes,V1,yes,high
Butti_Enrico_Annibale,L_incantesimo,1897,Butti_Enrico_Annibale-L_incantesimo-1897.txt,"La corona degli Imberido pesò su la tua testa più grave d'una maledizione!» E, poichè nelle ultime parole della vecchia eran passate le imagini atroci che ne avevan già insanguinata la memoria, più profonda risorse in lui la pietà per quella fragile donna a cui gli eventi avevano riserbato d'assistere alla fine di tre generazioni d'uomini amati, spenti tutti nel fior degli anni da una stessa tragica sorte. In che dramma luttuoso doveva risolversi per lei il dolce idillio sbocciato per incanto, tra i sogni ribelli e i propositi guerreschi, nel piccolo giardino di casa Imberido, profumato dalle rose e dagli aranci! Là, ella aveva visto il padre e colui, che sarebbe poi divenuto il suo sposo, stringersi la mano in un patto di fratellanza mortale.",yes,V1,yes,medium
Deledda_Grazia,Stella_d_oriente,1890,Deledda_Grazia-Stella_d_oriente-1890.txt,"Ruggero trasalì, e alla gioia che provava se ne aggiunse un’altra: la speranza che Stella non amasse più Maurizio, perché, altrimenti, perché e come avrebbe ella accettato il suo amore? Stella intanto, a fronte alta, la mano di donna Morella fra le sue, raccontava il suo passato, senza nasconder nulla. Solo, all’ultimo, disse, come anch’essa sforzavasi a crederlo, di non amar più Maurizio, che come sorella; e la speranza che nutriva di amar Ruggero al più presto possibile.",yes,V1,no,medium
Baratono_Pierangelo,Bob_E_Il_Suo_Metodo,1914,Baratono_Pierangelo-Bob_E_Il_Suo_Metodo-1914.txt,"L'avvocato Umido, piuttosto, non si sarebbe più raccapezzato, se avesse visto Bob uscir di teatro con gli occhietti maliziosi scintillanti di gioia e fermarsi in contemplazione dinanzi a un pacifico farmacista, mormorando fra i denti: - Non se l'aspetta, certo, la cuccagna, quello lì. Se gli chiedessi una percentuale?",no,V1,no,high
Caracciolo_Enrichetta,Misteri_Del_Chiostro_Napoletano,1864,Caracciolo_Enrichetta-Misteri_Del_Chiostro_Napoletano-1864.txt,"Mi ritrovai giacente a terra, colle membra peste, abbattuta, oppressa, fiaccata più ancora nello spirito che nelle membra. Cento tristi pensieri, cento timori, a me ignoti fino a quel punto, presero a funestarmi lo spirito, a conturbarmi la coscienza. Avvistami l'evasione non essere che un riparo provvisorio, giacché la polizia m'avrebbe presto o tardi rintracciata, pensai che il trafugarmi sarebbe stato un partito tanto vano, quanto pure stolto e dannoso, e mi parve d'essermi ostinata troppo in un sistema di folle resistenza.",no,V1,no,high
Caccianiga_Antonio,Il_Bacio_Della_Contessa_Savina,1888,Caccianiga_Antonio-Il_Bacio_Della_Contessa_Savina-1888.txt,"Il dottore mi avvertì che ogni speranza di salvare il signor Nicola era perduta, l'Agata non abbandonava più la camera dell'infermo, nè il giorno nè la notte, prodigandogli le cure più affettuose insieme alla madre. Una mattina egli volle ricevere i sacramenti, circondato da tutti i suoi cari. Sono momenti solenni, che si scolpiscono indelebilmente nella memoria.",no,V1,no,high
Butti_Enrico_Annibale,L_incantesimo,1897,Butti_Enrico_Annibale-L_incantesimo-1897.txt,"La sua coscienza morale era profondamente rimorsa da queste idee; il cuore era lacerato a sangue dalla tetra previsione. Aurelio si sentiva legato all'avola da un vincolo indissolubile d'affetto; alla morte di lei si vedeva già solo e perduto nel mondo, come un viandante affaticato in una steppa senza confine. Un bisogno intenso d'appoggio, di compagnia, di convivenza familiare palpitava dentro di lui.",yes,V1,yes,medium
Capuana_Luigi,Il_Marchese_Di_Roccaverdina,1901,Capuana_Luigi-Il_Marchese_Di_Roccaverdina-1901.txt,"«Niente! Da quest'orecchio non ci sento.» E lo lasciava a spasseggiare su e giù pel salone del Casino, con la gran canna d'India infilata sotto braccio, come una spada, lungo, diritto, impettito.",no,V1,no,high
Dandolo_Milly,Il_figlio_del_mio_dolore,1921,Dandolo_Milly-Il_figlio_del_mio_dolore-1921.txt,"Perchè vorrei non sentire la vita che è in me, le voci che sono in me... Non sono cose che si dicono, forse, ma io non saprei come dire, e non sono come le altre. Io non sapevo nulla della vita, signora.",no,V1,yes,high
Campanile_Achille,Giovinotti_non_esageriamo,1929,Campanile_Achille-Giovinotti_non_esageriamo-1929.txt,"Ha anche il panciotto, ha le scarpe nere, le calze. Veste come se stesse in città e appartiene alla categoria di quelli che vengono per un giorno. S’avanza con le mani dietro la schiena, tenendo un corretto bastone da passeggio e la paglietta.",no,V1,no,high
Dandolo_Milly,Il_figlio_del_mio_dolore,1921,Dandolo_Milly-Il_figlio_del_mio_dolore-1921.txt,"La penombra era mite con qualche bagliore rosso lasciato dal tramonto ormai vasto e lento. Il cane grande dormiva all’angolo della casa; lo chiamò a bassa voce, per nome; balzò ritto, si scosse, abbaiò due volte, si guardò attorno, abbaiò ancora; qualcuno apparve alla finestra illuminata del salotto, l’aperse; egli chiamò con la sua voce carezzevole e quasi cantante:
— Signora! Ella richiuse la finestra, riabbassò il velo della tenda.",no,V1,no,high
De_Amicis_Edmondo,Cuore,1886,De_Amicis_Edmondo-Cuore-1886.txt,"Il malato guardava sempre il ragazzo. Il padre disse a Cicillo: - Resta.  - Non ha più da restar che per poco, - mormorò l'assistente.  - Resta -, ripeté il padre. - Tu hai cuore. Io vado subito a casa a levar di pena la mamma.",no,V1,no,high
Capuana_Luigi,Il_Marchese_Di_Roccaverdina,1901,Capuana_Luigi-Il_Marchese_Di_Roccaverdina-1901.txt,"Era scontento di sé, de' suoi progetti, di quel che aveva fatto, di quel che avrebbe voluto fare in seguito, di tutto. Gli pareva che ogni sua cosa dovesse risolversi in vanità, in inanità, e che la stessa sua esistenza fosse intanto un'inanità e una vanità maggiore delle altre. E cominciava a ripensare: «Non v'è certezza di niente!».",yes,V1,no,high
Chelli_Gaetano_Carlo,Fabia,1876,Chelli_Gaetano_Carlo-Fabia-1876.txt,"XXXVIII  La notte era inoltratissima, Fabia stanca; ma nello sguardo dell'attrice brillava un'ardenza di febbre. Ella aveva finito allora di narrare al conte D. la lunga storia del suo amore ed aveva parlato senza riposo, senza cercar mai la parola, tanto ogni minuta particolarità di quel poema di gioie e di dolori erasi indelebilmente stampata nella di lei memoria. Con un lungo sospiro, apprese a Giorgio come l'ultima lettera scritta a Rodi avesse prodotto l'effetto voluto, e come Eugenio, calmatosi completamente, pensasse ora soltanto ai preparativi del matrimonio.",no,V1,no,high
Butti_Enrico_Annibale,L_incantesimo,1897,Butti_Enrico_Annibale-L_incantesimo-1897.txt,"Per sempre? Forse, per sempre!...
‒ Aurelio! ‒ ella chiama, invasa dall'orrore, con un fioco grido. ‒ Lévati! È giorno.
‒ È giorno? ‒ domanda il giovine, aprendo a sua volta gli occhi, balzando fresco e agile a sedere, mentre un vasto sorriso illumina la sua faccia a quel risveglio inaspettato. Una profonda gioja è dentro di lui: nessuna nebbia offusca il suo cervello; nessuna paura turba il suo spirito.",yes,V1,no,high
De_Marchi_Emilio,Arabella,1893,De_Marchi_Emilio-Arabella-1893.txt,"La Marietta entrò in agonia, e non parlò più... Storie di vent'anni fa, che uscivano ora a farsi vive, sotto la scossa degli avvenimenti, mentre toccava al ragazzo di correre per salvare la vita di suo padre..."" ""Non ti pare ch'egli tardi troppo?""",no,V1,no,high
Dandolo_Milly,Il_figlio_del_mio_dolore,1921,Dandolo_Milly-Il_figlio_del_mio_dolore-1921.txt,"Ella portava sempre un largo cappello nero che le nascondeva quasi i capelli e le metteva una grande ombra sul viso. Qualche volta egli abbassava il viso per vedere sotto la tesa nera il piccolo viso abbassato; ella arrossiva leggermente; poi, ridevano. Ella si, ripeteva sempre: «non lo amo» ma sentiva che non poteva non vederlo.",no,V1,no,high
Negri_Ada,Le_Solitarie,1917,Negri_Ada-Le_Solitarie-1917.txt,"Solo nel sogno io posso vivere.
  Paolo Màspero le si era avvicinato fin quasi a toccarla. Coi piccoli occhi incassati sotto ispidi cespugli di pelo color mattone, e che andavano iniettandosi di sangue, le fissava la bella bocca giovine, ignara del proprio fascino, e la vena jugulare pulsante di commozione a fior del collo ambrato. Che storie di sogni e di principesse gli andava raccontando quella zingarella bizzarra?",yes,V1,yes,medium
Dandolo_Milly,Il_figlio_del_mio_dolore,1921,Dandolo_Milly-Il_figlio_del_mio_dolore-1921.txt,"Come fare per non sentirla più? Pensò ciò che aveva pensato altre volte, nelle lunghe ore di vaga e indolente riflessione, quando le piaceva pensare alle cose dell’anima e della vita, così lontane da lei. Il tempo avrebbe affievolito, spento quella voce, quel ricordo.",yes,V1,no,high
Rovetta_Gerolamo,Ninnoli,1882,Rovetta-Gerolamo_Ninnoli_1882.txt,"Per Dio, non sapevano parlar d'altro che di Garibaldi, in quei giorni!

*
* *

.... Foscarini fu puntuale: suonavano le quattro e mezzo, ch'egli entrava da Menico. Lo trovò tutto vestito di nero, come un notaio.
-",yes,V1,no,high
Caracciolo_Enrichetta,Misteri_Del_Chiostro_Napoletano,1864,Caracciolo_Enrichetta-Misteri_Del_Chiostro_Napoletano-1864.txt,"Né mio padre né mia madre mi fecero consapevole dell'ambasciata avuta. Seppi l'accaduto col mezzo d'un amico di Domenico. La sera si mostrò tristissimo, e tanto poté in lui il timore di vedersi escluso da casa nostra, che usò degli sforzi penosi per evitare di mirarmi.",no,V1,no,high
Butti_Enrico_Annibale,L_incantesimo,1897,Butti_Enrico_Annibale-L_incantesimo-1897.txt,"Chi cerca il conforto negli artifizii del raziocinio corre gli stessi rischi di colui che cerca un tesoro nascosto nel fondo d'una palude. Il pensiero, nella sua indagine, non può d'un tratto arrestarsi contento alla migliore ipotesi, e trova sempre accanto a questa un'interpretazione contraria che ne abolisce ogni valore di certezza e ogni virtù di consolazione. ‒ L'imagine del pretendente venne a frammescolarsi allora alle sue considerazioni, e distrusse con il suo solo apparire tutto l'edificio delle liete aspettative. Non era dunque possibile che il sorriso di Flavia fosse dedicato a costui?",yes,V1,no,medium
Caccianiga_Antonio,Il_Bacio_Della_Contessa_Savina,1888,Caccianiga_Antonio-Il_Bacio_Della_Contessa_Savina-1888.txt,"Che cosa avrei detto a mio zio per giustificare il mio ritorno? Come mi avrebbe egli accolto? aveva io il diritto di scialacquare il denaro ch'egli aveva destinato al mio viaggio ed alla mia dimora mostrandomi leggiero, capriccioso, vano, insensato?",no,V1,yes,high
Chelli_Gaetano_Carlo,Fabia,1876,Chelli_Gaetano_Carlo-Fabia-1876.txt,Fabia ruppe in una risata motteggiatrice. «La testa è dunque molto lontana?» soggiunse.,no,V1,no,high
Campanile_Achille,Giovinotti_non_esageriamo,1929,Campanile_Achille-Giovinotti_non_esageriamo-1929.txt,"Niente. Aveva quello che hanno tutti i laghi di questo mondo.
* * * Ma che allegroni questi laghi!",yes,V1,no,medium
Rovetta_Gerolamo,Ninnoli,1882,Rovetta-Gerolamo_Ninnoli_1882.txt,"Era un pagliaccio ben triste quel povero Quintino!... Egli campava la vita sempre chiuso dentro a quelle sue maglie lacere che non lo difendevano nè dal caldo nè dal freddo, coi calzoncini corti a sbuffi verdi filettati di lustrini anneriti, colle scarpacce bianche, sformate, la coda e il cappello da Meneghino, e, da anni, viveva in quella buffonerìa della miseria, come se per lui fosse diventata la sua propria carne; come Marco viveva nel suo pelo lungo e inzaccherato. La faccia di Quintino però era ancora più buffa del muso di Marco: quei capelli nerissimi, ruvidi, dritti, parevano un pennacchio, così tagliati all'ingrosso come erbe selvatiche rotte da un colpo di falce.",yes,V1,no,high
Deledda_Grazia,Stella_d_oriente,1890,Deledda_Grazia-Stella_d_oriente-1890.txt,"Ma una notte sua madre apparvele in sogno, bianchissima il volto come prima di morire, con la stessa voce fioca e calma con cui le aveva dato i suoi ultimi consigli, e le disse:
– «Stella, ricorda il tuo voto!»
– Rinnovatosi ciò per più volte, Stella, invasa dal rimorso e dalla paura, si rinchiuse in sé stessa, decisa di non amar più Maurizio, ma ahimè! il suo amore, nonché sfumare, accresceva, rimaneva sempre là, nel suo cuore dilaniato, - ardente, crudele, fisso quale freccia di fuoco… Stella si disperò: e un brutto disegno si formava nella sua mente quando la vedemmo nel suo salottino, gli occhi fissi nel libro di preghiere, triste nell’ora triste dell’alta notte. Quel disegno era andarsene via da Mambrilla, lasciare i suoi genitori adottivi, e fuggir Maurizio… Maurizio che venuto in quel momento, con le sue lagrime l’aveva convertita…
– E dove saresti andata?… – chiese il giovine quando Stella finì.
– Chi lo sa?",yes,V1,no,medium
Carcano_Giulio,Damiano,1850,Carcano_Giulio-Damiano-1850.txt,"se avessi lo scrigno di quei musi matricolati che ho pur conosciuto e che ora non mi conoscono più, di que' volponi che gridavano più forte degli altri e fecero poi, come si dice, il san Giovanni dalle quattro faccie.... Ma io no! io e Vittore no!",no,V1,yes,medium
Deledda_Grazia,Stella_d_oriente,1890,Deledda_Grazia-Stella_d_oriente-1890.txt,"Guardando lo strano gelsomino, mantenne a stento un grido: era una lettera? La prese e guardandone l’indirizzo, benché non ci si vedesse ancora bene, lesse chiaramente il suo nome e cognome. Il sangue le affluì ancora ardentemente alla testa: indovinava che quella lettera era di lui!",yes,V1,yes,high
De_Boni_Filippo,L_Inquisizione_E_I_Calabro_Valdesi,1859,De_Boni-Filippo_L-Inquisizione-E-I-Calabro-Valdesi_1859.txt,"Gesù vi è appena conosciuto di nome; i precetti del quale pei contadini si perdono in un vago luminoso, confusi in tutto e per tutto a que' della Chiesa. Ora lusingati, ora atterriti ne' sensi, la morale ed il rito diventano per essi una cosa sola, discendono tanto da essere i pagani de' nostri giorni, e adorando la Chiesa credono adorar Dio. Che ne verrebbe se fosse dato di far loro toccare le immense contraddizioni che passano tra il fondatore del cristianesimo e i pretesi suoi successori?",no,V1,no,medium
Baricelli_Carmela,I_Vinti_Ovvero_Il_Genio_Oppresso,1907,Baricelli_Carmela-I_Vinti_Ovvero_Il_Genio_Oppresso-1907.txt,"La povera Bianca, tenendo con una mano tremante le mani del morente, gli teneva inumidite coll'altra le labbra: poi gli baciava le palpebre, ne spiava il respiro, gli ascoltava il cuore, scaldando colla sua mano ardente d'affanno e d'amore quel petto che si raffreddava; quel caro capo ferito che lentamente si piegava nell'abbandono mortale. A lei, di convinzioni materialiste, tornò allora la fede nell'esistenza individuale dello spirito; l'anima di Andrea non doveva partire di là: ella l'avrebbe trattenuta colla sua forza immensa d'amore, con una preghiera irresistibile. - Oh Dio, oh Dio, disse nel suo delirio la misera, datemi la prova che voi sentite le preghiere dei mortali, lasciatemi ancora sulla terra quest'anima cara ed io crederò, fate ch'io veda che voi sentite la mia prece suprema, e crederò. In quel momento, il povero Andrea, nel dissolversi del mistero dell'esistenza umana, parve riaprire, per un'ultima volta, i sensi alla vita; le sue pupille la fissarono, forse ne compresero l'ineffabile preghiera, e sorrisero d'una gioia ultra terrena.",no,V1,no,high
Castelnuovo_Enrico,Il_Fallo_Di_Una_Donna_Onesta,1897,Castelnuovo_Enrico-Il_Fallo_Di_Una_Donna_Onesta-1897.txt,"Poscia, ergendo il capo con alterezza, soggiunse: - Senti, zio, quando ci ritorni dalla tua contessa Marvesi, dille pure che di ciò ch'ella e le sue pari pensano di me non m'importa affatto, che se alla mia età, dopo trentott'anni di condotta irreprensibile, ho ceduto a un ragazzo, il danno e la vergogna son miei, e il mio giudice più severo è la mia coscienza... Chi ha una coscienza non ha tempo di sentire le voci del mondo. E dille anche, alla tua contessa, che le sventure e gli errori possono servire a qualche cosa; e a me serviranno a gettar per sempre lontano da me quella palla di piombo delle convenienze sociali che mi trascinavo al piede mio malgrado... - Ts... ts... ts... - faceva il commendatore spaventato da questa filippica della nipote.",no,V1,no,high
Butti_Enrico_Annibale,L_incantesimo,1897,Butti_Enrico_Annibale-L_incantesimo-1897.txt,"Aurelio si maravigliava d'essersi potuto separare dall'assiduo compagno con tanta indifferenza, e d'averlo potuto totalmente dimenticare durante quel mese di villeggiatura. In verità, dal dì ch'egli era giunto a Cerro, quella era la prima volta che il desiderio di lui si risvegliava, che le memorie della loro lieta convivenza palpitavan vivaci dentro il suo cuore. Perchè?",yes,V1,yes,high
Butti_Enrico_Annibale,L_incantesimo,1897,Butti_Enrico_Annibale-L_incantesimo-1897.txt,"Ma gli amanti, chiusi e isolati nel cerchio del loro gaudioso mistero, non sentono, non odono, non vedono più nulla. In vano il soffio della brezza bisbiglia alle loro orecchie il suo gelido ammonimento; in vano gli abeti s'agitano in giro con un fragore sordo di minaccia; in vano trepidano sgomente l'erbe ai loro piedi; in vano su le loro teste intona una capinera il melodioso inno mattutino. Nulla vale a vincere la potenza fatale ed esclusiva del Sogno!",yes,V1,no,high
Dandolo_Milly,Il_figlio_del_mio_dolore,1921,Dandolo_Milly-Il_figlio_del_mio_dolore-1921.txt,"Forse egli era veramente buono e non voleva che Lalage soffrisse; o forse temeva una certa inconscia responsabilità... Si fermò su questo pensiero, pensò ch’essi erano egoisti, essi ch’erano tranquilli ed uniti, e credevano che fosse facile agli altri qualunque sacrificio, essi che possedevano tutto! Essi si erano imposti, essi non avevano esitato a imporre la loro volontà a Lalage.",yes,V1,no,high
Bersezio_Vittorio,La_Testa_Della_Vipera,1896,Bersezio_Vittorio-La_Testa_Della_Vipera-1896.txt,"Ma non fu solamente contentezza, fu trasporto, ebbrezza, delirio di felicità quello che la povera donna provò, quando la levatrice le ebbe posto fra le braccia un fantolino che piagnucolava con appena udibil voce. Egli era grosso come un ranocchio, magro, schiacciato il viso, nero di carnagione, tutto rughe la pelle; eppure all'estasiata madre parve la bellezza di un angioletto sceso per lei dal paradiso. Ella aveva sofferto di molto, e dolori morali e tormenti fisici; ma tutti furono obliati, o meglio benedetti, poichè le avevano procurato tanto bene, tanta gioja, tanto rapimento.",no,V1,no,high
Deledda_Grazia,Stella_d_oriente,1890,Deledda_Grazia-Stella_d_oriente-1890.txt,"Ecco, se vuoi che io resti allegra non parlarmi di ciò… tanto è un matrimonio che non si farà!…
– Oh! oh! – fece la contessa spalancando gli occhi dietro il cristallo dei suoi occhiali scintillanti.
– Miss Ellen non amava punto il suo fidanzato, del quale io non sapevo neppure il vero nome: ecco perché io non le parlai mai di lei, signora contessa.…
Erano ragioni un po’ barcollanti queste di Stella, perché infine come era riuscita ad indovinare quella sera che Ruggero e il conte di F… menzionato nel giornale formavano la stessa persona, se non avesse saputo qualcosa da prima?… ma ci voleva così poco a convincere donna Morella! Non sospettò di nulla e parlò a lungo con la sua lettrice di miss Ellen, ma a un tratto tacque e rimase alcun tempo immersa in profondi pensieri, poi, tremando convulsivamente, impallidì in una maniera spaventevole. Allora toccò a Stella di chiederle con spavento che cosa aveva.
– Tu non lo sai, oh, non lo sai! – esclamò donna Morella, – Ruggero si ucciderà.",yes,V1,no,high
De_Boni_Filippo,L_Inquisizione_E_I_Calabro_Valdesi,1859,De_Boni-Filippo_L-Inquisizione-E-I-Calabro-Valdesi_1859.txt,Joan Carlo Bonello - Antonio di Pietro Minano - Benedicto Genero -,no,V1,no,high
Collodi_Carlo,Macchiette,1880,Collodi_Carlo-Macchiette-1880.txt,"Il cronometro d’oro, caro ricordo del suo povero padre, penzolava attaccato per la catena a uno dei colonnini del letto. Chi poteva averlo scagliato fin lassù?…
Roboamo, non sapendosi render conto di tutto questo disordine, fu preso da un sentimento di paura. Chiamò, urlando: — Giovanni!",yes,V1,no,high
Caccianiga_Antonio,Il_Bacio_Della_Contessa_Savina,1888,Caccianiga_Antonio-Il_Bacio_Della_Contessa_Savina-1888.txt,"Eppure una ricca e bella signora può essa amare sinceramente, candidamente un povero diavolo! un povero orfano senza pane! - E poi, se ancora mi amasse, che cosa ne penserebbero i suoi parenti? - Forse potrebbero sospettare che io fossi un ambizioso, spinto dall'avidità, innamorato dei milioni!... Quale umiliazione!",no,V1,yes,medium
Negri_Ada,Le_Solitarie,1917,Negri_Ada-Le_Solitarie-1917.txt,"Veronetta!»
  E tristi e soavi parole andava ripetendo la morta (inconsolabile nella sua passione materna) alla fanciulla che tardi ne comprendeva il sacrificio:
  «Figlia, figlia, anche tu qui? Non è colpa mia se non giunsi in tempo.»
  Ordigno perfezionato per produrre solide stoffe multicolori, ordigno perfezionato per scrivere meccanicamente lettere di commercio, non significavano forse la stessa quotidiana necessità, per l'una, per l'altra: guadagnarsi da vivere? I tasti beffardi e chiacchierini sui quali le dita di Veronetta avevan cosí bene imparato a scandire la tarantella avrebbero, davvero, logorato l'organismo della fanciulla, come il telaio quello della madre?
  Per il pane, per le scarpe, per un letto, per non morire.",yes,V1,no,medium
Barbieri_Ulisse,In_Basso,1885,Barbieri_Ulisse-In_Basso-1885.txt,"Eragli sembrato di vedere un uomo dietro la siepe dell'orto su' cui sentierucci aveva sfoggiato un'infinità di capriole. Egli si trasse indietro colla sua furberia abituale, ma il cuore gli palpitava in petto con strana violenza. Ebbe egli forse istintivamente il presentimento d'una sventura?",yes,V1,yes,high
Butti_Enrico_Annibale,L_incantesimo,1897,Butti_Enrico_Annibale-L_incantesimo-1897.txt,"Il piroscafo, ingrandito dalla vicinanza, entrava fischiando nella baja di Laveno. Di nuovo però, dopo la percezione della pace circostante, Aurelio, (proprio come chi abbia temuto un pericolo anche imaginario), fu tratto a mano a mano, senza volerlo, a costruire compiutamente quella vaga possibilità e a considerarla con riflessione, quasi fosse già sul punto d'effettuarsi. ‒ Chi era dunque costei?",yes,V1,no,medium
De_Amicis_Edmondo,Cuore,1886,De_Amicis_Edmondo-Cuore-1886.txt,"E come va la scuola? come vanno i compagni? Tutto bene, eh?",no,V1,yes,medium
Negri_Ada,Le_Solitarie,1917,Negri_Ada-Le_Solitarie-1917.txt,"Orlatrice di scarpe, cravattaia, guantaia o tessitrice, mille volte meglio! Un facchino dal camiciotto blú, o un macchinista dall'allegra faccia color fuliggine se la sarebbe forse sposata; e l'avrebbe resa madre di molti figliuoli, senza pensare al poi.
  Ella, invece, possedeva la licenza tecnica. Cianfrugliava in francese.",yes,V1,no,medium
Cagna_Achille_Giovanni,Un_Bel_Sogno,1871,Cagna_Achille_Giovanni-Un_Bel_Sogno-1871.txt,"I. Non sono ancor trascorsi molti anni che in Brescia nelle tarde ore della notte, in una via poco frequentata, udivasi di sovente il suono di un pianoforte eccitato da una mano maestra. Erano melodie spontanee soavemente malinconiche, vibrazioni patetiche che scorrendo sull'aria quali folate armoniche, andavano perdendosi lamentosamente a guisa di zeffiro che destandosi vigoroso ed ardito si smarrisce tra i fogliami delle siepi, e muore alitando un flebile sospiro.",no,V1,no,high
Collodi_Carlo,Macchiette,1880,Collodi_Carlo-Macchiette-1880.txt,"Dopo pochi minuti il campanello del giardino dette due leggerissimi tocchi.
— Qualche noioso, che verrà a tormentarmi anche qui! — disse Amelia voltandosi verso Luigi, che aveva finito allora di accendere il caminetto. Arturo si fece annunziare col nome di conte Rodolfo. La Volfanghi salutò il falso conte con molta disinvoltura; quindi, avvicinatasi al vecchio casiere, gli susurrò nell’orecchio:
— Spero che il conte mi farà il bel regalo di andarsene presto.",no,V1,no,high
Castelnuovo_Enrico,Il_Fallo_Di_Una_Donna_Onesta,1897,Castelnuovo_Enrico-Il_Fallo_Di_Una_Donna_Onesta-1897.txt,"Nulla vi domanderei del passato, di quel breve passato che fu come una nube improvvisa e fuggevole in un cielo sereno... E vi cingerei di tante cure, che, se non l'amore, l'affetto vostro saprei conquistarmelo. - Non si conquista quello che si ha - ella rispose. - Voi l'avete da anni il mio affetto. Ma in nome di questo affetto, vi scongiuro, Mario, abbandonate la vostra idea. - No, dunque?",no,V1,no,high
Dandolo_Milly,Il_figlio_del_mio_dolore,1921,Dandolo_Milly-Il_figlio_del_mio_dolore-1921.txt,"Poi ricordava che un giorno era successo qualcosa in casa, e suo padre, povero papà suo, l’aveva sgridata, e lei era corsa nella sua camera; e poi aveva sentito sua madre camminare verso la porta, ma non era entrata ed era tornata indietro in punta di piedi, senza aver osato entrare, ansiosa ed incerta... Oh quante cose dolci e crudeli le tornavano alla mente! E una volta non poteva capire: si capisce dopo: adesso toccava a lei; cominciava a vivere anche lei, come Benonì...",yes,V1,yes,high
De_Roberto_Federico,L'Imperio,1929,De_Roberto_Federico-L'Imperio-1929.txt,"Non una sostanza, ma un gruzzolo, non potrà essere messo insieme da quelli operai che avendo, grazie alla intelligenza e alla perizia, un forte salario, hanno anche la virtù di risparmiarne una parte? E gli operai esperti e intelligenti non possono salire a quei gradi dove il risparmio è più facile e copioso? La storia non è piena di esempii simili?",no,V1,no,high
De_Boni_Filippo,L_Inquisizione_E_I_Calabro_Valdesi,1859,De_Boni-Filippo_L-Inquisizione-E-I-Calabro-Valdesi_1859.txt,Don Parafan - Vidit Reverterius R. Vidit Villanus R. -,no,V1,no,high
Dandolo_Milly,Il_figlio_del_mio_dolore,1921,Dandolo_Milly-Il_figlio_del_mio_dolore-1921.txt,"Ci domandiamo che cosa mai poteva esserci prima che manteneva quel rapporto facile e inavvertito; ci domandiamo perchè mai non ci eravamo accorti prima di tante cose, tante cose! Vi è nel nostro linguaggio un accento nuovo: ricordi e impressioni lontane tremano nei nostri sguardi e nei nostri gesti. Un giorno fa o un secolo fa?",yes,V1,yes,high
Campiglio_Giovanni,Uberto_Visconti,1831,Campiglio_Giovanni-Uberto_Visconti-1831.txt,"Egli pensò che la vendetta quella stata fosse di un qualche Aretino , o per invidia il facesse o per altro, ed andatosene al Vescovo, ciò che era accaduto gli espose; che dolse assai al prelato, ma finalmente facendogli animo a rifare le figure, ordinò che sci de' suoi fanti armati stessero co' falcioni quando Buonamico non lavorava a custodire il lavoro, e facessero a pezzi senza misericordia chiunque venisse per rovinarlo « Rifatte adunque per la seconda volta le figure, un giorno che i Fanti erano in agguato, ecco che sentono rotolare per la chiesa; e poco appresso il bertuccione salito tutto frettoloso sopra l'assito, e in un baleno fatte le mestiche, veggiono il nuovo maestro mettersi a lavorare sopra i santi di Buonamico. Per lo che chiamato Bufalmacco e mostrogli il malfattore, e insieme con esso lui stando a vederlo lavorare, furono per crepar dalle risa: e Buonamico particolarmente, come che dolore gliene venisse, non potea ristarsi di ridere, nè di piangere per le risa. Finalmente licenziati i fanti che aveano fatto la guardia se ne andò al Vescovo e gli disse: Monsignore, voi volete che si dipinga ad un modo e il vostro bertuccione vuole ad un altro.",no,V1,no,high
Negri_Ada,Le_Solitarie,1917,Negri_Ada-Le_Solitarie-1917.txt,"Non pensare, non pensare, sognare solamente. Sognare, per essere liberata.
  La presenza del marito, l'odore greve che il suo gran corpo tramandava, il comando, la carezza dispotica, lo sputacchiare villano, tutto quello che in lui la feriva, l'esasperava, potrebbe non essere piú.
  E le notti! Quel corpaccio che occupava tre quarti del letto matrimoniale, mentre Franceschetta, presa da un orrore muto, si rannicchiava, scarna e piccina, verso la sponda, col rischio di cadere!
  Quel russare su due toni, l'uno rauco, l'altro fischiante: quel russare implacabile che non cessava mai, che le dava gli urti di bile, le piantava dei chiodi nel cervello!
  Come facevano le altre donne?",yes,V1,yes,high
Saluzzo_Roero_Diodata,Novelle,1830,Saluzzo_Roero_Diodata-Novelle-1830.txt,"Deh! perdonate alla schiettezza mia: meglio perciò starebbe Isabella Losa alla corte di Margherita nobilmente seguendo la sposa di Emanuele Filiberto, che non sta ora fra le squadre». La fanciulla rispose in bassi accenti: «Se il Conte della Trinità può spargere il sangue pel suo principe, perché non lo potrebbe la contessa Isabella Losa? Possiedo pur io vassalli e terre; non hanno forse un eguale dovere tutti i nobili sudditi?",no,V1,no,high
De_Roberto_Federico,L'Imperio,1929,De_Roberto_Federico-L'Imperio-1929.txt,"A un tratto, una voce, accanto a lui, disse, timidamente: ""Scusi, collega... se ha finito, permette un momento?..."" E un deputato, seduto alla sua sinistra, un uomo sulla cinquantina, forte, con larga faccia e la fronte spaziosa e incorniciata da barba e da capelli sale e pepe, additava la Patria. Consalvo porse il foglio, con premura cortese, rispondendo: ""Prego, anzi...""",no,V1,no,high
Rovetta_Gerolamo,Ninnoli,1882,Rovetta-Gerolamo_Ninnoli_1882.txt,"Se gli spaccasse la testa? A questa idea spaventosa Ghegola si chinò macchinalmente come per parare quel colpo, chè egli già, nella fantasia impaurita, sentiva il fischiar della sciabola attorno al capo.
- Che ghiribizzo era stato quello dell'Aimoni per insultarlo a quel modo? - pensava Ghegola rabbonito, mentre rimetteva prudentemente lo sciabolone nel fodero. -",yes,V1,yes,medium
De_Marchi_Emilio,Arabella,1893,De_Marchi_Emilio-Arabella-1893.txt,"E non devi mica"" proseguì la mamma ""aver certi scrupoli, perché se il sor Tognino ha fatto una sostanza, è pur vero che pochi uomini hanno lavorato come lui. E quando uomini onesti come un avvocato Baruffa, un mezzo santo che porta il baldacchino a Sant'Ambrogio, quando lo zio don Giosuè e il prevosto Vittuone, un ladro del paradiso, ti dicono che tu puoi accettare con tutta coscienza questa eredità, io non capirei la ragione de' tuoi scrupoli. In quanto a Lorenzo, credi che è pentito e strapentito.",no,V1,no,high
Butti_Enrico_Annibale,L_incantesimo,1897,Butti_Enrico_Annibale-L_incantesimo-1897.txt,"Egli era scoraggito, deluso, vinto; il suo sogno sfumava; la sua vita non aveva più scopo; egli si vedeva fuggito da tutti, dannato a un isolamento perenne tra uomini nemici o estranei a lui. Chi dunque lo amava? Chi lo avrebbe soccorso, malato o miserabile, quando la nonna sua fosse scomparsa?",yes,V1,yes,high
Butti_Enrico_Annibale,L_incantesimo,1897,Butti_Enrico_Annibale-L_incantesimo-1897.txt,"Durante la colazione, essendo poi venuti a discorrer di Cerro, Aurelio narrò la storia della sua fondazione, che risale soltanto al secolo XVII nell'anno memorabile della più cruda pestilenza; anche, narrò la curiosa leggenda del cimitero villàtico, sòrto ‒ a quanto si dice ‒ sopra il campicello recinto dove un famoso bandito di nome Polidoro aveva sepolto i resti delle sue vittime numerose. Luciano l'ascoltava con un'espression forzata d'attenzione, gli occhi incantati ne' suoi, la testa un po' inclinata dalla sua parte, quasi per meglio afferrare il senso delle parole che gli sfuggiva; di quando in quando però, senza volerlo, si distraeva, sembrava concentrarsi profondamente in sè stesso, si rivolgeva con un moto improvviso a donna Marta per lodare con qualche frase ammirativa il gusto di una vivanda, la freschezza dell'acqua, l'eccellenza del vino paesano, un vinetto limpido, leggero, un poco acidulo.",yes,V1,no,high
Butti_Enrico_Annibale,L_incantesimo,1897,Butti_Enrico_Annibale-L_incantesimo-1897.txt,"E nessuno, nessuno al mondo era in grado di contenderglielo, poiché nessuno, che non fosse un Dio, poteva rimetterle le catene e rigittarla vinta e umiliata nella sua gabbia. Che valeva omai l'individuo di fronte alla massa? Egli era un voto, contro mille e mille voti; era una voce, contro mille e mille voci; era un'unità contro una pluralità senza numero.",yes,V1,yes,high
Capuana_Luigi,Il_Marchese_Di_Roccaverdina,1901,Capuana_Luigi-Il_Marchese_Di_Roccaverdina-1901.txt,"Di tratto in tratto si udiva la voce severa di don Aquilante che ripeteva: «Parole il cui senso non è stato ancora compreso!». E la replica del cavaliere: «Bisognava appunto attendere voi per sentirselo spiegare!». Come fossero arrivati fino alla Genesi parlando del suicidio di compare Santi, nessuno dei due avrebbe saputo dirlo; certamente avevano fatto presto.",no,V1,no,high
Deledda_Grazia,Stella_d_oriente,1890,Deledda_Grazia-Stella_d_oriente-1890.txt,"Bisognava saperlo ad ogni costo. Pensò di introdursi nello appartamento di Stella: esitò a lungo, ma finalmente vi entrò. Stella non c’era!",yes,V1,no,high
Caracciolo_Enrichetta,Misteri_Del_Chiostro_Napoletano,1864,Caracciolo_Enrichetta-Misteri_Del_Chiostro_Napoletano-1864.txt,"Era meno tronfio d'orgoglio quel sovrano di Francia, che al secolo suo diede il proprio nome, quando diceva lo Stato son io, di quello che non fosse la condottiera del partito fanatico, cioè la badessa, nel sentimento del proprio dominio. Sveglia d'ingegno, ma petulante ed intrattabile, avara quanto una vecchia zittellona, soprattutto caparbia e ignorante, ella era sanfedista nata: eccellente pasta per un pontefice, se fosse nata uomo. Tal era il quadro che le faceva una delle suore dell'opposizione, la quale, propensa allo scherno, vedendola entrare, diceva: «Ecco l'antipapa!».",no,V1,no,medium
Butti_Enrico_Annibale,L_incantesimo,1897,Butti_Enrico_Annibale-L_incantesimo-1897.txt,"Egli dunque non l'amava? E avrebbe potuto non rivederlo, fors'anche mai più, senza un rimpianto del passato e quasi senza un ricordo? Sì, era così; pur troppo doveva confessarlo, era così!",yes,V1,yes,high
Negri_Ada,Le_Solitarie,1917,Negri_Ada-Le_Solitarie-1917.txt,"Tu sei dimagrato, Marco.
  Nemmeno la piú timida allusione al suo silenzio di tanti anni, alla promessa ch'egli forse non ricordava o non voleva ricordar piú, alla ricchezza che li separava.
  Ma esisteva, veramente, quella ricchezza? O nulla, nulla piú si frapponeva fra loro; neanche l'aria, tanto si sentivano spogli e vicini, e trasparenti l'uno all'altra?",yes,V1,yes,medium
Butti_Enrico_Annibale,L_incantesimo,1897,Butti_Enrico_Annibale-L_incantesimo-1897.txt,"Quando la fantesca fu uscita, il giovine rimase ancora un poco con la busta chiusa tra le mani. Chi aveva dunque bisogno di lui? Egli viveva solo, staccato da ogni consorzio grande o piccino, senz'alcuna comunanza di negozio e senza stretti vincoli di parentela o d'amicizia.",yes,V1,yes,high
Lombroso_Zefora_Gina_Elena,Profili_e_paesaggi_della_sardegna,1869,Lombroso_Zefora_Gina_Elena-Profili_e_paesaggi_della_sardegna-1869.txt,"Oh perchè mai gli Italiani ignorano queste bellezze della loro patria? Oh perchè mai non vi portano i loro occhi per ammirare, le loro braccia per lavorare, il loro oro per raddoppiarlo?

La Sardegna è pur terra feconda e originale! Quasi ignota alle invasioni germaniche, è tesoro per l’etnografo e l’archeologo; e altrove non si saprebbero trovare alcuni tipi che in quell’isola rimasero purissimi, segregati dall’incrociamento moltiforme del medio evo.",yes,V1,no,high
De_Amicis_Edmondo,Cuore,1886,De_Amicis_Edmondo-Cuore-1886.txt,E morì appena arrivato. La bottega è mia. Il ragazzo impallidì.,no,V1,no,high
Tenca_Carlo,La_Ca_Dei_Cani,1840,Tenca_Carlo-La_Ca_Dei_Cani-1840.txt,"Ciò detto, ricadde sulla seggiola e stette come assopito da questi pensieri. Però da lì a breve, le sue idee parvero ripigliassero il loro ordine naturale, perchè volto ai due ospiti, disse:
- Non vi siete apposti male nel chiedere ricovero ed ajuto al povero frate: il mio pane intanto è diviso con voi, quanto al resto domani forse le cose cambieranno, se a Dio piace.",no,V1,no,high
De_Amicis_Edmondo,Cuore,1886,De_Amicis_Edmondo-Cuore-1886.txt,"L'uomo si voltò, lo guardò un momento, gittò un grido anch'egli: - Cicillo! - e si slanciò verso di lui. Il ragazzo cadde fra le braccia di suo padre, soffocato. Le suore, gl'infermieri, l'assistente accorsero, e rimasero lì, pieni di stupore.",no,V1,no,high
Dasti_Luigi,La_Capanna_Del_Vaccaro_Vol1,1846,Dasti_Luigi-La_Capanna_Del_Vaccaro_Vol1-1846.txt,"Quest' ultimo senti
cadersi il cuore in terra: e capi che v'era poco
da scherzare con tali ospiti. Egli poi si trovò se-.
riamente imbarazzato, quando il più giovine di
quei militari, dopo aver volato un altro bicchie-
re di rhum, disse a lui rivolgendosi : Mon ami, à vous donc....",no,V1,yes,medium
Bersezio_Vittorio,La_Testa_Della_Vipera,1896,Bersezio_Vittorio-La_Testa_Della_Vipera-1896.txt,"Andare da lui, tu Alberto, no sicuramente. Cesare gli rechi pure il nostro perdono. Viva perdonato, ma lontano; è il meglio per tutti.",no,V1,no,medium
De_Roberto_Federico,L'Imperio,1929,De_Roberto_Federico-L'Imperio-1929.txt,"""Sì... come uno che sa bene quello che fa!..."" ""E non concepiste nessun sospetto? Non aveste tempo di salvarvi?""",no,V1,no,high
Campanile_Achille,Giovinotti_non_esageriamo,1929,Campanile_Achille-Giovinotti_non_esageriamo-1929.txt,"Nossignori. In quel momento si produsse l’inverosimile, il fantastico, l’impossibile: essi non furono investiti. E come avvenne il miracolo?",yes,V1,no,high
Carcano_Giulio,Damiano,1850,Carcano_Giulio-Damiano-1850.txt,"Via dunque, chi avremo oggi? - Vossignoria lo sa: il dottor Durante: il signor Pino, ingegnere della casa;l'avvocato Natali, i due signori canonici, il signor coadiutore della parrocchia. - Questi tre li digerisco, per riguardo a mia moglie. Poi? - Poi il ragioniere Capra, il signor segretario, e il curato delle Cascine Nuove, venuto a Milano stamattina e invitato per ordine dell'illustrissima signora padrona. Anzi, egli aspetta il favore di riverire vossignoria. - Già, lui!",no,V1,no,high
Collodi_Carlo,Macchiette,1880,Collodi_Carlo-Macchiette-1880.txt,"Paolo, dopo quattr’ore di lavoro assiduo, sentendosi andar via lo stomaco, pensò di dare una scappata a casa, un poco prima del solito, per mangiare (come dicono i poveri con tanta proprietà di linguaggio) un boccone!…
Imprudente! Un marito geloso della propria tranquillità non dovrebbe mai tornare a casa in una di quelle ore, in cui ha tutto il diritto di non essere aspettato. Paolo bussò.",yes,V1,no,high
Caracciolo_Enrichetta,Misteri_Del_Chiostro_Napoletano,1864,Caracciolo_Enrichetta-Misteri_Del_Chiostro_Napoletano-1864.txt,"Il pontefice Gregorio se ne morì, poco dopo aver fatto questo regalo alla capitale di Ferdinando TI, che cordialmente ne lo ringraziò, e Mastai gli succedette alla Santa Sede. Nei primordi del suo pontificato sanno tutti che dava Pio IX somme speranze di sé. Egli era non pure liberale di fatto, ma, ad esempio di Aristide il giusto, voleva altresì farsi conoscere per tale.",no,V1,no,high
Deledda_Grazia,Stella_d_oriente,1890,Deledda_Grazia-Stella_d_oriente-1890.txt,"Anch’egli vedeva!…
Vedeva la ruga e gli occhi di Stella, che scintillanti si fissavano sempre nei suoi, che si erano velati di nuovo con la tinta di mistero e di tristezza. Che significava?... Sin dai primi giorni del loro amore Maurizio voleva parlarne ai genitori, ma Stella vi si era fortemente opposta dicendo: – No! bisogna lasciar correre un po’ di tempo prima di svelar nulla a loro, ora, benché leggermente irritati per il rifiuto al barone di R… si irriterebbero davvero.",yes,V1,yes,medium
Dandolo_Milly,Il_figlio_del_mio_dolore,1921,Dandolo_Milly-Il_figlio_del_mio_dolore-1921.txt,"Era passata, andando, per la casa dell’amore e la casa della morte, che si guardano a traverso un breve sentiero: e le bastava, e per sempre. A poco a poco la sofferenza lieve passò: come si sentiva docile e rassegnata! Sarebbe anche uscita, un mattino, sarebbe andata in chiesa, a confessarsi.",yes,V1,yes,high
Baratono_Pierangelo,Bob_E_Il_Suo_Metodo,1914,Baratono_Pierangelo-Bob_E_Il_Suo_Metodo-1914.txt,"Intanto, la causa prima ed unica del subbuglio passava imperterrita in mezzo all'indignazione generale, contentandosi, allorchè scorgeva qualche pugno alzato in atto di minaccia, d'esclamare con tono pietoso e indulgente: - Poveretti, non capiscono il loro bene! II ",no,V1,no,high
Chelli_Gaetano_Carlo,Fabia,1876,Chelli_Gaetano_Carlo-Fabia-1876.txt,Di' dunque che sono un buon figliuolo! Io vi riconcilierò.» «Guai a te se lo tenti!,no,V1,no,high
Deledda_Grazia,Stella_d_oriente,1890,Deledda_Grazia-Stella_d_oriente-1890.txt,"Che ho fatto infine per essere sempre così infelice?…
Questa volta fu Maurizio che chinò tristemente il capo pensando:
– Su, è decisa! Sarei vigliacco?…
No, non era vigliacco! In quella stessa notte,",no,V1,no,medium
Emiliani_Giudici_Paolo,Beppe_Arpia,1851,Emiliani_Giudici_Paolo-Beppe_Arpia-1851.txt,"Via, fai cuore: quando lo avrai veduto un'altra volta, avrai piú coraggio... - Madre! - Parla, nina, che vuoi dirmi? - Madre! - e non le riesciva di proseguire il discorso. - Ma, santo Dio! L'hai guardato appena; scommetto che i suoi dolci sembianti non ti sono rimasti in mente; fidati a me... - Madre mia! - ripigliò con voce languida e soave l'Amalia - ma tu dici davvero ch'io debba sposare quel...? - e cercava un vocabolo per esprimere la sua idea; poiché era nuova la idea che le aveva lasciato in mente la immagine di quell'animalino, non parendole possibile come avesse membra umane informate da anima d'uomo. - O queste cose che si dicono per celia? - rispose la marchesa un po' piú animata, e contenta che la figliuola avesse sciolta la lingua a ragionare. - Ed io debbo essere congiunta per tutta la vita a quel... - e di nuovo cercava la parola per nominare e qualificare quel pezzo di ciccia semovente - a lui? Conversare con lui?",no,V1,no,high
Deledda_Grazia,Stella_d_oriente,1890,Deledda_Grazia-Stella_d_oriente-1890.txt,"Giovani!… Stanotte parlerai con Stella. Maurizio la baciò in fronte mormorando: Grazie, mamma!… e gli sembrò che il sorriso sparisse dal viso della vecchia nutrice che chinò tristamente il capo.",no,V1,no,medium
De_Roberto_Federico,L'Imperio,1929,De_Roberto_Federico-L'Imperio-1929.txt,"A salvarmi la vita!... Credete che me ne sia scordato?... Nulla vi ho detto, perché non ho saputo dire...",no,V1,yes,high
Collodi_Carlo,Macchiette,1880,Collodi_Carlo-Macchiette-1880.txt,"Ora è il fratello della Sandrina che torna a cena: più tardi è il cugino. Se poi il campanello suona dalla mezzanotte in là, allora senza dubbio è il marito, che senza avvedersene, ha fatto tardi al caffè o al bigliardo. Così tutta la strada sa e deve sapere che la Sandrina ha un fratello, un cugino e un marito.",no,V1,no,high
Baricelli_Carmela,I_Vinti_Ovvero_Il_Genio_Oppresso,1907,Baricelli_Carmela-I_Vinti_Ovvero_Il_Genio_Oppresso-1907.txt,"Le pettegole non osarono ora contraddire, tanto più che Xenio era giovane, ricco e.... libero di sè, quindi non era prudente contraddirlo troppo! Così con questi e simili discorsi, si preparava l'avvilimento di un'anima grande, a cui un po' di riposo del cuore e della mente avrebbe potuto restituire tutte le energie, tutte le potenti inspirazioni del genio sovrano. L'indomani, Armida uscì in pompa magna sul suo cocchio tirato da due superbi cavalli: a fianco la madre e dirimpetto Valerio, più pallido che mai; incontrarono molti amici: saluti soliti, secondo l'usato cerimoniale dell'etichetta, ma nulla di più!",no,V1,no,high
De_Roberto_Federico,L'Imperio,1929,De_Roberto_Federico-L'Imperio-1929.txt,"""Andiamo."" Le due donne tentarono di dire qualche parola per consigliarla a restare in casa e ad andarsene in letto; ella rispose, con voce dolce e ferma: ""Non possiamo lasciarlo solo, tutta la notte. Vieni.""",no,V1,no,high
Dandolo_Milly,Il_figlio_del_mio_dolore,1921,Dandolo_Milly-Il_figlio_del_mio_dolore-1921.txt,Si sentì calma e la sua calma era come uno smarrimento di tutto il suo essere: si disperdeva qua e là come la nebbia sottile: e in quel lento disperdersi ogni sentimento veniva calmato e diminuito. Aveva pensato un giorno che avrebbe forse dovuto alzarsi presto una mattina e andare in chiesa e confessarsi. Ma confessare che cosa?,yes,V1,yes,high
Deledda_Grazia,Stella_d_oriente,1890,Deledda_Grazia-Stella_d_oriente-1890.txt,"Ma Stella non acconsentiva! Voleva rimanere nella sua capanna, nella sua vita selvaggia, così libera e romantica!…
IV
Allora Donna Anna pensò di condurre la piccina alla villa e abbagliarla con lo splendore dei mobili, delle vesti e dei gioielli, con i cibi delicati e le delizie dei magnifici giardini di Mambrilla.
– Ecco – le disse – tu verrai quest’oggi almeno e pranzerai con noi. Stella acconsentì.",yes,V1,yes,medium
Butti_Enrico_Annibale,L_incantesimo,1897,Butti_Enrico_Annibale-L_incantesimo-1897.txt,"Tu sei buono.... e mi ami.... ora son certa che mi ami.... Una tua parola è bastata a rischiararmi tutta l'anima; è bastata a ridonarmi la ragione e la calma, a indicarmi la via migliore per raggiungere il nostro intento.... Io resto, ora, io resto qua....",no,V1,yes,high
Caccianiga_Antonio,Il_Bacio_Della_Contessa_Savina,1888,Caccianiga_Antonio-Il_Bacio_Della_Contessa_Savina-1888.txt,"Partii amareggiato da così persistente ingiustizia, considerando fra me stesso l'infamia della gelosia, che espone l'accusato a compromettersi colle goffaggini che fa per salvarsi, che spinge insensibilmente l'innocente verso la colpa, la quale gli procura dei benefizi che non peggiorano la sua condizione, ed anzi la rendono più sopportabile, perchè le giuste accuse riescono sempre meno dolorose delle false. Giunsi a Milano a notte avanzata, triste e pensieroso, tanto mi crucciava trovarmi costretto all'intimità della contessa Savina. Ma questa volta non potevo fuggire.",no,V1,no,high
Emiliani_Giudici_Paolo,Beppe_Arpia,1851,Emiliani_Giudici_Paolo-Beppe_Arpia-1851.txt,"Roberto intanto non aveva potuto ottenere un colloquio con l'Amalia: le porte di casa Pomposi, aperte a tutti i bindoli d'ogni forma e d'ogni colore, purché ci andassero coperti del tristo manto della ipocrisia, erano rigorosamente interdette a' giovani della taglia di Roberto, massime per la fama che godeva di scapato e di seduttore; onde le caste madri, riserbandosi il diritto di chiapparlo nelle proprie reti, lo tenevano lontano dalle figliuole come una colomba si tien lungi dalla vista d'un rapace sparviero. Divorato dalla sete di vedere da presso e favellare con la donna del suo cuore, di raccontarle la beatitudine che provava nel sapersi e sentirsi riamato, di manifestarle la venerazione e l'adorazione che sentiva per lei, era irrequietissimo. Questo desiderio non satisfatto lo rendeva infelice; ma la fortuna apparecchiavagli il modo di appagarlo anche in ciò, senza porlo al pericolo di rompere il mistico segreto del suo affetto, ch'egli alimentava ed accresceva, pensando pur sempre all'ora in cui, congiunto con nodo sacro ed eterno all'Amalia, avrebbe potuto al cospetto del mondo esclamare: «Ella è mia!»",no,V1,yes,medium
Lombroso_Zefora_Gina_Elena,Profili_e_paesaggi_della_sardegna,1869,Lombroso_Zefora_Gina_Elena-Profili_e_paesaggi_della_sardegna-1869.txt,"Nuoro è paese terribile, dove il sangue corre ad ogni momento. Nel giugno dello scorso anno uomini a mano armata cambiarono il Municipio; e le truppe e i carabinieri non osarono combattere quei sollevati con forze troppo disuguali. Il rubare un paio di bovi, e l’esserne poi derubato di due paia e saldare i conti colle fucilate è cosa assai comune.",no,V1,no,high
Viola_Ferretti_Emilia,A_quarantacinque_anni,1874,Viola_Ferretti_Emilia-A_quarantacinque_anni-1874.txt,"Un raggio di sole passava di quando in quando sul viso di Bianca, allorchè il vento agitava i rami di un albero davanti alla finestra; le sue guance s’erano colorite improvvisamente, il suo grande occhio l’aveva fissato un momento perplesso, ma tranquillo; non gli era mai parsa in quel mattino tanto bella e seducente come in questo momento. Abituato a soddisfare a qualunque prezzo ogni suo capriccio, avrebbe dato tutto quanto possedeva perchè assentisse alla sua domanda.
— I patti non tocca a me il farli, – rispose con maggior sicurezza, – mi basta il permesso di tornare qui qualche volta per vedere.... – si arrestò confuso davanti ad una mossa impaziente della contessa – per vedere.... la bambina.
— È impossibile! – rispose vivamente Bianca, e prese la mano della piccina per uscire. Anche il suo cuore batteva; sentiva in quelle parole e in quella proposta un oltraggio al suo amore, a quell’amore colpevole forse, ma che il suo cuore circondava di tutte le generose delicatezze, di tutti i più santi entusiasmi giovanili.",no,V1,no,high
Collodi_Carlo,Macchiette,1880,Collodi_Carlo-Macchiette-1880.txt,"Mio Dio! fu una cascaggine di pochi minuti, un sonnellino appena d’un quarto d’ora… ma tanto bastò, perchè Roboamo potesse abbracciare (come si suol dire) una risoluzione energica e mettere una mano (come potete figurarvelo) sul vero stato delle cose. Quando la madre si svegliò, il giovine le disse:
— Signora Cammilla, il concerto si farà e presto. Me ne incarico io.",yes,V1,no,high
Cantoni_Alberto,L'Illustrissimo,1906,Cantoni_Alberto-L'Illustrissimo-1906.txt,"È una certa madre quella, che, o io sbaglio di molto, o in un modo o nell'altro cederà. - Ma allora perchè dite che è andata male? - Non ci siete mica solamente voi al mondo; è andata male a me. Ho avuto di grazia di riparare dai carabinieri, e per causa vostra. - Per causa mia!? Che c'entro io coi carabinieri? - Non ve lo voglio dire.",no,V1,no,high
Nievo_Ippolito,Il_Barone_Di_Nicastro,1860,Nievo-Ippolito_Il-Barone-Di-Nicastro_1860.txt,"Tutto per amore schiettissimo della scienza, come usan dire i letterati; e per ardenza di carità, come direbbero i moderni filantropi, o quegli altri filantropi sdentati, che grattano le gengive ai novellini, credendosi con ciò di tenerli a balia in perpetuo. - 
Pertanto le due dame sedevano fraternamente su un solo baule; e il baule era di pelle d’asino genuino; sdruscito, spelato, roso dai sorci, con qualche borchia d’ottone luccicante qua e là, come raggio di sole tra nuvoli folti; al quale s’aggiungevano, sorelle del triste pellegrinaggio, una scatola 11
di cartone su cui, ai segni visibili, qualche candela di sego aveva finito la propria esistenza, ed una bisaccia da notte, che con alcuni anelli di ferro penzolanti dagli orli attestava ancora la vetusta qualità di cortina. - Dopo ciò chi vorrà sostenere che la condizione degli uomini non si rileva, piuttostochè dai bernoccoli del cranio, dall’aspetto delle loro valigie? 
Il Barone muto muto mosse tre passi verso le due dame, a due inchini per ogni passo; ma se taceva, non mancavano ragioni, e appunto per essergli ito il cervello fra le nuvole, il torso e le gambe si addebitarono di far le sue veci. 
- Le sono due! mulinava egli. -",yes,V1,no,high
Negri_Ada,Le_Solitarie,1917,Negri_Ada-Le_Solitarie-1917.txt,"E con qual coraggio la nuora aveva potuto affermare che ella godeva di vivere? Non viveva, ecco, e non moriva. Era una sopravvissuta.",yes,V1,yes,medium
Deledda_Grazia,Stella_d_oriente,1890,Deledda_Grazia-Stella_d_oriente-1890.txt,"Ma perché Maria aveva dato a Stella, che aveva accettato, sempre senza capire ciò che si facesse, quel voto? Ecco ciò che la fanciulla non riusciva a comprendere. Si ricordava che sua madre, prima d’allora, non le aveva mai detto di odiare i nobili; ma d’allora in poi gliene parlò sempre così male che lei, nella sua piccola, ma ardente fantasia di meridionale, si formò una terribile immagine di loro, convincendosi di mantenere facilmente il suo voto perché sicura di non amar mai i nobili!… I nobili!… Essa non li conosceva, ma sapeva come erano perché le venivano spesso in sogno, brutti, brutti, cattivi, cattivi… Quando sua mamma morì,",yes,V1,yes,medium
Caracciolo_Enrichetta,Misteri_Del_Chiostro_Napoletano,1864,Caracciolo_Enrichetta-Misteri_Del_Chiostro_Napoletano-1864.txt,"Mi scossi, come per violenta scarica d'elettricità... Era lo spavento di tutta Napoli. Il duca Morbilli (povera nobiltà della patria di Vico!), cagnotto fedelissimo del re, e satellite de' Del Carretto, era salito in grido meno per virtù del suo operosissimo servizio che pel terrore sparso dalle sue visite, e per la mitologica voracità che lo travagliava.",no,V1,no,high
Collodi_Carlo,Macchiette,1880,Collodi_Carlo-Macchiette-1880.txt,"Aveva la bocca arrotondata e semiaperta, tal quale un puttino dell’Allori in atto di cantare un versetto del Magnificat, e sulle labbra un sorriso diffuso di compiacenza, uno sprazzo di gaudio indefinito, un balenìo di contentezza indicibile e verginale. Dio sa quel buon’uomo che cosa sognava. Forse un aumento di salario: forse le mance del ceppo e del capodanno… e fors’anche qualche rosea e succulenta cameriera del paradiso di Maometto.",yes,V1,yes,high
Deledda_Grazia,Stella_d_oriente,1890,Deledda_Grazia-Stella_d_oriente-1890.txt,"Stella, sempre impassibile, chiese otto giorni per rispondere: Maurizio si disperò perché ciò significava che Stella non l’amava punto, altrimenti avrebbe risposto di no… Si disperò tanto che, appena solo nel suo gabinetto, nel silenzio della notte, si mise a piangere come un fanciullo; gli pareva che un vuoto terribile si formasse intorno a lui, che i quadri del suo studio, i piccoli capolavori che sorridevano fra il lusso delle mensole di marmo, i fiori, i bimbi, i paesaggi dipinti, persino i leoni e le tigri ricamati sui tappeti e gli ultimi volumi, i libri di novità, che dormigliavano sui tavolini del suo studio da artista gli gridassero: Vattene via di qui!",yes,V1,yes,high
Deledda_Grazia,Stella_d_oriente,1890,Deledda_Grazia-Stella_d_oriente-1890.txt,"Donna Anna indovinava che Stella amava, chi? ecco ciò che non le riusciva a scoprire! Sicché decidevasi ad interrogarla quando, di repente, una sera di agosto, nella magnifica sala da pranzo della villa, vide la ruga, quel bizzarro termometro dell’anima di Stella, ricomparsa nella sua fronte di marmo dorato, più strana, più rimarcata di prima… Ma se la marchesa trasalì, Maurizio provò del terrore. -",yes,V1,yes,medium
De_Roberto_Federico,L'Imperio,1929,De_Roberto_Federico-L'Imperio-1929.txt,"Perché non aveva portato con sé uno stocco o un revolver? Insomma, che cos'era questa ferita? Era moribondo, sarebbe rimasto storpiato o deturpato?...",no,V1,yes,medium
Rovetta_Gerolamo,Ninnoli,1882,Rovetta-Gerolamo_Ninnoli_1882.txt,"STORIELLA VECCHIA

Se Domenico Ghegola non fu un eroe, la colpa certo non è stata sua, ma del coraggio che sempre gli venne meno in tutte le circostanze della vita. Vi è, non è vero? un certo coraggio sui generis, così detto della paura, il quale, alle volte, spinge anche i timidi a compiere prodigi di valore.... Ebbene, lo credereste?...",yes,V1,no,high
De_Roberto_Federico,L'Imperio,1929,De_Roberto_Federico-L'Imperio-1929.txt,"Me n'ero accorta!... Sono stata una stupida!..."" ""Morto, hai detto?...",no,V1,no,medium
Tenca_Carlo,La_Ca_Dei_Cani,1840,Tenca_Carlo-La_Ca_Dei_Cani-1840.txt,"La fortuna gli arrise dal principio alla fine, talchè gridato vincitore di bel nuovo, potè ricevere dalla mano stessa della Cecilia la corona guadagnata, e stamparle un bacio in fronte, il qual bacio fece arrossire come bragia la fanciulla. La sera medesima la figlia interrogata dal genitore se acconsentiva ad aver per marito l'armajuolo, aveva abbassato gli occhi e mormorato un sì inintelligibile a tutti fuorchè al solo Stefano che, pigliatala per mano, giurò che avrebbe vegliato sopra di lei e l'avrebbe amata fino alla morte. In tal guisa essi furono marito e moglie.",no,V1,no,high
Butti_Enrico_Annibale,L_incantesimo,1897,Butti_Enrico_Annibale-L_incantesimo-1897.txt,"Dov'era mai la sua pace? Dove, la sua gagliarda indifferenza? Dove, i suoi puri sogni di gloria? ‒ Procedette poi a passo anche più spedito verso l'altura, quasi lo chiamasse, da quell'ombra, il vivido raggio di sole che illuminava a traverso un pertugio la sommità del sentiere.",yes,V1,yes,high
Negri_Ada,Le_Solitarie,1917,Negri_Ada-Le_Solitarie-1917.txt,"Le labbra le tremarono: sporse timidamente una mano a stringere la mano di lui, dura, nocchieruta, con unghie brunastre, larghe e piatte. Egli rispose alla stretta; ma proseguí nel suo pensiero fisso.
  — I compagni socialisti! Già.",no,V1,yes,medium
Cagna_Achille_Giovanni,Un_Bel_Sogno,1871,Cagna_Achille_Giovanni-Un_Bel_Sogno-1871.txt,"""Non ho agito bene, mio Ermanno? Perchè fare l'infelicità di cotesti esseri per soddisfare un semplice capriccio? io vorrei poter beneficare tutto il mondo, e ciò perchè ti amo tanto, e penso che tutto quello che faccio possa meritarmi sempre più il tuo affetto.",no,V1,no,medium
Bandi_Giuseppe,Da_Custoza_In_Croazia_Memorie_D_Un_Prigioniero,1866,Bandi_Giuseppe-Da-Custoza-In-Croazia-Memorie-D-Un-Prigioniero-1866.txt,"Me ne rallegrai per diversi miei compagni di prigionia i quali da quel momento eran liberi e tornavano in seno alla patria ed alle famiglie. Finalmente scoccarono le quattro ore ed il corriere comparve tutto ansante e polveroso in città, flagellando a più non posso la sua magra cavalcatura. Quel birbone era mezzo avvinazzato e gridava a tutta gola evviva!",yes,V1,no,high
Cantoni_Alberto,L'Illustrissimo,1906,Cantoni_Alberto-L'Illustrissimo-1906.txt,"La mia fontana d'oro! Mi vuoi bene ora perchè sei pieno di latte, porcellino! Ora sì, eh?",no,V1,no,medium
Capuana_Luigi,Il_Marchese_Di_Roccaverdina,1901,Capuana_Luigi-Il_Marchese_Di_Roccaverdina-1901.txt,"Io non sono mai stata niente, oh niente! per lui.» «Ma che si dirà di te?»",no,V1,no,high
Baratono_Pierangelo,Bob_E_Il_Suo_Metodo,1914,Baratono_Pierangelo-Bob_E_Il_Suo_Metodo-1914.txt,"Ma certe volte, ehm! Mi comprende? Certo che comprendeva, l'amico!",yes,V1,yes,medium
Bini_Carlo,Manoscritto_Di_Un_Prigioniero,1833,Bini_Carlo-Manoscritto_Di_Un_Prigioniero-1833.txt,"Laudato Iddio! l'assetto è finito, - si può respirare, - respiro anch'io. Con un'occhiata i valletti son licenziati, e se ne vanno.",no,V1,no,medium
Campanile_Achille,Giovinotti_non_esageriamo,1929,Campanile_Achille-Giovinotti_non_esageriamo-1929.txt,"Occorre dirlo? Fagiolino e Salomone erano i due clienti dell’Antico Castello, per merito dei quali s’era scoperto il nuovo colpo dei banditi. Dopo aver gridato per quattordici ore in fondo al sotterraneo, popolato di ombre gementi, essi eran riusciti ad attrarre l’attenzione del personale e così s’era scoperto che le ombre altro non erano che i giocatori dell’“Alipeda”, legati, imbavagliati e gettati nel trabocchetto dai misteriosi banditi.",yes,V1,no,high
De_Amicis_Edmondo,Cuore,1886,De_Amicis_Edmondo-Cuore-1886.txt,"I Mequinez non sono qui, ma poco lontano, a poche ore da Tucuman!  - Dove? dove? - gridò Marco, saltando su come un resuscitato.  - A una quindicina di miglia di qua, - continuò l'uomo, - in riva al Saladillo, in un luogo dove stanno costruendo una grande fabbrica da zucchero, un gruppo di case, c'è la casa del signor Mequinez, tutti lo sanno, ci arriverai in poche ore.  - Ci son stato io un mese fa, - disse un giovane che era accorso al grido. Marco lo guardò con gli occhi grandi e gli domandò precipitosamente, impallidendo: - Avete visto la donna di servizio del signor Mequinez, l'italiana?  - La jenovesa?",no,V1,no,high
Barbieri_Ulisse,In_Basso,1885,Barbieri_Ulisse-In_Basso-1885.txt,"Il Gigante aveva scostati alcuni rami della siepe, e col suo passo da sciacallo erasi inoltrato nell'orto. Che fare?... Calare dalla finestra era impossibile, sarebbe stato veduto.",yes,V1,yes,high
Baricelli_Carmela,I_Vinti_Ovvero_Il_Genio_Oppresso,1907,Baricelli_Carmela-I_Vinti_Ovvero_Il_Genio_Oppresso-1907.txt,"Un po' di contabilità, passeggiate di prammatica nei laboratori e.... teneva la Cassa; quella Cassa che lo aveva tentato al delitto. Ma un'azienda, in cui lavoravano un migliaio d'operai, voleva ben altro lavoro. E tutto, tutto aveva fatto Delfi.",no,V1,no,medium
Barbieri_Ulisse,In_Basso,1885,Barbieri_Ulisse-In_Basso-1885.txt,"La vecchia Anna, per assicurarsi che egli non potesse disturbare colle sue monellate la severità della cerimonia, persuasissima che le sue raccomandazioni, come le promesse di Peppe, erano valide sino ad un certo punto, ma non erano moneta corrente su cui fare troppo calcolo, aveva pensato bene di chiuderlo in casa. Era dunque prigioniero, ma che cos'era per lui scavalcare un balcone? attaccarsi ad una ferrata e trovarsi là mentre uscivano dalla chiesa, per provare loro che era capace di fare.... quello che voleva lui?...",yes,V1,yes,medium
Butti_Enrico_Annibale,L_incantesimo,1897,Butti_Enrico_Annibale-L_incantesimo-1897.txt,"Ah, quella solitudine e quel silenzio e quella mitezza di clima e di paese! Ah, l'implacabile educazione dell'eterna Natura, che seducendo ordina e impera!
«Io sono infelice!» mormorò d'un tratto il giovine, arrestandosi attonito, girando gli occhi intorno a sè per le vòlte capricciose del bosco, dove il sole irrompeva a fasci, a sprazzi, a scintille, dispensatore di vivido oro su le foglie polite e su i rami vellutati di muschi e di licheni. La frase gli era misteriosamente sgorgata dalle viscere profonde, ed egli l'aveva detta senz'averne coscienza, per un bisogno irresistibile quasi di liberazione.",yes,V1,no,high
Bandi_Giuseppe,Da_Custoza_In_Croazia_Memorie_D_Un_Prigioniero,1866,Bandi_Giuseppe-Da-Custoza-In-Croazia-Memorie-D-Un-Prigioniero-1866.txt,"Voglionsi dunque placate con solenne ecatombe le ossa de' Germani mietute dalle nostre spade, or volge il sesto anno, a S. Martino? Nè bastano, per Dio!",yes,V1,no,medium
Caracciolo_Enrichetta,Misteri_Del_Chiostro_Napoletano,1864,Caracciolo_Enrichetta-Misteri_Del_Chiostro_Napoletano-1864.txt,"Mi sentii di repente aggraffata per le mani, spinta, urtata alle spalle, trascinata non so dove: udii stridere con sinistro cigolìo i catenacci, che risbarravano l'orribile porta; mi fu strappato il nastro che fermava il cappello, tolto lo scialle... ed allorquando cominciai a discernere partitamente gli oggetti, mi trovai inginocchiata innanzi ad un grande cancello di legno dorato. Era il coro! Una monaca mi disse: «Ringrazia Iddio del benefizio di averti condotta in luogo di salute!».",no,V1,no,high
Butti_Enrico_Annibale,L_incantesimo,1897,Butti_Enrico_Annibale-L_incantesimo-1897.txt,"L'ipotesi non lo sgomentava, anzi gli dava un'impressione profonda di ristoro. Non era egli solo, triste, abbandonato nel mondo, senza parenti e senz'amici? Aveva una donna accanto a sè, che lo amava, che lo curava, che lo assisteva vigile e solidale nelle lotte della vita....",yes,V1,yes,high
Deledda_Grazia,Stella_d_oriente,1890,Deledda_Grazia-Stella_d_oriente-1890.txt,"Allora donna Anna la cercò in giardino, in terrazzo, negli altri appartamenti, dappertutto. Non c’era, non c’era! Dove mai trovavasi, così, come diceva il giorno prima, malaticcia e spossata?",yes,V1,yes,medium
Butti_Enrico_Annibale,L_incantesimo,1897,Butti_Enrico_Annibale-L_incantesimo-1897.txt,"Non mi farei complice d'un inganno consapevolmente, volontariamente, colpevolmente?» Aurelio si rammentò di quell'Altro, del primo adoratore di Flavia, il quale aveva agito precisamente così ed egli aveva con tanta severità giudicato; ed ebbe un moto di rivolta morale contro sè stesso, contro il suo pensiero che s'era per un istante compiaciuto nella certezza d'una comoda liberazione. «Ah, no, no! Io questo non farò mai! Non mi sottrarrò mai per paura o per calcolo alle responsabilità assunte!",yes,V1,yes,high
Butti_Enrico_Annibale,L_incantesimo,1897,Butti_Enrico_Annibale-L_incantesimo-1897.txt,"Non l'aspettava forse più? Incominciava a dimenticarlo?... Oh, se l'avesse avuta al suo fianco in quel momento!",yes,V1,yes,high
Negri_Ada,Le_Solitarie,1917,Negri_Ada-Le_Solitarie-1917.txt,"Che avrebbe potuto accaderle?
  E il buon Mazzoni aveva la nonna paralitica; e Pietro Sabbia, tardo e cocciuto, non sarebbe certo riuscito a risolvere da solo il problema...
  Cosí Rosanna si componeva, per la propria vita, un'armonia di maternità paziente e vigile; che, ignara degli spasimi fisici, non conosceva se non le dolcezze, le trepidanze, gli orgogli dello spirito. E di ciò era paga; e le sue giornate non avrebbero potuto essere piú colme.
  Amiche non ne aveva. Le altre maestre del paese, dei vicini villaggi?",yes,V1,yes,medium
Negri_Ada,Le_Solitarie,1917,Negri_Ada-Le_Solitarie-1917.txt,"Sí, ci deve essere un perché, che una povera donnicciuola non comprende: un perché ancor piú grande di quel campo di morti. Se cosí non fosse, come farebbero tante madri a tacere?
  Gli ultimi cali della punta sono a termine, e il paio di calzerotti è finito. Assunta lo piega, lo mette accuratamente da parte.",yes,V1,yes,medium
Barbieri_Ulisse,In_Basso,1885,Barbieri_Ulisse-In_Basso-1885.txt,"- C'è qualcosa di nuovo?... -  avrebbe voluto chiedere Bianca, che si era affacciata alla finestra. Non sapeva però come fare - presentiva un no, e sperava nello stesso tempo una parola che il vignaiolo non poteva al certo ancora poter dirle.",no,V1,yes,medium
Capuana_Luigi,Il_Marchese_Di_Roccaverdina,1901,Capuana_Luigi-Il_Marchese_Di_Roccaverdina-1901.txt,"Poi il vecchio si era pentito. Veniva a piangere là, quasi ci avesse un morto... Che colpa n'aveva il padrone?",no,V1,yes,high
Butti_Enrico_Annibale,L_incantesimo,1897,Butti_Enrico_Annibale-L_incantesimo-1897.txt,"Come aveva potuto trovare ancora un sorriso, dopo tante lacrime sparse inutilmente sopra le cose irrimediabili? Eppure ella era rimasta semplice, innocente, spensierata, amante della vita, come nei primi anni felici della sua adolescenza, come una bambina ignara d'ogni tristizia! Ella aveva piegato, a mo' d'un giunco, sotto le raffiche veementi, e s'era sempre rilevata per ricever di nuovo, pienamente, l'impeto d'altre raffiche! «Ma ora? ora?» si chiese il giovine riguardandola, angosciato. «Ora che è tranquilla, che è libera d'ogni cruccio, d'ogni angustia, d'ogni paura, ora potrebbe dunque morire?»
Dopo due ore d'ansiosa aspettazione, il medico giunse.",yes,V1,no,high
Deledda_Grazia,Stella_d_oriente,1890,Deledda_Grazia-Stella_d_oriente-1890.txt,"Maurizio poi l’amava tanto che qualche volta si spaventava: perché tornandogli in mente le indistinte memorie della sua infanzia, ricordandosi le bizzarre melodie che Ninnia cantava quindici o venti anni prima per addormentarlo nella culla dorata o nel grembo, - allora gli sembrava che Ninnia si frammischiasse a tutta la sua vita, che egli l’amasse più che sua madre…
In realtà egli amava assai la marchesa, ma non si sentiva pienamente libero presso di lei, - mentre a Ninnia confidava tutte le piccole noie, tutti i piccoli dispiaceri della vita, che nella sua fervida fantasia di venti anni assumevano proporzioni di grandi dolori, - e Ninnia lo confortava, dandogli consigli, e lo chiamava figlio mio accarezzandolo colla sua lunga e morbida mano. Allora si sentiva contento, rideva di sé e dei suoi dispiaceri di studente e chiamava Ninnia la sua gran mammà mentre la marchesa era la sua piccola mammà!….. Abitavano a Napoli un vecchio palazzo tutto marmo nero, tutto spirante medio-evo all’esterno, ma addobbato con tutta la raffinatezza del lusso moderno all’interno, in via Chiaia, e dai suoi alti balconi si scorgevano i rigogliosi palmizi ed il mare.",yes,V1,yes,high
Bandi_Giuseppe,Da_Custoza_In_Croazia_Memorie_D_Un_Prigioniero,1866,Bandi_Giuseppe-Da-Custoza-In-Croazia-Memorie-D-Un-Prigioniero-1866.txt,"Perchè quei Reggimenti di camice rosse che stanziavano sul lago di Garda non furon collocati in tal punto da poterne formare, nel giorno della battaglia, un corpo di riscossa, e valersene a rinfrescar l'attacco, dove fosse per caso mancata la vittoria, come mancò di buon'ora, sull'estrema sinistra? S'impegna dunque una battaglia sopra una linea vastissima senza pensar neppur alla eventualità d'un rovescio? Si permette che migliaja di giovani volenterosi ed arrisicati contemplino neghittosamente la rotta de' loro fratelli!",yes,V1,no,high
Deledda_Grazia,Stella_d_oriente,1890,Deledda_Grazia-Stella_d_oriente-1890.txt,"Più tardi Maria pianse lagrime di fuoco al ricordo di quelle frasi: ma per allora le parole «pare una duchessa» forse susurratele da un demonio, le filtravano un terribile veleno nell’anima ardente e romantica: l’ambizione! Sentite: un mese dopo Maria aveva un amante, giovine e bello, nobile e ricco! Lo amava pazzamente, col suo primo amore, tanto che diceva a sé stessa che, anche povero e plebeo, sarebbe diventata sua lo stesso, sacrificandogli tutti i suoi sogni ambiziosi… E lui era un essere il più miserabile del mondo, che doveva avvelenarle la vita.",yes,V1,no,high
Carcano_Giulio,Damiano,1850,Carcano_Giulio-Damiano-1850.txt,"È impossibile che il tuo merito, adesso oscuro, non abbia ad essere, quando che sia, conosciuto e compensato. Sì, tu farai onore a' tuoi, al nome di nostro padre; e noi sarem fortunati di appartenerti. - O miei buoni! il giovine esclamò: Che Dio vi protegga.",no,V1,no,high
Nievo_Ippolito,Il_Barone_Di_Nicastro,1860,Nievo-Ippolito_Il-Barone-Di-Nicastro_1860.txt,"Allah può esser benissimo Allah; rispose il Barone; ma Maometto è il più mostruoso strangolatore ch’io abbia mai conosciuto! 
A queste parole il Dervis fece un cenno al compagno, e tutti e due corsero a rompicollo nella cancelleria di Sua Altezza. Il Barone per parte sua corse dal capitano a fargli ressa di partire, giacchè da quella scappata dei due maestri Mussulmani non si augurava nulla di buono. Ma il Capitano gli oppose che aveva bisogno di duecento piastre per pagare il fornitore del carico, e che se egli volesse firmare un contrattino di società… 
-",no,V1,no,high
Butti_Enrico_Annibale,L_incantesimo,1897,Butti_Enrico_Annibale-L_incantesimo-1897.txt,"Aurelio la trovava, nella semplicità della sua bianca veste virginale, sovranamente incantevole; un soffio di vaghe memorie gli passava a traverso la mente angustiata, inclinandola insensibilmente a benevolenza verso di lei, riaccendendo a mano a mano il fuoco assopito della sua simpatia. Ed egli, inconsapevole, si stupiva d'aver potuto contrariare la bella creatura che gli splendeva d'innanzi, e si rimproverava il suo contegno pertinacemente ostile e scortese, e deplorava il suo indocile orgoglio che ogni dì più scavava un abisso incolmabile tra le loro due vite. ‒ Ma non era egli dunque che la gittava deliberatamente tra le braccia del rivale? Non la voleva egli così, estranea e nemica, divisa sempre da lui da un ostacolo immane?",yes,V1,yes,high
Butti_Enrico_Annibale,L_incantesimo,1897,Butti_Enrico_Annibale-L_incantesimo-1897.txt,"Aurelio rifinito dalle fatiche e dalle angosce di quei giorni, eppure tenuto desto dall'insonnio nervoso, stava seduto in un angolo bujo, e osservava. Era vero tutto quanto gli stava d'intorno? A lui pareva di sognare: come in un sogno, in fatti, gli si presentava la camera grande, che una candela posata in terra illuminava fantasticamente dal basso in alto, rilevando le cose che di solito non eran visibili, lasciando in un'ombra densa quelle altre a lui note.",yes,V1,yes,high
Emiliani_Giudici_Paolo,Beppe_Arpia,1851,Emiliani_Giudici_Paolo-Beppe_Arpia-1851.txt,"E tempo ch'ella rimanga sola; le basti che la signorina, la quale perché è sua figlia non poteva non esser buona, le assicuri, le giuri che presto si faranno gli sponsali. - Fra due giorni io voglio vedere firmata la scritta; se debbo morire, voglio almeno morire felice; mi trasporterete anche il letto in sala, ma voglio vedere. I medici presero i cappelli in atto di partire. Uno di loro, chiamata la vecchia cameriera, le diede parecchi ordini con che governare l'ammalata per quella notte: e fra gli altri, assoluto divieto a chicchessia di farla parlare.",no,V1,yes,high
Bersezio_Vittorio,La_Testa_Della_Vipera,1896,Bersezio_Vittorio-La_Testa_Della_Vipera-1896.txt,Questa si gettò dietro una tavola a farsene riparo. - Come! esclamò. Oseresti? - Tutto!,no,V1,no,high
Butti_Enrico_Annibale,L_incantesimo,1897,Butti_Enrico_Annibale-L_incantesimo-1897.txt,"Era per deferenza? Era per soggezione o per vergogna? Bastava che Flavia si rivolgesse verso di lei, perchè d'un tratto si ricomponesse, frenasse le sue irrequietudini, dissimulasse sotto un pallido sorriso di persona stanca i suoi interni tormenti.",yes,V1,yes,high
Baricelli_Carmela,I_Vinti_Ovvero_Il_Genio_Oppresso,1907,Baricelli_Carmela-I_Vinti_Ovvero_Il_Genio_Oppresso-1907.txt,"Ad un tratto, la molla scattò e l'imposta s'aperse ancora solennemente dall'alto al basso. Un ruggito formidabile eruppe dal petto del demente: - Ladro, ladro, urlò, rovini i tuoi figli, la tua famiglia, il tuo nome; ladro! ladro!",no,V1,no,high
Caccianiga_Antonio,Il_Bacio_Della_Contessa_Savina,1888,Caccianiga_Antonio-Il_Bacio_Della_Contessa_Savina-1888.txt,"Era il mio primo viaggio, non essendo mai uscito da Milano che a piedi e per poche miglia. Altre volte l'idea d'un viaggio mi avrebbe acceso d'entusiasmo, allora invece mi metteva spavento; le montagne della Valtellina mi si presentavano alla mente come l'estremo lembo del mondo; chiuso nel mio dolore io non sentiva nemmeno il bisogno di osservare le campagne che fiancheggiavano la via, e i vari paesi che si attraversavano. Il vetturale si arrestava ad ogni osteria, il cavallo non andava mai avanti, e arrivammo a Como dopo la partenza dei battelli a vapore.",no,V1,no,high
Capuana_Luigi,Il_Marchese_Di_Roccaverdina,1901,Capuana_Luigi-Il_Marchese_Di_Roccaverdina-1901.txt,"E quando, accorgendosi della lieve ombra di tristezza che le velava gli occhi o traspariva da un caratteristico atteggiarsi delle labbra, o da una cert'aria stanca della persona, le domandavano se per caso non si sentisse leggermente indisposta, sorridevano credendo che si trattasse di indizi da cui potevano trarsi lieti auspici. Ella negava: «No, no; sto bene, molto bene anzi. Che mi manca?».",no,V1,no,high
Bandi_Giuseppe,Da_Custoza_In_Croazia_Memorie_D_Un_Prigioniero,1866,Bandi_Giuseppe-Da-Custoza-In-Croazia-Memorie-D-Un-Prigioniero-1866.txt,"Ad Agram! Figuratevi, lettori miei, con che sorta di gusto ci avvicinammo a quella metropoli della Croazia, noi che fin da bambini sentivamo parlar de' Croati peggio che de' Vandali o degli Ostrogoti. Credemmo d'andare ad esser mangiati vivi per lo meno.",yes,V1,no,high
Baricelli_Carmela,I_Vinti_Ovvero_Il_Genio_Oppresso,1907,Baricelli_Carmela-I_Vinti_Ovvero_Il_Genio_Oppresso-1907.txt,"E gli stese di nuovo la mano con tanta dolcezza, che Valerio la strinse inebbriato e promise colla piena fiducia di poter mantenere. Uscito dalla casa di Armida, Valerio si sentiva il cuore inondato di gioia. «Egli non l'aveva dunque perduta, ella non gli aveva chiesto nulla delle sue ricchezze, non gli aveva fatto alcuna colpa della condotta di suo padre, nulla!",no,V1,no,medium
De_Amicis_Edmondo,Cuore,1886,De_Amicis_Edmondo-Cuore-1886.txt,"Voi vedete là qualche volta dei ragazzi seduti di contro a una finestra spalancata, a godere l'aria fresca, col viso immobile, che par che guardino la grande pianura verde e le belle montagne azzurre che vedete voi...; e a pensare che non vedon nulla, che non vedranno mai nulla di tutta quella immensa bellezza, vi si stringe l'anima come se fossero diventati ciechi in quel punto. E ancora i ciechi nati, che non avendo mai visto il mondo, non rimpiangono nulla, perché hanno l'immagine d'alcuna cosa, fanno meno compassione. Ma c'è dei ragazzi ciechi da pochi mesi, che si ricordano ancora di tutto, che comprendono bene tutto quello che han perduto, e questi hanno di più il dolore di sentirsi oscurare nella mente, un poco ogni giorno, le immagini più care, di sentirsi come morire nella memoria le persone più amate.",no,V1,no,medium
Negri_Ada,Le_Solitarie,1917,Negri_Ada-Le_Solitarie-1917.txt,"Non potevano dunque servirsi da sé?
  — A sinistra, a sinistra – badava a susurrarle, negli orecchi, la cameriera. – A sinistra, stupida!
  Ma non capiva nulla. Quei cristalli, quei lumi, quella gente ingioiellata, i sorrisi distratti di Nanna e Ninna la schiaffeggiavano in pieno viso. Lasciò il vassoio su un angolo della tavola, volse le spalle, fuggí, selvaggiamente.
  — Mamma! mamma!",yes,V1,no,medium
Dandolo_Milly,Il_figlio_del_mio_dolore,1921,Dandolo_Milly-Il_figlio_del_mio_dolore-1921.txt,"Ella stava seduta sul tavolino così leggermente, pareva così instabile, così leggera, che nessuno si sarebbe stupito di vederla alzarsi ad un tratto ed andarsene, senza far rumore: solo il velo roseo della tenda avrebbe palpitato qualche attimo più rapidamente, come un respiro affrettato nel calore della primavera. Perchè la piccola signora aveva suonato quel giorno il valzer triste di Sibelius? Avrebbe potuto suonare dell’altro, forse: la serenata di Sinding o l’Erotik di Grieg, e sarebbe stata forse la stessa cosa.",yes,V1,yes,high
De_Amicis_Edmondo,Cuore,1886,De_Amicis_Edmondo-Cuore-1886.txt,"Come ti ricorderai allora d'ogni amarezza che le avrai cagionato, e con che rimorsi le sconterai tutte, infelice! Non sperar serenità nella tua vita, se avrai contristato tua madre. Tu sarai pentito, le domanderai perdono, venererai la sua memoria; - inutilmente, - la coscienza non ti darà pace, quella immagine dolce e buona avrà sempre per te un'espressione di tristezza e di rimprovero che ti metterà l'anima alla tortura.",no,V1,no,high
Butti_Enrico_Annibale,L_incantesimo,1897,Butti_Enrico_Annibale-L_incantesimo-1897.txt,"Su la Terra non vi sarebbe stato un uomo più divinamente felice di lui!
‒ Grazie, è inutile, signorina, ‒ disse Aurelio, levandosi d'improvviso in piedi. ‒ Proverò a uscire, proverò a far due passi nel cortile.... Grazie! Studiando il passo, senza più rivolgersi, s'avviò verso la porta.",yes,V1,no,high
Capuana_Luigi,Il_Marchese_Di_Roccaverdina,1901,Capuana_Luigi-Il_Marchese_Di_Roccaverdina-1901.txt,"Perché questo scorato presentimento? Non sapeva spiegarselo. Uscì fuori, oltre la cinta degli eucalipti, su la linea dei seminati che già incominciavano a ingiallire.",yes,V1,yes,medium
Baratono_Pierangelo,Bob_E_Il_Suo_Metodo,1914,Baratono_Pierangelo-Bob_E_Il_Suo_Metodo-1914.txt,Avrebbero camminato magari fino alla consumazione dei secoli: sarebbero passati ai posteri come due nuovi ebrei erranti. Che si burlasse di lui con quella ginnastica forzata? Tanto meglio!,yes,V1,yes,high
Chelli_Gaetano_Carlo,Fabia,1876,Chelli_Gaetano_Carlo-Fabia-1876.txt,"Eugenio mi prega spesso di fargli un po' di musica. Io lo contento, e quando canto una bell'aria e le mie dita scorrono sulla tastiera, egli mi fisa con tale sguardo!... Il suo sguardo è impenetrabile e mi dà fremiti intensi; e quando m'illumina, mi sembra d'esser portata su per le nuvole.",no,V1,no,high
Baratono_Pierangelo,Bob_E_Il_Suo_Metodo,1914,Baratono_Pierangelo-Bob_E_Il_Suo_Metodo-1914.txt,"Oh, non ebbe il coraggio, un giorno, d'accomiatarsi in fretta da un onorevole in procinto di diventare eccellenza? E perchè, poi? Per seguire con compunzione un umile cagnolino, al quale egli aveva prodigata una lieve carezza sul muso e che, forse per l'emozione, forse per più nascosti motivi, s'era messo a starnutare fragorosamente, destando la più viva inquietudine in una vecchia signora, sua legittima proprietaria davanti a Dio ed agli uomini, e la simpatia più intensa dei viandanti, impietositi dall'aria di profondo sconforto e di amarezza indicibile della graziosa bestiola.",yes,V1,yes,medium
Deledda_Grazia,Stella_d_oriente,1890,Deledda_Grazia-Stella_d_oriente-1890.txt,"Dopo, quando Stella cominciò a ridere, a parlare, ad accarezzarlo, anch’egli l’amo, l’amò tanto quasi come una nipotina… Anche Maria amava pazzamente quella bionda angioletta che riportava nella sua vita il sorriso e l’oblio, e quando nessuno poteva vederle, divorava a baci la bambina, insegnandole a chiamarla mamma, perché infine la era davvero. Qualche anno dopo Marco morì. Allora Maria, che odiava sempre la società - quella corrotta società che essa non conosceva, e che tuttavia, l’aveva perduta - realizzò il gran sogno della sua prima gioventù.",yes,V1,yes,medium
Collodi_Carlo,Macchiette,1880,Collodi_Carlo-Macchiette-1880.txt,"Oh! Fatima! come il tuo amore mi avrebbe reso beato! Tu non saprai mai, divina fanciulla, le lacrime che mi costi! tu non saprai mai le notti insonni, che ho passate per te!",yes,V1,no,medium
Rovetta_Gerolamo,Ninnoli,1882,Rovetta-Gerolamo_Ninnoli_1882.txt,"Ma però, dopo qualche settimana, i suoi nuovi amici, vedendo ch'egli lasciava passare il tempo senza far nulla, lo consigliarono apertamente di arruolarsi in un reggimento per essere pronto al bisogno. Ghegola finse, in sulle prime, di accomodarsi volentieri a quel buon consiglio e di esitare soltanto nella scelta fra la cavalleria e i bersaglieri; ma poi, visto che ogni bel giuoco, anche quello del tentenna, non può durare un pezzo, allora, cominciò a rallentare la sua intrinsichezza cogli ufficiali, finchè uscì in certe proposizioni che lo fecero mettere al bando dell'esercito, tanto di quello a piedi che a cavallo.

*
* *

Ghegola era malcontento di Cavour, di Vittorio Emanuele e di Napoleone.... il piccolo! - Egli aveva dei grandi ideali, delle forti aspirazioni: le monarchie erano tutte compagne e avevano fatto il loro tempo;",yes,V1,no,medium
De_Amicis_Edmondo,Cuore,1886,De_Amicis_Edmondo-Cuore-1886.txt,"Buon giorno, ragazzi. Grazie, a rivederlo, signor maestro. E scusino tanto, una povera mamma. - E data ancora di sull'uscio un'occhiata supplichevole a suo figlio, se n'andò, raccogliendo lo scialle che strascicava, pallida, incurvata, con la testa tremante, e la sentimmo ancor tossire giù per le scale.",no,V1,no,medium
Baratono_Pierangelo,Bob_E_Il_Suo_Metodo,1914,Baratono_Pierangelo-Bob_E_Il_Suo_Metodo-1914.txt,"L'accoppiamento era troppo inverosimile: non sbalordiva, inquietava. Poche ore bastano a mutare la sorte di un regno; bastò qualche minuto per immergere l'anima serena di Gaetano Cícaglia nei profondi abissi del dubbio. Raggomitolato sopra una poltrona, le vesti sbottonate e in disordine, egli osservava con terrore la propria immagine, riflessa in uno specchio insieme a quella di Tentenna, che coricato sul tappeto, ai piedi del letto, russava.",no,V1,no,high
Campanile_Achille,Giovinotti_non_esageriamo,1929,Campanile_Achille-Giovinotti_non_esageriamo-1929.txt,"Da che era nato il suo equivoco? Da indizi che lasciavan supporre che i banditi fossero per l’appunto i suoi concittadini, così come, in quella notte famosa, egli li aveva visti partire. Indizio capitale: questi banditi non sapevano giocare; poi, c’era fra loro un prestigiatore (il professor Mefisto, aveva pensato Salomone); c’era un magnetizzatore (il professor Giacobbe); ci doveva essere qualcuno molto forte, per legare e imbavagliare i giocatori aggrediti (il giovine Pancrazio).",yes,V1,no,high
Barrili_Anton_Giulio,Raggio_Di_Dio,1899,Barrili_Anton_Giulio-Raggio_Di_Dio-1899.txt,"Altri correvano a trattenere l'Adelantado, il valoroso don Bartolomeo Colombo, che già abbrancata una lancia si disponeva come Achille a dar dentro. E gli uni e gli altri consigliavano al capitano Porras di non tentare la sorte di una strage fraterna, che anco a lui poteva costare la vita: se ne andasse pure coi suoi, quanti fossero, quanti volessero seguirlo. ""Accetta quell'altro il partito, forse immaginando che a far peggio, e con fortuna, non avrebbe poi evitato un castigo.",no,V1,no,high
Collodi_Carlo,Macchiette,1880,Collodi_Carlo-Macchiette-1880.txt,"Apparve sulla porta il cameriere.
— Andate subito a casa della baronessa e ditele da parte mia…
— Che domani sera l’aspettiamo in casa, — interruppe Maurizio, — per andare insieme al ballo del principe Giuliani. IX
A l tocco dopo mezzanotte si aprirono le sale del Buffet, e il ballo di casa Giuliani, che era stato fin allora piuttosto animato, diventò animatissimo, vertiginoso e direi quasi anche un tantito procace. Perchè il Buffet, bisogna rendergli questa giustizia, ha una virtù singolare: quella, cioè, di far cambiare fisonomia a tutte le feste, a tutti i balli, a tutti i ritrovi geniali.",yes,V1,no,high
Campanile_Achille,Giovinotti_non_esageriamo,1929,Campanile_Achille-Giovinotti_non_esageriamo-1929.txt,"A nessuno aveva voluto dire il perché della sua decisione. Ma, accanto all’immagine di San Piè di Leone, sul portale della piccola chiesa, si vide attaccato, da quel giorno, un cuore d’argento con la scritta: “Per grazia ricevuta, il cuore di Joséphine”. Nel salone da pranzo dell’albergo – un salone all’antica, se vogliamo, con un gran caminetto e alcuni specchi opachi – non rimasero che Salomone,",no,V1,no,high
Rovetta_Gerolamo,Ninnoli,1882,Rovetta-Gerolamo_Ninnoli_1882.txt,"Il povero disgraziato era vicino al termine dei suoi patimenti e de' suoi dolori.... era vicino a morire.... ma moriva come un delinquente, senza una lacrima, senza un rimpianto, senza un saluto; e quest'ultimo dolore che lo attendeva là dove tutti gli sventurati trovano un conforto, impresse sul suo volto, fra le tracce di tante angosce sofferte, il solco profondo di un'angoscia nuova, indescrivibile, straziante.... ma poi, prima dell'agonia, l'espressione mutò, e a poco a poco si diffuse su quel volto scarno, distrutto, una tenerezza ineffabile.... le sue labbra balbettarono un nome, piegò il capo sul capezzale, e fu sorridendo che chiuse gli occhi per sempre. In quel momento, dalla strada, egli aveva udito un ululato lungo, triste, disperato.... Era il saluto di Marco Minghetti.",yes,V1,yes,high
De_Marchi_Emilio,Arabella,1893,De_Marchi_Emilio-Arabella-1893.txt,"Prese tempo qualche giorno prima di rispondere, e quantunque il suo patrigno non osasse chiederle un sacrificio, essa vedeva benissimo che il povero uomo viveva attaccato a questa sola speranza. La mamma non dubitava nemmeno che ella non avesse a dir di sì. Sarebbe stata non solo una ingrata ostinata, ma una sciocca.",no,V1,yes,high
Caccianiga_Antonio,Il_Bacio_Della_Contessa_Savina,1888,Caccianiga_Antonio-Il_Bacio_Della_Contessa_Savina-1888.txt,Io mi era preparato con lunga premeditazione a quell'atto decisivo; ma essa fu colta improvvisamente dalla sorpresa. È naturale che la mia audacia insolita ed inaspettata l'abbia gettata nello sgomento. E poi chi sa quale aspetto presentava il mio volto agitato e sconvolto da un'esaltazione febbrile sopportata per varie ore!... forse le ho fatto paura....,no,V1,no,high
Campanile_Achille,Giovinotti_non_esageriamo,1929,Campanile_Achille-Giovinotti_non_esageriamo-1929.txt,"I giornali fecero ricerche per conto proprio inviando sul luogo i migliori cronisti, e la questione, divenuta d’interesse generale e tenuta viva dalle congetture del popolino, fini per esser portata davanti all’Accademia Scientifica Inglese, che dedicò più d’una seduta al fenomeno e incaricò uno scienziato — il professor Sambuko —di studiarlo sul posto. Qualcuno dei colleghi del professor Sambuko avanzò l’ipotesi che l’oggetto, uscendo dall’orbita d’attrazione della Terra, fosse stato catturato dalla Luna o da qualche pianeta vicino. Ma la cosa parve — ed era difatti — poco verosimile.",yes,V1,no,high
De_Roberto_Federico,L'Imperio,1929,De_Roberto_Federico-L'Imperio-1929.txt,"Avete mai visto una boria simile?... E quella casa? Mi pare un magazzino di tappezziere, quant'è presuntuosa!...",no,V1,yes,medium
Negri_Ada,Le_Solitarie,1917,Negri_Ada-Le_Solitarie-1917.txt,"A dieci anni, una mala caduta sulla brace rovente del caminetto l'aveva ridotta cosí. Per ironia della sorte era cresciuta agile e bellissima di corpo, calda di sangue, chiara nell'animo, pronta nei sensi, certo creata per un destino d'amore, se l'atroce mezza maschera raggrinzita, paonazza, costringendo anche la bocca a una smorfia grottesca nel riso, non l'avesse deturpata senza rimedio.
  Dinanzi all'apparente gaiezza di lei, d'una esuberanza a tratti eccessiva, parenti ed amici pensavano: «Per fortuna è indifferente alla sua disgrazia. Per il mostro non esiste la propria mostruosità.»
  S'ingannavano.",yes,V1,no,high
Dandolo_Milly,Il_figlio_del_mio_dolore,1921,Dandolo_Milly-Il_figlio_del_mio_dolore-1921.txt,"E perchè tutto questo? per colpa di colui ch’era passato nella sua vita come una raffica di primavera ingannevole. Si strinse le mani sugli occhi: e in quell’ombra iridata e fluttuante vide avanzarsi un piccolo uomo biondo con un sorriso indescrivibile nella bocca femminile, le mani bianche sul vestito scuro, un fiore d’oleandro rosa all’occhiello sinistro... Staccò le mani, spalancò gli occhi, si guardò attorno rapidamente per non vederlo più, per confondere e scacciare quell’immagine fra le cose che la circondavano.",yes,V1,yes,high
Campanile_Achille,Giovinotti_non_esageriamo,1929,Campanile_Achille-Giovinotti_non_esageriamo-1929.txt,"Finché, nel passare davanti a uno specchio, il poeta si vide, con le gambettine nude che spuntavano di sotto la camicia. Figurarsi la sua confusione! Cercò di nascondersi sotto una sedia, poi, non essendovi riuscito, corse a completare il suo abbigliamento, passando, non senza rossore, fra un fuoco di fila di commenti salaci.",yes,V1,yes,high
Collodi_Carlo,Macchiette,1880,Collodi_Carlo-Macchiette-1880.txt,"Dopo una mezz’ora che il Buffet è aperto, l’allegria e il brio perdono la loro nota giusta e salgono due toni sopra: il cicaleggio sommesso e discreto si muta in loquacità, e la loquacità in frastuono. I visi che prima erano pallidi, si coloriscono: gli occhi che poco fa saettavano a scappa scappa e di sotterfugio, ora che hanno trovato in un bicchiere di madera quel coraggio che non avevano, dardeggiano audacemente e mandano lampi e faville: i cuori battono più accelerati: il valzer, la polka, il galop pigliano la foga e il turbinìo indiavolato delle ridde fantastiche nella ballata tedesca: le mani si stringono le une colle altre, e attraverso alla pelle madida del guanto, si capiscono a meraviglia; i ginocchi, incrociandosi e insinuandosi nei passi cadenzati della maurka, parlano anche essi un linguaggio mistico e furtivo, e si confidano mille voti e mille desiderii ardentissimi, come se Dio benedetto, avesse dato anche a loro il dono della parola: le dame non si appoggiano più con elegante timidezza ai loro cavalieri, ma si abbandonano fiduciosamente sui loro cavalieri, come il figliuol prodigo sul seno paterno… insomma, e per farla corta, si direbbe quasi che tutte quelle coppie danzanti e febbricitanti, istigate e messe su dal Sauterne, dal Reno e dallo Sciampagna (tre perfidi, ma simpatici consiglieri) abbiano finito collo sbarazzarsi lì per lì di quel fior di galanteria tradizionale e correttissima, che fu sempre il segno più spiccato e caratteristico di una certa classe sociale, che per non essere confusa colle altre, si lascia chiamare volentieri coll’appellativo onorifico di «buona società.»
Oh! la così detta buona società!… Per conoscerla dal suo lato bello e farse ne un’idea esatta, bisogna vederla a digiuno! Dopo il Buffet, è un po’tardi…
L’umanità, quando ha bevuto un dito di più, si somiglia tutta.",yes,V1,no,high
Saluzzo_Roero_Diodata,Novelle,1830,Saluzzo_Roero_Diodata-Novelle-1830.txt,"Furono mal intese queste voci dalla turbata Eleonora, ma scesero nel cuore del capitano, ed accrebbero il suo dubitare. Tacque Giorgio della Trinità, e le due eccelse donne tacevano similmente; ma per la prima volta sorse un pensiero della sorte propria in cuore d'Isabella, ed una luce divina per la prima volta le mostrò la colpa sua, che divenir poteva palese agli uomini, siccome lo era a Dio; conobbe il pericolo, e però stavano tutti fra pensieri diversi assai, alfine il cavaliere volle richiamare il ragionamento a cose minori, e fors'anche volle ricondurvi il pensiero suo proprio, poiché se più non durava un primo sospiro ch'egli diede ad Eleonora, la memoria infelice e profonda bastava a spegnere in lui ogni desiderio di un maritaggio, ove non avesse ritrovato ombra e sembianza almeno di quel nobilissimo amore. A lei chiese perché non avesse accompagnato di un suo canto l'offerta fatta dalle dame subalpine, ed ella tostamente rispose: «Non tutti vedono Eleonora coll'occhio medesimo con cui suole vederla il conte della Trinità.",no,V1,yes,medium
Dandolo_Milly,Il_figlio_del_mio_dolore,1921,Dandolo_Milly-Il_figlio_del_mio_dolore-1921.txt,"Chi, chi avrebbe potuto rimanere vivo in quel paese desolato sul Po? Solo la vecchia madre era rimasta a custodire nella casa cadente le memorie dei figli che non avrebbe riveduti: e solo la madre di Lalage era tornata, pallida, muta, con a fianco la fanciulla disfatta: Lalage era venuta: nessun sepolcro era abbastanza sepolcro per lei.",yes,V1,yes,medium
Saluzzo_Roero_Diodata,Novelle,1830,Saluzzo_Roero_Diodata-Novelle-1830.txt,"Arrigo del Carretto detto il Guercio, avolo di Antonino aveva fatto conquista da gran tempo, a poco a poco delle Lande de' Monti, delle Torri, onde divenuto vero Principe d'ogni uomo, s'impossessò parimenti d'ogni altra cosa; e doveva Antonino col crescere dell'età signoreggiare le campagne così assoggettate. Ora passa tre lustri soltanto di due anni.",no,V1,no,high
Tenca_Carlo,La_Ca_Dei_Cani,1840,Tenca_Carlo-La_Ca_Dei_Cani-1840.txt,"Cecilia! E che cosa ha Cecilia? le prese forse qualche male, non sarebbero ancora finiti i guai? Ciò detto, lasciò andare Martino e corso alla scaletta salì i gradini a quattro a quattro coll'ansietà di chi teme un pericolo e non sa quale.",no,V1,no,medium
Campanile_Achille,Giovinotti_non_esageriamo,1929,Campanile_Achille-Giovinotti_non_esageriamo-1929.txt,"Abbandonato dagli uomini, privo di vaporetti e di turisti: forse era questa la ragione della sua tristezza? Gli abitanti del luogo non lo degnavano di un’occhiata. Dediti alla caccia, invece che alla pesca, costoro s’arrampicavano su per le colline circostanti e — pùm pàm! — tutte le attenzioni erano per le creature del cielo.",yes,V1,yes,medium
Dasti_Luigi,La_Capanna_Del_Vaccaro_Vol1,1846,Dasti_Luigi-La_Capanna_Del_Vaccaro_Vol1-1846.txt,"Quantunque ella
soggiunse,
ella soggiunse, noi povere
donne non possiamo mai sapere precisamente che
cosa bolle in pila, quando i nostri innamorati ci
dicono taute belle cose. Eh Carolina mia, bi-
sogna essere un po' birbe... intendiamoci... bise-
gna non essere tanto gonze, onde non farci gab.
bare da questi galantuomini...
"" M


Non t'inquietare,",no,V1,yes,medium
Negri_Ada,Le_Solitarie,1917,Negri_Ada-Le_Solitarie-1917.txt,"Ho finito. Adesso tocca a voi.
*
  Francesco, il primogenito, le rispose:
  — Vieni con me.
  Era buono, Francesco; e guadagnava piú di cinque franchi al giorno, in una fabbrica d'automobili.",yes,V1,no,high
Campanile_Achille,Giovinotti_non_esageriamo,1929,Campanile_Achille-Giovinotti_non_esageriamo-1929.txt,"Ma i vicini non dànno loro ascolto, perché arrossirebbero di avere spiegazioni dai ragazzini, che, d’altronde, costituiscono l’orgoglio dei loro genitori. Ed ecco gli studenti. Cari studenti squattrinati!",yes,V1,no,medium
Negri_Ada,Le_Solitarie,1917,Negri_Ada-Le_Solitarie-1917.txt,"Si scompare, ci si trasforma, si rivive, diversi. In qual libro aveva letto questo? Era stanca di soffrire della sua spalla sporgente, del suo viso di topino spaurito, de' suoi genitori sudici ed avidi, del suo ufficio saturo d'odor d'inchiostro e di ceralacca, del vuoto in cui l'anima le boccheggiava.
  Avesse almeno un ricordo d'amore, lontano, lieve, illusorio, per custodire il quale le sembrasse necessario sentir battere il proprio cuore.",yes,V1,yes,high
Dasti_Luigi,La_Capanna_Del_Vaccaro_Vol1,1846,Dasti_Luigi-La_Capanna_Del_Vaccaro_Vol1-1846.txt,"Voi siete bella figia, charmante
fille quanto a Carolina non lasciava di guar--
dar tutta, ma si fissava in ispecie sulla cavalle--
ria leggiera, di cui v'erano due squadroni; in
ciascuno di quelli uffiziali essa credeva di veder
Rodolfo.. Pensando però ch' egli non poteva tro-
varsi fra loro e che gemeva forse malatticcio au--
cora, fini coll' attristarsi. Già da più giornui le truppe francesi comandate
da Commuueau occupavano tranquilamente Cor--
neto, e già quelle dirette du Merlin avevan inco-
suinciato l'assedio de Civitavecchia, i di cui abi-
tauti fidando nei loro baluardi e fortificazioni 'ave- ·
vano risposto col cannone alle intinazioni di re--
sa; senza che Carolina avesse pointo avere poti--
ze ulteriori di Rodolfo.",no,V1,no,medium
Capuana_Luigi,Il_Marchese_Di_Roccaverdina,1901,Capuana_Luigi-Il_Marchese_Di_Roccaverdina-1901.txt,"La penso così.» Ella pensava diversamente. Era entrata con molta cautela in camera, non volendo svegliare il marchese, se per caso dormisse ancora.",no,V1,no,high
De_Marchi_Emilio,Arabella,1893,De_Marchi_Emilio-Arabella-1893.txt,"""Sei qui?"" Il Berretta mandò fuori un ululo d'uomo strozzato... Era il signor Tognino.",no,V1,no,high
Dandolo_Milly,Il_figlio_del_mio_dolore,1921,Dandolo_Milly-Il_figlio_del_mio_dolore-1921.txt,"Lalage, aveva fatto morire suo padre, aveva fatto piangere sua madre, aveva fatto piangere chi non sapeva piangere più; e non contenta di questo, con le sue stesse mani aveva straziata anche la sua stessa vita, e per sempre. Pensava questo, seduta sui gradini, presso l’albero, nel sole che la bruciava; poi, quando era tardi, s’alzava, se ne andava, perchè neppure quel giorno egli sarebbe venuto. Il ricordo di lui era così strettamente legato in tutto il suo essere ai pochi giorni di sole vissuti con lui, che aveva bisogno di abbandonarsi al sole, d’inebriarsi di sole, di vivere nel sole, di farsi bruciare dal sole, per sentirsi più vicina a lui.",yes,V1,yes,high
Capuana_Luigi,Il_Marchese_Di_Roccaverdina,1901,Capuana_Luigi-Il_Marchese_Di_Roccaverdina-1901.txt,"E...!». La sfilata degli improperi non finiva più se qualcuno, venuto ad informarsi dello stato del marchese, tentava di scusare la povera signora che avea dovuto mettersi a letto appena giunta a casa, con febbre che durava ancora e faceva temere per la sua vita. «Qui, qui era il suo posto!...",no,V1,yes,medium
Carcano_Giulio,Damiano,1850,Carcano_Giulio-Damiano-1850.txt,"Il povero Rocco disse queste poche parole con un accento così vero e doloroso, che il vecchio amico di Vittore si sentì come scosso ne' pensieri, s'accese d'un sospetto; e stringendo con forza il braccio del giovine: - Dite, dite su, presto - balbettò fra l'ira e il terrore - forse qualche disgrazia.... forse la buona Stella, la figliuola del mio Vittore.... non mi fate mistero! andiamo. - Io non so, ma è per lei.... per quel caro angiolo che io tremo.... rispose Rocco, pieno di gioja segreta perchè il vecchio l'avesse compreso, prima ch'egli cominciasse a parlare. E, subito: - Per carità!",no,V1,no,high
Barbieri_Ulisse,In_Basso,1885,Barbieri_Ulisse-In_Basso-1885.txt,- Avreste qualche cosa da ridire?  - Noi?... - Ci capisci qualche cosa tu?... -,no,V1,no,high
Campiglio_Giovanni,Uberto_Visconti,1831,Campiglio_Giovanni-Uberto_Visconti-1831.txt,"Non siete voi vissuto ventiquattro anni in pace con Galeazzo suo padre ? e con lui stesso foste voi un istante solo disposto a dichiarargli la guerra?  -  Che se ad ogni modo volete vederlo, abbracciarlo ; se egli come la Volpe ha sua forza ne' denti e nella scaltrezza, voi non siate, come l'Istrice, sì confidente da deporre le vostre armi : egli scortato da cinquecento lancie passerà per Milano ; voi con altre cinquecento andate ad incontrarlo fuor delle mura. Un silenzio profondo succedette all'osservazione di Medicina ; e finalmente, rompendolo, con voce grave Lodovico si attentò di soggiungere :  -  Padre mio, non isprezzate il consiglio di Medicina; panni che in esse sia molta saggezza.  -  Sì veramente, Lodovico, a voi sempre piacque assai la prudenza; ma non avrebbe così detto il mio Ambrogio, se ancora fosse vivente.  -  E non di meno a me non costa che un cenno raccogliere cinquecento lance , e presentarmi, da esse scortato, armato io pure al mio nipote.ù",no,V1,no,high
Deledda_Grazia,Stella_d_oriente,1890,Deledda_Grazia-Stella_d_oriente-1890.txt,"Addio…»
– Ciò che provò la bambina, la fanciulla non rammentava bene, ma si ricordava aver davvero scolpito nell’anima e seguite le massime di Maria fino al giorno in cui erasi innamorata di Maurizio…
– Maurizio!?… Quel figlio di nobilissima schiatta, quel marchese i cui avi ascendevano in linea retta sino a Wilfrido d’Oriente, creato marchese di Santo Stefano da San Luigi di Francia, dopo la presa di Damietta, - Wilfrido l’amico del sire di Joinville, Wilfrido che aveva per insegna una testa d’aquila con un nastro al collo in cui si leggeva:
– “Libero, nobile e forte”?… E Stella l’amava ardentemente, dimentica completamente del suo voto!",yes,V1,no,medium
Negri_Ada,Le_Solitarie,1917,Negri_Ada-Le_Solitarie-1917.txt,"Cinguettavano fra liete amiche.
  Ella rivide, in quel lampeggiare di luci, i ciuffi d'ortensie, i gladíoli e gli ireos formanti il corteo della principessa Olivia.
  Un confuso senso di vergogna la inchiodava a tre passi dall'uscio vetrato, col vassoio di tortelli che le tremava fra le mani. Chi erano quelle persone in abiti di seta e in marsina nera? Perché proprio lei doveva servirle?",yes,V1,yes,high
Dandolo_Milly,Il_figlio_del_mio_dolore,1921,Dandolo_Milly-Il_figlio_del_mio_dolore-1921.txt,"Dario figliuolo d’Istaspe, re dei Persiani e di tutta la Terraferma...» Le parve di sentirselo così vicino come se la toccasse negli atomi di quell’ombra, come se la stringesse in quell’oppressione intollerabile. Strinse convulsamente le mani sul davanzale, l’una all’altra, e provò la sorpresa impetuosa e abbagliante che domani, nonostante le parole di suo padre, non avrebbe potuto non uscire, non aspettarlo, non sorridergli, non avvicinarsi a lui, non abbandonarsi alla gioia di rivederlo, di camminare nel sole con lui. Per la prima volta nella sua vita avrebbe disobbedito, lei,",yes,V1,yes,high
Negri_Ada,Le_Solitarie,1917,Negri_Ada-Le_Solitarie-1917.txt,"Si guardi, è vecchio! Tenga per sé i suoi biglietti da cento e se ne vada. Mi fanno orrore.",no,V1,no,high
Negri_Ada,Le_Solitarie,1917,Negri_Ada-Le_Solitarie-1917.txt,"Mariano. Sguardo e bocca che le si appiccicavano addosso, succhiandole sangue e pensiero.
  Mariano Conti teneva volentieri le mani in tasca. Forse vi nascondeva un coltello, per tirarlo fuori, di sorpresa, quando meno uno se l'aspettava.
  E dava, invero, la sensazione d'una lama di coltello, nel corpo allampanato, nel volto triangolare, nelle pupille taglienti.",no,V1,no,medium
De_Marchi_Emilio,Arabella,1893,De_Marchi_Emilio-Arabella-1893.txt,"L'avvocato chetò la donna con un gesto della manina e seguitò: ""Noi, ripeto, non possiamo impugnare l'autenticità di quel documento chirografico e io sarei non una, ma due volte mentecatto, se volessi contrapporre a questo un altro testamento del '78, da me in parte ispirato e alle mie mani affidato dalla stessa defunta signora Carolina, due anni prima che si facessero sentire e operassero sopra di lei delle influenze, che mi limiterò a chiamare per ora poco leali e poco corrette. Di queste disposizioni del '78 farò dar lettura a voi tra poco, affinché possiate conoscere se le ispirazioni del vostro avvocato erano in quel tempo, come s'è voluto far credere da maligni interessati, subdole e rapaci"". E sollevando a un tratto il tono della voce, con un severo aggrottamento dei sopraccigli, soggiunse: ""Signori!",no,V1,no,high
Dasti_Luigi,La_Capanna_Del_Vaccaro_Vol1,1846,Dasti_Luigi-La_Capanna_Del_Vaccaro_Vol1-1846.txt,"Titta nell' udire quella¦


notizia aveva ricevuto un colpo mortale, perchè
temeva di veder cedere Carolina alle lusinghe del 
francese, ed allora tutto era finito per lui. Per
assicurarsi da sè stesso dello stato dell' affare,
erasi presentato in quel modo alla capanna, Al
lorchè nell' entrare vide Carolina seduta ' presso
Y infermo, e tutta intenta, non al lavoro, che
giaceva non curato sulle ginocchia di lei, ma
invece alle parole, ch'egli dirigevale. accompa
gnate da teneri sguardi,",no,V1,no,medium
Carcano_Giulio,Damiano,1850,Carcano_Giulio-Damiano-1850.txt,"Ma, dopo fatta codesta risoluzione, tornava alle idee di prima; sentiva più vivo l'insulto sofferto; pensava che l'unica via di lavarlo era quella di forzare il giovine signore a stargli a fronte: quantunque sapesse d'esporsi a quasi certa morte, si compiacque per alcuni dì in tale consiglio; indifferente, se non pago, di togliersi alla vita, la quale, allora più che mai, parevagli difficile a portare. Non ne volle dir nulla a sua madre; e divisava il modo di costringere il nobile seduttore a battersi con lui. Poi, dopo una notte vegliata nel tormento dell'anima, ripensando a sua madre, alla Stella, a Celso, sentì mancarsi il coraggio di morire.",no,V1,no,high
Caracciolo_Enrichetta,Misteri_Del_Chiostro_Napoletano,1864,Caracciolo_Enrichetta-Misteri_Del_Chiostro_Napoletano-1864.txt,"E la ragione fu questa: il canonico era cristiano di cuore e di coscienza, non per ispirito di partito o per orgoglio; era ministro al servizio della sofferente umanità, e non istrumento di casta feroce. Eglino, al contrario, stavano molto al disotto di lui, e per condotta morale e per ingegno e per dottrina. Ne conseguiva che diametralmente opposta a' sentimenti del subalterno essendo la condotta de' superiori, indarno avrebbero questi tentato di penetrare per mezzo del confessore nell'anima della penitente.",no,V1,no,high
Caracciolo_Enrichetta,Misteri_Del_Chiostro_Napoletano,1864,Caracciolo_Enrichetta-Misteri_Del_Chiostro_Napoletano-1864.txt,"L'ampolla scorre: terminiamo la meditazione!». Non riparlarono del suicidio del fratello, se non che sedute alla mensa comune, fra il lesso e l'arrosto, secondo il detto volgare. Ad un'altra suora giunse per lettera l'annunzio della morte di sua sorella; in quel momento suonava la campana del refettorio.",no,V1,no,high
Bersezio_Vittorio,La_Testa_Della_Vipera,1896,Bersezio_Vittorio-La_Testa_Della_Vipera-1896.txt,Ella capisce.... Lei sa... - Vuoi i denari?... Eccoli.,no,V1,no,medium
Collodi_Carlo,Macchiette,1880,Collodi_Carlo-Macchiette-1880.txt,"Prosaici genitori!… E con qual coraggio osate parlare di materasse, di letti e di spese di casa a due anime innamorate che, disdegnose di alloggio e di commestibili, si sentono capaci di vivere di rugiada e di canto, come le cicale?…
Per buona sorte, amore, quando dice davvero, è pieno di ripieghi e d’ingegno. Intercettate le comunicazioni dirette, la bella fanciulla cominciò a cantare nella sua stanza, un mezzo tono sopra: Sento che povero
Sento che povero (bis)",yes,V1,yes,medium
Negri_Ada,Le_Solitarie,1917,Negri_Ada-Le_Solitarie-1917.txt,"E tutto nel mondo è lí, per essere preso da chi lo vuole e lo sa prendere. Capisci?
  No, non capiva. Ma egli la baciò a piene labbra, da padrone, rovesciandole indietro la testina anemica: piantandole un morso nella fontanella della gola, dove l'arteria batteva batteva, precipitosa.",yes,V1,no,medium
Campanile_Achille,Giovinotti_non_esageriamo,1929,Campanile_Achille-Giovinotti_non_esageriamo-1929.txt,"Fissa il mare, quasi chiudendo gli occhi al riverbero del sole, e anche lui, poverino, si gode correttamente la sua modesta parte di spiaggia. È venuto a prendere una boccata d’aria. Che per caso abbia lasciato la famiglia in città e se ne sia venuto al mare, al contrario di come fanno tutti? Ma, forse, non ha bambini, e pensa proprio a questo.",yes,V1,yes,high
Deledda_Grazia,Stella_d_oriente,1890,Deledda_Grazia-Stella_d_oriente-1890.txt,"Stella pensò: – Nei primi tempi cercherò di tuffare i miei ricordi fra divertimenti, fra il lusso e le feste, le emozioni di un viaggio attraverso paesi incantevoli e città meravigliose: poi verranno le cure di madre e allora… oh, allora sarò felice, sì, felice!… Voglio esserlo! E nella sua mente non passava neanche rapidamente il pensiero che Dio poteva niegarle anche quel conforto: no, Dio non poteva essere così ingiusto!
– Ah! – disse Ruggero dopo un lungo silenzio. – Chi tace acconsente, signorina… Posso avere qualche speranza?",yes,V1,no,high
Lombroso_Zefora_Gina_Elena,Profili_e_paesaggi_della_sardegna,1869,Lombroso_Zefora_Gina_Elena-Profili_e_paesaggi_della_sardegna-1869.txt,Guai a colui che non rispetta la divisa del re; — Sas minetas de su Re si devent timire. Le minaccie del re si devono temere. Il canonico Spano non ha potuto raccogliere che tre proverbi sardi che parlan del mare; e anche in questa lacuna vediamo fedelmente rappresentata la ripugnanza di quel popolo per l’onda salsa che pure offriva loro tante liete promesse di commerci e di ricchezze.,no,V1,no,high
Dandolo_Milly,Il_figlio_del_mio_dolore,1921,Dandolo_Milly-Il_figlio_del_mio_dolore-1921.txt,"Il sole era così bruciante, l’acqua così abbagliante, la sua anima così colma di primavera e di sole che non potè sopportare, che non potè sopportarsi, e sorrise e singhiozzò. Egli le strinse il braccio un attimo con la piccola mano. E solo più tardi, oh non molto più tardi! ella comprese perchè mai anche la gioia abbia i suoi singhiozzi.",yes,V1,yes,high
Tenca_Carlo,La_Ca_Dei_Cani,1840,Tenca_Carlo-La_Ca_Dei_Cani-1840.txt,"Animo, su, perchè stai lì rattrappito, e fai così brutta ciera a quel povero animale? Quando lo conoscerai più davvicino, non gli vorrai più quel gran male che ora gli vuoi, perch'egli, vedi, è la miglior pasta di cane che esista. Prova soltanto a fargli un cenno, una carezza, e vedrai.",no,V1,no,medium
Campanile_Achille,Giovinotti_non_esageriamo,1929,Campanile_Achille-Giovinotti_non_esageriamo-1929.txt,"Ma, dopo pochi passi, si sentì richiamare:
“Fagiolino”.
“Che c’è?”
“Vieni, sii buono.”
“Niente! Che scherzi sono questi del pollo?”
“Senti, ti piacciono i tartufi?”
“Moltissimo” disse il poeta, rientrando.
“Averlo saputo! Te ne facevo trovare qualcuno.”
Sofia cercò di rabbonire l’ospite, nei riguardi del pollo.
 
“È un caro animale” disse.
“Dev’essere anche molto buono” osservò Fagiolino, guardandolo con cupidigia.
“Buonissimo.”
“Se ce lo mangiassimo?”
“Ma lei è matto.”
Tutti presero posto e Salomone, sbadatamente, fece cadere il vino sulla tavola.",no,V1,no,high
Negri_Ada,Le_Solitarie,1917,Negri_Ada-Le_Solitarie-1917.txt,"Del resto, che le importava? Saziarsi di quella frase, ripeterla su tutti i toni, era una delle ragioni di vivere di suo marito; e lei... lei era stata sposata appunto per questo: perché era una piccola donna, una donna comune.
  Giorno dopo giorno, mese dopo mese, anno dopo anno. Giacomo, il primogenito, metteva i baffi ed entrava in liceo:",yes,V1,yes,high
Negri_Ada,Le_Solitarie,1917,Negri_Ada-Le_Solitarie-1917.txt,"Si sentiva il cuore inesauribile, fresco d'un zampillo perenne. Amore, sí. A tal parola non sapeva dare altro significato: lei, che aveva riso sulla faccia al fittabile del Castelletto, il quale l'avrebbe tolta dalla scuola per sposarsela in letizia: che non entrava mai senza un brivido nella casa di Vanni Conti, il suo piccolo prediletto, pel terrore d'incontrarvi lo sguardo e la bocca del fratello maggiore,",yes,V1,no,medium
Nievo_Ippolito,Il_Barone_Di_Nicastro,1860,Nievo-Ippolito_Il-Barone-Di-Nicastro_1860.txt,"Resteremo noi. 
Il Barone rimase a sua volta con tanto di bocca, che mai non gli era occorso contendere con un filosofo pratico di tanto valore. L’ingenuo Yankee non parve accorgersi di cotal maraviglia, e riprendendo dopo breve pausa il filo del discorso: 
- Alla peggio e alla meglio, continuò, faremo degli Spagnuoli quello che costoro fecero delle tribù paesane.",no,V1,no,high
Negri_Ada,Le_Solitarie,1917,Negri_Ada-Le_Solitarie-1917.txt,"Forse era ammalata. Ognuno lo pensò, non potendo, non sapendo trovare altra ragione al mutamento. E se ne stettero impressionati e quieti, sperando che l'indomani l'avrebbero ritrovata, gaia e ridente come sempre, la loro maestra: quella che nessun'altra poteva sostituire, quella che amavano ed alla quale erano avvezzi, come alla presenza materna.
  Ma costei era morta.
  Al suo posto si moveva, parlava, insegnava l'abbaco e l'alfabeto un'altra donna, lontana, indifferente, – inutile.",yes,V1,no,high
Barbieri_Ulisse,In_Basso,1885,Barbieri_Ulisse-In_Basso-1885.txt,che volevano essi fare?... quale era il loro scopo?... Intorno a lei tutto era mistero. Si trovava l'eroina o la vittima d'un romanzo bizzarro quanto strano?...,no,V1,yes,high
Barrili_Anton_Giulio,Raggio_Di_Dio,1899,Barrili_Anton_Giulio-Raggio_Di_Dio-1899.txt,"Gli antichi, come vedete, avevano modo di nobilitare il sangue, facendolo di qualità diversa dalla comune degli[tn346] uomini. Noi no; tutti di sangue rosso, mortale, di pari composizione; al più al più (lasciatelo dire ad un Fiesco, che ha studiato medicina a Pavia) guastato da qualche umore maligno, per effetto di troppe unioni in famiglia. Ma torniamo al fatto.",no,V1,no,high
Campanile_Achille,Giovinotti_non_esageriamo,1929,Campanile_Achille-Giovinotti_non_esageriamo-1929.txt,"Eterni sognatori! Aspettavano un treno stranissimo, mai visto; un treno col tubo della locomotiva lungo fino al cielo, con una cravattina a farfalla e, in cima al fumaiolo, la paglietta; un treno con grossi pantofoloni divergenti al posto delle ruote. Ed ecco che il treno arrivò fischiettando, con un bastoncino di bambù, e gli eterni sognatori vi presero posto, per partire e non fare mai più ritorno.
“Prendiamo anche noi questo treno,” disse Salomone “ha tutta l’aria di andare a Roma.”
S’affollarono all’uscita dalla sala d’aspetto.
“Oh”, fece il guardasala, quando Fagiolino gli presentò il biglietto “lei parte?",yes,V1,no,high
Saluzzo_Roero_Diodata,Novelle,1830,Saluzzo_Roero_Diodata-Novelle-1830.txt,"Il sonno gli venne impedito dalla propria memoria non che dall'aria freddissima che il circondava, dal duro sedile di pietra, dal terrore che regnava fra l'oscurità della grotta, sicché ristette poche ore, poscia avviluppato nel mantello da pellegrino riprese la via dell'erta. Su quell'erta soffiava il gelido vento che era sorto col nascere del sole. Dalle rive disabitate, in quell'ora silenziosa ancora gridògli però una voce lontana: «Cavaliero, ove t'avvii? certo alla chiesetta delle alpi; se tale è il tuo pensiero, il pietoso cielo ti salvi dalla morte che trovarono su per la strada alpestre molti viatori».",no,V1,no,high
Deledda_Grazia,Stella_d_oriente,1890,Deledda_Grazia-Stella_d_oriente-1890.txt,"Maurizio si domandò quand’era avvenuta la visita del medico da lui non veduto, e sul tardi chiese notizie di Stella alla di lei cameriera che lo informò come e qualmente la signorina si fosse levata tanto presto che lei dormiva ancora. Maurizio rimase di sasso. Che significava tutto ciò?",yes,V1,no,high
Butti_Enrico_Annibale,L_incantesimo,1897,Butti_Enrico_Annibale-L_incantesimo-1897.txt,"Che fare? Dio mio, che fare? I giorni erano eterni; le ore, interminabili; lenti lenti, i minuti.",yes,V1,yes,high
Deledda_Grazia,Stella_d_oriente,1890,Deledda_Grazia-Stella_d_oriente-1890.txt,"Don Francesco non insisteva. Egli non era il vero specchio delle virtù coniugali: anzi si narravano molte avventure galanti sul suo conto che per fortuna non giungevano tutte sino alla marchesa che, del resto, punto gelosa, viveva sorridente, amata da tutti, amando tutti, pazzamente Maurizio. Le costava tanto!",yes,V1,no,medium
Capuana_Luigi,Il_Marchese_Di_Roccaverdina,1901,Capuana_Luigi-Il_Marchese_Di_Roccaverdina-1901.txt,"Se lei potesse dire agli altri debitori: ""Fare come ho fatto io..."".» «Penserebbero: ""Il marchese di Roccaverdina è proprio ammattito!"". E dovrei stuzzicare il vespaio io?",no,V1,no,medium
Capuana_Luigi,Il_Marchese_Di_Roccaverdina,1901,Capuana_Luigi-Il_Marchese_Di_Roccaverdina-1901.txt,"Un giorno la moglie cade malata, arriva in punto di morte, e prima di ricevere i sacramenti, glielo giura davanti al sacerdote con l'ostia consacrata in mano, davanti a tutti. ""Sto per presentarmi al cospetto di Dio!"" Oh!",no,V1,no,high
De_Marchi_Emilio,Arabella,1893,De_Marchi_Emilio-Arabella-1893.txt,"Tutti si voltarono verso il prete, che rosso e caldo in viso quanto si poteva vedere al disotto del suo colorito di vecchia pipa, agitando le mani legnose e parlando coi soliti gusci in bocca, raccontò a chi ne aveva bisogno come veramente la signora Carolina avesse scritta, firmata e poi trattenuta la carta; come, prima di morire, avesse fatto segno di aver firmato, ma in quel momento entrò il sor Tognino, reduce da Lodi, dov'era stato chiamato tra i giurati, s'impadronì delle chiavi, e addio. Firmata o non firmata, una carta ci doveva essere, laddove invece... ""Laddove invece,"" seguitò l'Angiolina, picchiando un pugno sulle carte dell'avvocato e voltandosi verso l'adunanza a predicare, ""laddove invece s'è trovata una bella...""",no,V1,no,high
De_Roberto_Federico,L'Imperio,1929,De_Roberto_Federico-L'Imperio-1929.txt,"Del resto la fermezza in una opinione non può esser segno di cocciutaggine, di angustia di mente? Studiando, cercando nei libri le opinioni altrui, egli non ne aveva trovato due esattamente eguali: ed erano opinioni di filosofi, di scienziati, di critici insigni. Tutte le ipotesi, tutti gli ideali più contradittorii possono essere confortati da qualche grande autorità: se ognuno crede di aver ragione, vuol dire o che l'hanno tutti o che non l'ha nessuno.",yes,V1,no,high
De_Roberto_Federico,L'Imperio,1929,De_Roberto_Federico-L'Imperio-1929.txt,"Donna Paola si mise a ridere. Remigia stessa, che non aveva ancor proferito parola, esclamò con tono di indulgente rimprovero che non riesciva a nascondere il sorriso provocato dallo sproposito: ""Oh, mamma!..."" mentre Consalvo rideva rumorosamente: ""Ah! Ah!",no,V1,no,high
Chelli_Gaetano_Carlo,Fabia,1876,Chelli_Gaetano_Carlo-Fabia-1876.txt,"Già figuravasi di esser morta, e le pareva di sentirsi beata, al riparo delle passioni umane... L'arrestarsi del legno la richiamò violentemente alla realtà, e come scorse avvicinarsi un'ombra che stava appoggiata presso la porta di casa sua e l'ebbe riconosciuta, tremò che Giorgio avesse potuto penetrare la di lei risoluzione, o per una parola sfuggitale, o per qualunque altra causa. Giuocando allora il tutto pel tutto, si decise d'invitare il conte ad accompagnarla su, onde meglio ingannarlo.",no,V1,yes,high
Butti_Enrico_Annibale,L_incantesimo,1897,Butti_Enrico_Annibale-L_incantesimo-1897.txt,"Pareva che un altro principio di vita fosse entrato in lui: pareva che qualcuno fosse uscito da lui, furtivamente, e avesse portato seco il triste fardello delle debolezze, degli scoramenti, delle disperazioni. Senz'indugio, egli provò il bisogno di concentrarsi, di mettersi all'opera, d'organizzare e di concretare le idee, che gli eran nate spontanee e confuse dopo la lettura dei giornali. Non era in esse la materia d'un articolo vivace e concettoso?",yes,V1,no,medium
Capuana_Luigi,Il_Marchese_Di_Roccaverdina,1901,Capuana_Luigi-Il_Marchese_Di_Roccaverdina-1901.txt,Ho sentito dire che non vogliono fare eccezioni.» «Le dita della mano non sono tutte uguali! Non sei il marchese di Roccaverdina per niente!,no,V1,no,high
Barbieri_Ulisse,In_Basso,1885,Barbieri_Ulisse-In_Basso-1885.txt,Il pierrot si atteggiò in modo da poter imprimergli un vigoroso slancio. - Attento!... -  gridò il pagliaccio. ,no,V1,no,high
Negri_Ada,Le_Solitarie,1917,Negri_Ada-Le_Solitarie-1917.txt,"L'amore! Con tutti i volti, tutti i nomi, tutte le fiamme, tutte le carezze, tutte le lagrime. Viverlo, almeno un giorno.",yes,V1,no,medium
Dandolo_Milly,Il_figlio_del_mio_dolore,1921,Dandolo_Milly-Il_figlio_del_mio_dolore-1921.txt,"Sì, bisognava morire. Sapeva come. Sarebbe uscita una sera, sarebbe andata al Lido, si sarebbe isolata in fondo, lontano dalle ville, dai giardini, e poi, nel buio, fra i massi carezzati dall’onda fluente e rifluente, si sarebbe lasciata prendere dall’ondata e portare lontano, nel buio.",yes,V1,yes,high
Carcano_Giulio,Damiano,1850,Carcano_Giulio-Damiano-1850.txt,"Il nostro buon padre, che Dio ce lo conservi sempre, si trova in un mar d'affari e d'angustie; è naturale, vorrebbe fare il bene per tutti. Ora ha pensato ch'egli avrebbe bisogno d'un segretario, d'una persona di confidenza, fatta a suo modo, di quelle che raramente si trovano; il caso gli mise proprio innanzi, alcun tempo fa, un giovine che promette bene di sè, che può e deve riuscire; questo giovine è povero, egli lo tirò con sè, e pensa a dargli un avvenire; io, com'è giusto, supplisco con quella pensioncella di che vi diceva; e così si fa due beni in uno. - Qualche cosa ne sapeva, rispose il consigliere; ma mi consolo sempre, ogni volta che sento parlar d'una buona azione. - Le dirò, signora contessa, prese allora la parola il padre Apollinare, che nella famiglia di quel giovine c'è ancora del bene a fare. È una di quelle famiglie, e so quel che dico, le quali, al pari di mille e mille del popolo, cominciano pur troppo a sentire in sè una specie di marasmo, di dissoluzione morale, che sono il frutto di certe dottrine sovvertitrici, spaventose, diffuse da più di un mezzo secolo per tutta Europa; zizzania sociale che va pigliando ogni dì più terreno e radice.",no,V1,no,high
Butti_Enrico_Annibale,L_incantesimo,1897,Butti_Enrico_Annibale-L_incantesimo-1897.txt,"Da quell'umil rifugio egli, come un'aquila destinata ai trionfi, avrebbe preso il gran volo per il mondo popoloso, alle battaglie del progresso umano, alla conquista della gloria. Che cosa omai avrebbe potuto arrestarlo? Quale forza terrena sarebbe riuscita a opporsi all'impeto del suo ingegno e della sua volontà?",yes,V1,no,high
De_Roberto_Federico,L'Imperio,1929,De_Roberto_Federico-L'Imperio-1929.txt,"Nobilissimo, ricchissimo, stava alla Estrema Sinistra, portavoce più tonante, presiedeva tutti i comizii radicali, all'aria aperta, scriveva articoli di fuoco nei fogli più accesi - ed era l'amante di sua cugina donna Teresa Duffredi Uzeda dei prìncipi di Casaura, ed aveva i gusti più raffinati ed i costumi più signorili. I democratici di nascita e di professione non lo credevano sincero; ma se ne giovavano, come egli si giovava di loro; perché l'utile era la grande molla di tutti, a destra e a sinistra, in alto e in basso; e tutti lo sapevano benissimo, nonostante le sonore proteste di nobili disinteressi e di suprema idealità. Se si fosse buttato tra i democratici, sarebbe stato accolto a braccia aperte, sostenuto a spada tratta, e, per giunta, tutti quei capoccia conservatori che adesso lo guardavano dall'alto in basso, come il primo venuto, o che lo trattavano peggio, con un'aria di protezione, senza far niente per lui, lo avrebbero riverito e temuto, se egli li avesse affrontati.",no,V1,no,medium
Deledda_Grazia,Stella_d_oriente,1890,Deledda_Grazia-Stella_d_oriente-1890.txt,"Passò una ben triste notte e per tre o quattro giorni seguitò così perché Stella - e lui se ne avvedeva - non solo evitava di trovarsi soli, ma di guardarlo in viso!... Anch’egli diventò triste. Don Francesco si assentò per alcuni giorni; sicché Donna Anna faceva sovrumani sforzi per rendere allegra la mensa di Mambrilla, sempre circondata di convitati, vicini di campagna, perché i suoi figli non parlavano più, assorti eternamente in strani pensieri, e se sorridevano era con sorrisi forzati, come sussulti.",no,V1,yes,high
De_Roberto_Federico,L'Imperio,1929,De_Roberto_Federico-L'Imperio-1929.txt,"l'an passà era tutta una cosa col Milesio!..."" Ma poiché il Broggi non riconosceva l'importanza di quell'argomento, ella insisteva ancora: nell'ottanta, sotto il gabinetto Luzio, quando Grimaldi era ministro e Milesio capitanava l'opposizione, forse che le cose non erano andate allo stesso modo? Forse che Milesio non aveva attaccato ferocemente quel Grimaldi che poi doveva tenere nel proprio ministero?",yes,V1,yes,medium
Emiliani_Giudici_Paolo,Beppe_Arpia,1851,Emiliani_Giudici_Paolo-Beppe_Arpia-1851.txt,"Certo giorno una certa signora bizzarra ed arguta, congratulandosi con lui degl'ingegni peregrini che sempre ha prodotti e produce il regno di Napoli, il barone Maccheroncino le disse: - Ci sono anche lí le bestie, signora mia, e sono in gran numero, e adesso le spiego il perché tutti i napoletani che ella ha conosciuti, sono stati sempre personaggi distinti. Bisogna ch'ella sappia che il governo, innanzi di rilasciare un passaporto per l'estero, esamina bene se l'individuo che lo chiede potrà fare onore al paese; e quindi tutti coloro i quali viaggiano all'estero, sono uomini facoltosi e cultissimi; per le bestie, che da noi si chiamano lazzaroni, le frontiere del regno rimangono chiuse. - Dunque ella - ripigliò prontamente la signora - le ha passate di contrabbando? - Uno scoppio universale di risa di tutta la conversazione, ricacciò la risposta in gola al baroncino, il quale d'altronde non avendo capito bene il pungente epigramma, principiò a ridere anch'esso senza saperne il perché. Avendo detto alla stessa signora ch'egli si sentiva una irresistibile vocazione per la carriera diplomatica, e chiamava iniqua la fortuna e stolti i governi che lo lasciavano fuori del campo dove egli era nato per operare portenti, colei gli promise che si sarebbe valsa della buona amicizia che le mostrava il ministro Fossombroni, per farlo mandare in qualità di incaricato d'affari alla Repubblica di San Marino. - Troppo lontano - disse egli ringraziandola della gentile protezione - nonostante, per principiare m'indurrò volentieri a imprendere un tanto lungo e pericoloso viaggio di mare, e mi recherò subito in America presso il governo di quella repubblica. - E per darle ragione di questo madornale sproposito che non era il piú grosso de' tanti che in un quarto d'ora sdrucciolavano fuori dalla sua bocca, la sappia che il nostro baroncino, spinto da questa monomania diplomatica, va spiando dappertutto, e raccogliendo i minimi pettegolezzi della città, e la sera li rispiffera nelle conversazioni e tiene allegre le brigate.",no,V1,no,high
Capuana_Luigi,Il_Marchese_Di_Roccaverdina,1901,Capuana_Luigi-Il_Marchese_Di_Roccaverdina-1901.txt,E vedrete che don Aquilante finirà pazzo anche lui!» «Mi par di sognare!» «Povera marchesa!,no,V1,no,medium
Dandolo_Milly,Il_figlio_del_mio_dolore,1921,Dandolo_Milly-Il_figlio_del_mio_dolore-1921.txt,"Una notte ella aveva veduto qualcuno che stava fermo in piedi presso la chiesa, e fissando gli occhi nella scarsa luce l’aveva riconosciuto. Ella aveva letto tanti libri d’amore, ma non aveva pensato mai che da quelle pagine un uomo avrebbe potuto uscire e avrebbe potuto venire a metterle una mano sul piccolo cuore libero e palpitante. Un uomo!",yes,V1,yes,medium
Saluzzo_Roero_Diodata,Novelle,1830,Saluzzo_Roero_Diodata-Novelle-1830.txt,"Rinvenne e precipitossi nelle gallerie, respingendo Cassandra che fermarla voleva. Si sospinse nella unica sala illuminata, dove vicino a focolare alto ed ardente, fra gli stemmi degli avi e le armi de' prodi appese alle dorate pareti sedevasi il canuto Giovanni con Baldassare, già rivestito di lorica e di spada, mentre stava innanzi a lui armato, ma senza nessuna divisa, Collaltino in piedi cogli occhi scintillanti e con la fronte colorita, in atto di entrare in quell'istante.",no,V1,no,high
Carcano_Giulio,Damiano,1850,Carcano_Giulio-Damiano-1850.txt,"Se la paura fosse stata più forte del rimorso?.... - No, no; dopo quel ch'è stato jeri, scommetto che ha creduto più sano di cambiar aria. - Così, per causa sua, abbiam perduto un giorno! E chi sa.... - L'aveva detto io che bisognava lasciarlo a cuocer nel brodo colui; e alla bella prima venir qui a cercar di quella poveretta. Damiano stava pensoso; e di lì a un momento, afferrando l'amico per mano: - E se tentassimo adesso d'entrar là dentro?.... di vedere, di sapere almanco.... - A quest'ora?",no,V1,no,medium
Saluzzo_Roero_Diodata,Novelle,1830,Saluzzo_Roero_Diodata-Novelle-1830.txt,"I fratelli prepararono a se stessi ed al padre cavallo ed armatura; e mentre Antonio chiamò a sé la figlia, e la condusse in quello stesso giardino, ove ella sedeva poc'anzi cantando, egli si pose sotto la medesima quercia e parlò così: «Oh! misero, misero, chi non è cittadino d'una patria! chi vive lontano dal suolo ove nacque! Non io credeva giammai che lo sposo di Guglielmina fosse nato a tal destino; Guglielmina, vieni fra le braccia del padre! onorati del nome dei Viclaressi, poiché nol puoi di quello degli Spelluca; ed oh! così ne dolesse allo Spelluca, come a me ne duole!",no,V1,no,high
Negri_Ada,Le_Solitarie,1917,Negri_Ada-Le_Solitarie-1917.txt,"Cosí libera e cosí fiera, con un passo cosí elastico e rapido che c'era da mozzarsi il fiato a volerla seguire, quando divorava in tre salti la strada, dalla fabbrica alla sua casa. Bei capelli, non castani, non rossi, vivi, capricciosi; e due lampade elettriche al posto degli occhi... E parlava di rifare il mondo e l'umanità!
  — Biglietti da mille? molti vorrei averne, io, signorina – ridacchiò Cajrati. – Tanti, da poterli gettare a manciate sulla faccia del prossimo, da ubriacarmene, da farne indigestione.",yes,V1,no,high
Rovetta_Gerolamo,Ninnoli,1882,Rovetta-Gerolamo_Ninnoli_1882.txt,"Giunto a casa, salì e si chiuse nel suo quartierino senza passare a salutar la padrona; entrò subito nella camera da letto e staccò una sciabola bene arrotata che aveva appesa al capezzale, e ch'egli chiamava, con gergo soldatesco, la sua madonna. Ma, ahimè, povero Ghegola! lo stridore che fece la spada nell'uscir dal fodero, e la vista di quella lama così lunga, così larga, con quelle due dita di punta, con quel filo che la faceva parere un gigantesco rasoio, gli fece correre un brivido per tutto il corpo. Se invece di colpire l'Aimoni con una stoccata, gli fallisse il colpo, e quell'altro forasse a lui il petto con un simile spadone?...",yes,V1,yes,high
Deledda_Grazia,Stella_d_oriente,1890,Deledda_Grazia-Stella_d_oriente-1890.txt,"Non chiamatemi sentimentale, no, io non lo sono mai stata! Sono innamorata, null’altro che innamorata; non vi dico, come usano tutte le fanciulle, del primo amore, ma del più forte amore che abbia mai provato, d’un amore che, lo vedrete, mi sarà fatale! Ellen tacque, probabilmente perché la sua voce veniva interrotta dal pianto… Poi, dopo qualche istante, vedendo che Maurizio muoveva le labbra per parlare, riprese con voce bassa, quasi indistinta:
– Abbiate pietà di me!",no,V1,no,high
Campanile_Achille,Giovinotti_non_esageriamo,1929,Campanile_Achille-Giovinotti_non_esageriamo-1929.txt,"Fu aperta la pesante porta dei sotterranei dello Stadio e la folla fece ala, in silenzio, per veder uscire i misteriosi criminali, che per tanto tempo avevan tenuto il mondo sotto l’incubo di colpi, che miravano a scuotere la compagine del calcio e a minare la serietà del diporto.
“Salomone,” fece Fagiolino, trasalendo “non odi tu?”
Oh, potenza dei ricordi, oh, nostalgia di terra lontana! Dai sotterranei dello Stadio usciva una dolce voce che, parlando al capo carceriere, così s’esprimeva:
“Ma ditemi, amico mio, voi non foste per caso il guardiano dell’Harem del deposto sultano turco?”
Seguì lo schiocco d’un manrovescio.
“Abdallah!” gridò Salomone. E svenne; mentre scoppiavano gl’inni della vittoria e, dai sotterranei dello Stadio, uscivano in fila indiana, collegati da una pesante catena, e con grosse palle di piombo ai piedi, il vecchietto di cui ci sfugge il nome, il magnetizzatore dei boccali di birra, il podista suo malgrado, col panierino della colazione, il figlio del Guardiano dell’Harem, col turbante gemmato, il pirata Maldacea in alta uniforme, l’indiano nascosto nella stiva, con l’eterno pugnale fra i denti, il boxeur Negro, il ladro in guanti gialli,",yes,V1,no,high
Saluzzo_Roero_Diodata,Novelle,1830,Saluzzo_Roero_Diodata-Novelle-1830.txt,"Dio ottimo, ricevi l'abbattuto smarrito mio spirito. Dove, ah! dove sono?... L'ultima volta... sposo... figlio... ch'io vi oda!... io manco».",no,V1,yes,medium
Campanile_Achille,Giovinotti_non_esageriamo,1929,Campanile_Achille-Giovinotti_non_esageriamo-1929.txt,"Non c’è caso che si mostrino un momento di buon umore. Sempre tetri, malinconici, e qualche volta addirittura funerei. Si può sapere che diavolo hanno?",yes,V1,yes,medium
Negri_Ada,Le_Solitarie,1917,Negri_Ada-Le_Solitarie-1917.txt,"La menzogna è divenuta, naturalmente, una camicia invisibile che mi sta attaccata alla pelle. Un cilicio, piuttosto. Poiché questo è il terribile, che io non ho bisogno di parlare per mentire.",no,V1,no,high
Butti_Enrico_Annibale,L_incantesimo,1897,Butti_Enrico_Annibale-L_incantesimo-1897.txt,"Ma un gemito lieve o un fruscìo di coltri smosse venivan dal letto, dove giaceva l'inferma; ed egli d'improvviso era richiamato al senso esatto della realità. Allora un'irritazione amara s'impossessava del suo spirito; una specie di rimorso gli feriva il cuore, da prima fievole e confuso, poscia lucido e tagliente come una lama affilata: ‒ irritazione contro sè stesso, contro la sua debolezza che aveva evocato un mondo chimerico in contrasto con tutte le sue ambizioni, con tutti i suoi principii ‒ rimorso per l'obliquo disegno riparatore, ch'egli aveva già inconsciamente abbozzato, in presenza dell'avola ancor viva. Oh, al risveglio, riflettendo, quel suo sogno di pace futura gli sembrava abbominevole!",yes,V1,yes,high
Tenca_Carlo,La_Ca_Dei_Cani,1840,Tenca_Carlo-La_Ca_Dei_Cani-1840.txt,"Figuratevi che non volle mai concedere al duca Alberto d'Austria che togliesse in isposa Violante mia nipote, e che tutte le istanze che fece quel bravo principe andarono vane.
- E che cosa importa al duca d'Austria del beneplacito del papa? disse lo Spinola. Non è egli tanto potente da farne senza?
-",no,V1,no,high
Campanile_Achille,Giovinotti_non_esageriamo,1929,Campanile_Achille-Giovinotti_non_esageriamo-1929.txt,"Quando il treno si ferma, la stazione viene staccata e i viaggiatori arrivano e partono; un minuto prima che il convoglio si metta in moto, la stazione viene riattaccata. Quei viaggiatori, che ella ha visto scendere e salire alle varie fermate, son sempre gli stessi, perché viaggiano con la stazione. Le posso dire, in via confidenziale, che il treno viaggia portandosi dietro anche i binarii: un cerchio che gira intorno a esso.”
Sempre la stessa stazione, dio mio!",yes,V1,no,high
Negri_Ada,Le_Solitarie,1917,Negri_Ada-Le_Solitarie-1917.txt,"Giornali socialisti, dal titolo e dai caratteri di fiamma, vi entravano, fra le mani dei robusti adolescenti e dei loro compagni di laboratorio e di lega. La sera, intorno alla tavola, sotto il giallo becco del gas, per bocca loro, con frasi balzanti e frementi, si ricomponeva la società secondo un magnifico assetto ideale. Tutti ricchi ad un modo!",yes,V1,no,medium
Negri_Ada,Le_Solitarie,1917,Negri_Ada-Le_Solitarie-1917.txt,"Era stato un puro artista della ricchezza; e si era servito, per conquistarla, di tutti i mezzi possibili, fuor di quelli che intaccano troppo il codice. Per conquistarla: non per goderla. Che godere!",yes,V1,no,medium
Deledda_Grazia,Stella_d_oriente,1890,Deledda_Grazia-Stella_d_oriente-1890.txt,"Maria prese la bimba, l’esaminò, la baciò, e insieme con le vicine accorse, fece tutte le congetture possibili sulla misteriosa provenienza d’essa. Ma nulla!... Neppure una cifra sulle vesti, non un segno, un indizio: solo un bigliettino in cui era scritto: «Non è ancora battezzata.» La battezzarono e la chiamarono Stella.",yes,V1,no,high
De_Roberto_Federico,L'Imperio,1929,De_Roberto_Federico-L'Imperio-1929.txt,"Non c'è forse uomo, tra i più semplici, tra i più ciecamente obbedienti all'istinto della vita, tra i più invasi dal male della vita, che in qualche fuggevole istante non sia abbagliato dalla verità e non intravvede il male suo e dei suoi simili, ma quanti sono coloro che ne hanno l'esatta, la piena, la ferma coscienza? Quanti sono stati coloro che si sono uccisi, non già per sfuggire ad un determinato dolore, ma persuasi della fatalità del dolore universale? In ogni tempo si sono visti e uditi predicatori dell'insania della vita, del male dell'essere, della vanità del tutto; ma costoro non hanno uniformato i loro atti al loro concetto.",no,V1,no,high
Negri_Ada,Le_Solitarie,1917,Negri_Ada-Le_Solitarie-1917.txt,"Fanny Marsan chinava su un fastoso lavoro di ricamo, verde su oro, la faccia d'un pallore spettrale, gravata da un casco di ricci tinti violentemente di rosso. Teodora Polas, una giovine greca che parlava tutte le lingue e aveva i freddi occhi azzurri di Pallade in un volto statuario, faceva, per noia, per gioco, roteare la trottola d'una minuscola roulette.
  Io sentivo la malinconia, un'impalpabile ed invincibile malinconia, penetrare come la nebbia, come il crepuscolo, nelle anime di quelle sradicate.
  Avevano esse, lontano, in qualche angolo del mondo, un focolare che le aspettava? O l'avevano abbandonato per sempre?",yes,V1,no,high
Lombroso_Zefora_Gina_Elena,Profili_e_paesaggi_della_sardegna,1869,Lombroso_Zefora_Gina_Elena-Profili_e_paesaggi_della_sardegna-1869.txt,"La febbre terzana non fa mai suonar campana. Sa frebbe quartana sos bezzos bocchit et sos jovanos sanat. La febbre quartana i vecchi uccide e i giovani risana.

Sa frebbe attunzale o est longa o est mortale.",no,V1,no,high
Deledda_Grazia,Stella_d_oriente,1890,Deledda_Grazia-Stella_d_oriente-1890.txt,"Oh, chi lo ratteneva dallo slanciarsi nella stanza di Ruggero e soffocarlo, e squarciargli nuovamente la ferita?…
– Ma con qual dritto? – Quella domanda fattagli, piuttosto che dalla sua coscienza, da una voce simile a quella di Ninnia, così gli sembrava, lo calmava come per incanto, ma d’una calma ben triste che nascondeva qualcosa di terribile: la calma della palude. Dopo una lotta tremenda, disperata, fra l’amore e il dovere, la calma che rivestiva Maurizio nascondeva una risoluzione ultima, triste, decisa: il suicidio! Il giovine diceva fra sé:
– Eccomi a te, miss Ellen, che forse sei morta maledicendomi!",yes,V1,no,medium
De_Amicis_Edmondo,Cuore,1886,De_Amicis_Edmondo-Cuore-1886.txt,"Le mettevan sotto gli occhi, come grandi meraviglie, degl'insetti piccolissimi, che non so come facessero a vederli e a raccoglierli, dei mezzi tappi di sughero, dei bottoncini di camicia, dei fiorellini strappati dai vasi. Un bambino con la testa fasciata, che voleva esser sentito a ogni costo, le tartagliò non so che storia d'un capitombolo, che non se ne capì una parola; - un altro volle che mia madre si chinasse, e le disse nell'orecchio: - Mio padre fa le spazzole. - E in quel frattempo accadevano qua e là mille disgrazie, che facevano accorrere le maestre: bambine che piangevano perché non potevano disfare un nodo del fazzoletto, altre che si disputavano a unghiate e a strilli due semi di mela, un bimbo che era caduto bocconi sopra un panchettino rovesciato, e singhiozzava su quella rovina, senza potersi rialzare. Prima d'andar via, mia madre ne prese in braccio tre o quattro, e allora accorsero da tutte le parti per farsi pigliare, coi visi tinti di torlo d'ovo e di sugo d'arancia, e chi a afferrarle le mani, chi a prenderle un dito per veder l'anello, l'uno a tirarle la catenella dell'orologio, l'altro a volerla acchiappare per le trecce. - Badi, - dicevano le maestre, - che le sciupan tutto il vestito. - Ma a mia madre non importava nulla del vestito, e continuò a baciarli, e quelli sempre più a serrarlesi addosso, i primi con le braccia tese come se volessero arrampicarsi, i lontani cercando di farsi innanzi tra la calca, e tutti gridando: - Addio!",no,V1,no,medium
Dandolo_Milly,Il_figlio_del_mio_dolore,1921,Dandolo_Milly-Il_figlio_del_mio_dolore-1921.txt,"E forse non sa, è vero, forse non sa! Come sono stanca ora! Anche a Venezia tutto è stanco; la gente va via; ai primi di settembre andremo via noi pure: dalla nonna, in campagna, presso al Po.",no,V1,yes,medium
Negri_Ada,Le_Solitarie,1917,Negri_Ada-Le_Solitarie-1917.txt,"Nessuno aveva mai saputo delle straordinarie visioni che sfilavano sulle pareti interne del suo cervello. Erano il suo tesoro: taceva perché non gliele rubassero.
  Spinta al matrimonio, presa, maneggiata con allegra brutalità, nulla aveva ceduto di sé, se non il corpo; e l'aveva ceduto male, nella contrattura d'un disgusto fisico che ad ogni volta si rinnovava, eccitando, invece di stancarla, la massiccia sensualità del marito. Era rimasta custode (o schiava?) dell'anima propria, chiudendola in sé come si chiude l'acqua in un pozzo profondo.
  Ma, camminando la luna nel cielo, viene il momento nel quale il suo disco argenteo si riflette, in pieno, nel cerchio geloso; e l'acqua nera, dal fondo, ne rabbrividisce di gioia e di speranza, sommovendosi, trasfigurandosi in tremolii di brillanti e di perle.
  Ad illuminare la buia anima solitaria, distaccata in cosí assoluto modo dalla realtà quotidiana, era sopravvenuta la malia d'un sogno.",yes,V1,yes,medium
Caracciolo_Enrichetta,Misteri_Del_Chiostro_Napoletano,1864,Caracciolo_Enrichetta-Misteri_Del_Chiostro_Napoletano-1864.txt,"La fede, che sino a quel punto aveva con impero dispotico agito sulla mia volontà, quella fede che io aveva veduta deturpata in pratiche di pietà imbecille, vituperata, nell'odio per tutto quello che non portasse in sé l'impronta ieratica, quella fede, dico, la sentii allora quasi rifluire in me per gagliardi zampilli nel libero esercizio delle facoltà dell'anima, nell'operosità del pensiero e del sentimento, nella partecipazione alle miserie altrui. Che più? le note, che, nei momenti della consacrazione e dell'elevazione, scioglieva l'organo, m'inondarono d'ineffabile dolcezza, mi commossero, m'ingentilirono; né uscii mai dalla messa meglio disposta alla carità, di quanto lo fui quando mi venne fatto di respirare le aure stesse, onde il cristianesimo trae vita e vigore.",no,V1,yes,high
Baratono_Pierangelo,Bob_E_Il_Suo_Metodo,1914,Baratono_Pierangelo-Bob_E_Il_Suo_Metodo-1914.txt,"Parla! Certo, stava per dirgli che, al pari dell'ermellino, sarebbe morta della macchia, ch'egli voleva imporle.  - Temo...",no,V1,no,medium
Campanile_Achille,Giovinotti_non_esageriamo,1929,Campanile_Achille-Giovinotti_non_esageriamo-1929.txt,"Chi erano dunque i banditi del calcio? Il povero sindaco ci perdeva la testa. Finché, a forza di pensare, gli si chiusero gli occhi per la stanchezza e dopo poco si udì nella camera un rumore ritmico e profondo, come d’uomo che russi.
* * *
 
Era una notte di luna; o, forse, era una notte senza luna; una volta tanto non si ha notizia di questo importante particolare; insomma era una notte con o senza luna e ben presto sul paese si levò quel vocìo confuso che cullava le notti di Pontesullago, dove, come sappiamo, tutti gli abitanti avevano l’abitudine di parlare in sonno.",yes,V1,no,high
Dasti_Luigi,La_Capanna_Del_Vaccaro_Vol1,1846,Dasti_Luigi-La_Capanna_Del_Vaccaro_Vol1-1846.txt,"Delle
grida replicate s'intesero dapprima nella bottega,
indi si osservò un andare e tornare di gente
freitolosa; pareva che il raccapriccio ed il ter-
rore fossero su i volti. Il signor Prospero fu il
primo ad avvedersene, ed uscì dalla bottega per
informarsi di quanto avveniva. Maestro Antonio
falegname passava allora appuuto, e gridava :",no,V1,no,high
Emiliani_Giudici_Paolo,Beppe_Arpia,1851,Emiliani_Giudici_Paolo-Beppe_Arpia-1851.txt,"Ignazio, piangendo sempre, lo aiutava a dir le preghiere in suffragio dell'anima. Appena finite le cerimonie consuete, lo trasse da canto e gli messe in mano una borsa con cento scudi dentro, perché ne dicesse tanto bene per quell'anima santa; già non ve n'era bisogno, ed avrebbe scommesso un occhio che l'era in luogo salvo, nondimeno per non avere rimorsi di coscienza, la voleva far suffragare; promettendogli che il padre di certo avrebbe largite piú pingui elemosine alla chiesa dove era sepolto il suo unico figliuolo, la gioia della sua vita. Al povero prete quel cento scudi parvero come cascati per isbaglio dalla tasca della provvidenza, e non capiva in sé dall'immensa contentezza; perocché quell'anno, fagiuoli scarsi, grano poco, vino pochissimo, olio punto, la sua esistenza trovavasi tutta appoggiata alla sola sagrestia, dalla quale per i tempi che correvano c'era da ricavar poco, per il poco numero e la condizione miserabile del gregge a lui affidato, e gli sarebbe forse toccata la trista ventura di andare scroccando la vita, ventura dolorosa, alla quale - esempio piú presto unico che raro per un prete di campagna - si sentiva poco inclinato.",no,V1,no,high
Rovetta_Gerolamo,Ninnoli,1882,Rovetta-Gerolamo_Ninnoli_1882.txt,"Il capitano è uomo di cuore!

*
* *

Mezz'ora dopo, il buon Michele, leggiero, svelto, felice, colla fisonomia ridente e l'occhio limpido, imboccava la Via Nazionale canterellando il motivo del duetto: mia vita l'amarti - Se' tutto per me. E confrontando allora quella sua contentezza gaia, serena e confidente, colla torbida infelicità, l'amaro dubbio e il malessere del giorno prima, non potè a meno di domandare in confidenza a sè stesso: -",no,V1,no,medium
De_Marchi_Emilio,Arabella,1893,De_Marchi_Emilio-Arabella-1893.txt,"Son più che un uomo malato, sono un uomo che si sfascia. Senti, ho la febbre. Non ho più forza.",no,V1,yes,high
Barrili_Anton_Giulio,Raggio_Di_Dio,1899,Barrili_Anton_Giulio-Raggio_Di_Dio-1899.txt,S. X. M. Y Xpo FERENS.,no,V1,no,high
Emiliani_Giudici_Paolo,Beppe_Arpia,1851,Emiliani_Giudici_Paolo-Beppe_Arpia-1851.txt,"L'Amalia giaceva sopra un fianco, avea gli occhi socchiusi, la faccia infiammata, se non che in quel momento la irrequietudine febbrile non glie ne scomponeva i contorni: fra le torture della febbre l'Amalia era anche bella. L'Adelina, dopo d'avere carezzata la fante, dicendole che per miracolo era potuta salir su e introdursi fino in camera senza essere vista, soggiunse che avrebbe posta in pericolo la propria vita per avere la consolazione di vedere la signorina, e la pregava, che mentre si provava di farglisi riconoscere e favellarle, vegliasse onde, venendo qualcuno, avvertirla. - Povera signorina! La vogliono ammazzare; consolatela, consolatela - disse la fante asciugandosi gli occhi col grembiule, ed ubbidí, piantandosi innanzi l'uscio nella camera anteriore.",no,V1,no,high
Butti_Enrico_Annibale,L_incantesimo,1897,Butti_Enrico_Annibale-L_incantesimo-1897.txt,"No, non provava nulla di tutto ciò; egli si sentiva il cuore arido e gelato come non mai. La sua inerzia dolorosa doveva aver dunque ben altre origini; ma quali, quali? ‒ Nel più forte dell'incertezza, per allontanarsi vie più dall'ipotesi temuta, egli s'indugiava allora a esaminare con maggior pacatezza lo stato delle cose e dell'anima sua, a indagare dentro e fuori di sè tutte le cause possibili del male ond'era afflitto; e a mano a mano riusciva a illudersi con le più umili supposizioni, ora riversandone la colpa su la nonna che insisteva per volerlo trascinare con sè, ora imaginando un'infermità del suo sistema nervoso che l'assiduo studio e l'intensità delle concezioni dovevano avere affranto e debilitato. Esaurita l'indagine, gli pareva d'esser calmo e libero d'ogni timore: voleva coricarsi e dormire, ma un impulso cieco lo spingeva d'un tratto verso il balcone, dov'egli rimaneva lungamente immobile e ritto nell'oscurità, ad ascoltare commosso il gorgoglio delle acque nel giardino o il grido querulo dei gufi nelle altitudini della pineta.",yes,V1,yes,high
Deledda_Grazia,Stella_d_oriente,1890,Deledda_Grazia-Stella_d_oriente-1890.txt,"Sentiva di amare appassionatamente Stella, di non trovare felicità se non dopo averla fatta sua sposa, ma prima di parlarne ai genitori voleva sapersi amato da lei. Sì, la voleva… era d’uopo… e tuttavia provava una strana paura di chiedere amore a quella fanciulla che fino a pochi mesi prima considerava come sorella, alla quale aveva dato tanti baci, lui il cui sangue ardeva al pensiero di baciarla, ora lo credeva un peccato di cui essa sarebbesi offesa. – Domani!… – esclamava tra sé. E l’indomani aspettava con ansia fossero soli, tremava, ardeva e non diceva mai nulla!",yes,V1,yes,high
Dandolo_Milly,Il_figlio_del_mio_dolore,1921,Dandolo_Milly-Il_figlio_del_mio_dolore-1921.txt,"Pensava, allontanandosi, che vi era qualche cosa da dire, che non si erano capiti, che non si erano parlati. Domani. Si sarebbero parlati ancora, si sarebbero capiti.",yes,V1,no,high
Barrili_Anton_Giulio,Raggio_Di_Dio,1899,Barrili_Anton_Giulio-Raggio_Di_Dio-1899.txt,"Non dimentichiamo di dire che la prima delle sei, Caterina, fu tra le ripudiate: strana sorte, dopo che a forza l'avevano voluta tenere. Il suocero suo, Enrico VII, era chiamato il Salomone dell'Inghilterra; per la sua molta saviezza, certamente, non già per la sua magnificenza. Aveva ricevuto dalla Spagna dugento mila scudi d'oro per la dote, che per quei tempi era un gran fatto.",no,V1,no,high
Deledda_Grazia,Stella_d_oriente,1890,Deledda_Grazia-Stella_d_oriente-1890.txt,"Ora invece si accorgeva essere essa cosa vera; cosa soprannaturale, ma vera! Forse che tutti i sentimenti da lui provati per Ninnia erano altro che la voce del sangue?
– Maurizio? – chiamò don Francesco. Il giovine si scosse dai suoi ricordi, dai suoi pensieri, alzò il capo, sorrise a sua madre e guardò il marchese: lo vide pallido, quasi livido, e credendo si sentisse male disse premurosamente alzandosi: – Che mai avete?
– Io? non ho nulla, ma penso al castigo dato da Dio ai miei falli.",yes,V1,yes,medium
Deledda_Grazia,Stella_d_oriente,1890,Deledda_Grazia-Stella_d_oriente-1890.txt,"Finalmente capiva il cambiamento dell’addobbo del salotto e della toeletta della contessa.
– È giovine? – chiese una signora.
– Giovanissima; può avere venti anni.
– Peccato che manchi Ruggero! – disse una voce in tono di scherzo. A quel nome la contessa aggrottò terribilmente le sopracciglia rivolgendosi vivacemente, e chissà che avrebbe risposto, se non si fosse accorta essere stato il suo vecchio amico il duca ad esclamare quello scherzo famigliare. In quel punto donna Morella, entusiasmata di Stella, avrebbe svelato il suo pensiero circa il suo preferimento della sua lettrice su tutte le altre borghesi, se non si fosse ricordata che le signore che la circondavano, tutte chi più chi meno titolate, erano state testimonie delle sue sfuriate contro miss Ellen e Ruggero.",no,V1,no,high
Butti_Enrico_Annibale,L_incantesimo,1897,Butti_Enrico_Annibale-L_incantesimo-1897.txt,"Così i giorni succedevano ai giorni senza rimedio, senza novità, senza mutamenti; e luglio in tanto era venuto e inoltrava, un luglio torrido e polveroso, essiccato da un chiarore feroce, petrificato dall'assidua bonaccia dell'aria e dell'acqua, immobili come cristalli. A rompere la torbida monotonia di questo periodo, un dubbio nuovo e inatteso era piombato d'improvviso la sera innanzi nell'anima dell'inerte, scotendone la volontà, svegliandone la coscienza, illuminandone la ragione. Non era stato che un attimo, un lampo, uno di quei bagliori fuggevoli che incendiano per poco l'oscurità e si spengono; ma in quell'attimo la latebra d'un'altra anima s'era svelata a' suoi sensi, e un dubbio era sòrto, il dubbio dolce e tremendo d'una grande cosa ch'egli non aveva avuto il tempo di desiderare, prima di conoscere e di temere.",yes,V1,yes,medium
Castelnuovo_Enrico,Il_Fallo_Di_Una_Donna_Onesta,1897,Castelnuovo_Enrico-Il_Fallo_Di_Una_Donna_Onesta-1897.txt,"Ultimamente... Qui Venosti si guardò intorno, abbassò la voce, e passò il braccio sotto quello del suo interlocutore. - Ultimamente... non è un segreto per nessuno, nemmeno per voi ch'eravate lontano... mi disse lei che sapete tutto... ultimamente ell'ebbe il torto di lasciarsi far la corte da quell'ufficialetto di marina... quel di Reana... figliuolo di un'antica compagna di collegio, un ragazzo. - In fin dei conti - insinuò Vergalli con uno sforzo - la signora Valdengo è padrona di sè... non ha obblighi verso nessuno... - Sì e no... Verso di voi, per esempio... - Nè verso di me, nè verso altri - replicò Mario Vergalli in tono reciso.",no,V1,no,high
Castelnuovo_Enrico,Il_Fallo_Di_Una_Donna_Onesta,1897,Castelnuovo_Enrico-Il_Fallo_Di_Una_Donna_Onesta-1897.txt,"Da Massaua naturalmente avrebbe riscritto anch'egli per dir la sua impressione sulla nostra colonia e sulle donne abissine per le quali i suoi compagni mostravano una curiosità indiscreta ed incomprensibile. In quanto a lui aveva troppo impresse nella memoria certe donne bianche per sentir la tentazione delle negre. Di Reana finiva ringraziando la Teresa d'avergli dato una felicità di cui egli non era degno e che non avrebbe dimenticato giammai, e rievocando le memorie dell'ultimo giorno passato insieme.",no,V1,no,medium
Deledda_Grazia,Stella_d_oriente,1890,Deledda_Grazia-Stella_d_oriente-1890.txt,"Eppoi stasera arriva Maurizio: bisogna essere alla villa! Saltò nella barca. Don Francesco riprese il remo, ma sentiva qualcosa di pesante sul capo, uno strano malessere che gli toglieva tutte le forze;",yes,V1,no,high
Campiglio_Giovanni,Uberto_Visconti,1831,Campiglio_Giovanni-Uberto_Visconti-1831.txt,"Però, bisogna dirlo, se grande fu il dolore di Gian-Galeazzo nel dipartirsi dalla moglie, egli ben pienamente lo seppe comprimere una volta che colle sue genti fu in istrada: egli più non parlò nemmeno di pericoli; e solo con Jacopo dal Verme si trattenne intorno la fedeltà delle schiere che lo seguivano,  -  Jacopo lo assicurò che questa era a tutte prove; e Ottone da Mandello l'asserzione di Jacopo del pari convalidò. Ben parlossi della probabilità di un incontro con Bernabò, e del seguito che questi avrebbe potuto seco condurre; ma questa volta timore di sorte alcuna non dimostrava il Conte di Virtù. Egli disse al dal Verme e ad Ottone da Mandello che in ogni modo i suoi ordini loro glieli avrebbe dati in tedesco; e che interamente da questi dipendessero.",no,V1,no,high
Deledda_Grazia,Stella_d_oriente,1890,Deledda_Grazia-Stella_d_oriente-1890.txt,"II
Maurizio, presa la laurea a ventiquattro anni, aveva poi, ad instigazione di Donna Anna, viaggiato per due anni interi. Voleva prendere Stella con sé, ma Donna Anna vi si era opposta perché, diceva lei, le dispiaceva immensamente distaccarsi da ambi i figli ad una volta. Stella avrebbe viaggiato col suo… sposo!",yes,V1,no,high
Capuana_Luigi,Il_Marchese_Di_Roccaverdina,1901,Capuana_Luigi-Il_Marchese_Di_Roccaverdina-1901.txt,«Verrete domani a Margitello? Faremo l'assaggio dei vini... È la prima festa della Società Agricola.»,no,V1,no,high
Emiliani_Giudici_Paolo,Beppe_Arpia,1851,Emiliani_Giudici_Paolo-Beppe_Arpia-1851.txt,"Buttarsi dalla finestra, nascondersi in qualche buco? Ma se assaltano la cassa forte, e non trovando il quattrinaio, catturano i quattrini... Dio!",yes,V1,yes,high
Dandolo_Milly,Il_figlio_del_mio_dolore,1921,Dandolo_Milly-Il_figlio_del_mio_dolore-1921.txt,"Nessuno avrebbe visto niente, nessuno avrebbe saputo niente. L’ondata dolce, fredda, lenta, poi più nulla: così, nel silenzio e nel buio com’era vissuta. Più nulla: nè suo padre, nè sua madre, nè la sua casa, nè i suoi libri, nè il suo pianoforte, nè Venezia, nè il sole, nè le glicine e gli oleandri rosa, nè memorie, nè sogni, più nulla...",yes,V1,no,medium
Dandolo_Milly,Il_figlio_del_mio_dolore,1921,Dandolo_Milly-Il_figlio_del_mio_dolore-1921.txt,"Lalage non aveva avuto una parola di affettuosa gratitudine, triste sì, ma di gratitudine. Ella si era richiusa e allontanata in quei pochi ultimi giorni; ci pensava e non sapeva bene perchè; per timidezza o per orgoglio. Pensò a loro, li vide così lontani da lei, così indifferenti a lei anche se si erano tanto interessati a lei; infine, che importava a loro di lei?",yes,V1,no,high
Butti_Enrico_Annibale,L_incantesimo,1897,Butti_Enrico_Annibale-L_incantesimo-1897.txt,"Egli s'abbandonava alla corrente come un uomo che disperi di salvarsi! Parlarono un tempo incalcolabile di cose indifferenti, con lunghi intervalli di mutismo. Flavia gli mostrò, perchè l'ammirasse, il suo ricamo, una combinazione a bastanza armonica di tinte languide, di viola smorto, di verde smorto, d'oliva smorto, disposte a fiamma e orlate d'oro.",yes,V1,no,high
Carcano_Giulio,Damiano,1850,Carcano_Giulio-Damiano-1850.txt,"Il quale s'abbandonò sul seggiolone; e confidando la testa alle mani dell'esperto acconciatore, si voltò al cameriere, e: - Son di là? dimandò. - Chi, Illustrissimo? - Quelli che ci debbono essere. - E fatto un cenno colla mano, volle dire che li facesse passare. Intanto che vengon costoro, e che il degenere successore di Figaro sta architettando la bigia chioma del vecchio patrizio, con cauto riserbo solleviamo una parte del velo che copre questo gran personaggio.",no,V1,no,high
Castelnuovo_Enrico,Il_Fallo_Di_Una_Donna_Onesta,1897,Castelnuovo_Enrico-Il_Fallo_Di_Una_Donna_Onesta-1897.txt,"Sebbene ell'avesse assistito con mirabile abnegazione il suo fedele compagno di oltre quindici anni, ell'era troppo schietta da dire che Tullio Valdengo, morendo, aveva aperto nel suo cuore una di quelle ferite che non si rimarginano. O perchè dunque non aveva ella voluto ricominciar la vita con l'uomo che, nell'intimo suo, ella preferiva a ogni altro, perchè non aveva voluto premiare un così raro disinteresse, una costanza sì rara? Era lì, nel giardino, era presso al lago ch'egli l'aveva pregata di accettare il suo nome; era lì che, stendendogli la destra, ella gli aveva risposto: - Perdonatemi, amico mio, non intendo rimaritarmi.",no,V1,yes,high
Butti_Enrico_Annibale,L_incantesimo,1897,Butti_Enrico_Annibale-L_incantesimo-1897.txt,"Ella non lo ascoltava più; ella non sentiva se non i bisogni momentanei del suo corpo addolorato: aveva caldo, e violentemente si scopriva; aveva freddo, e si sprofondava rabbrividendo sotto le coltri; non poteva respirare, e chiedeva l'aria libera, e voleva uscire così, sola, nelle tenebre, verso l'aperta campagna dove, tremando di desiderio, udiva il vento frusciare. Su l'alba finalmente ella s'acquetò un poco. Esausta, ricadde su i guanciali, chiuse gli occhi e parve assopirsi.",no,V1,yes,high
Butti_Enrico_Annibale,L_incantesimo,1897,Butti_Enrico_Annibale-L_incantesimo-1897.txt,"Oh, le memorie, le memorie! ‒ Aurelio si volse, fissò gli sguardi laggiù verso il lago, all'opposta riviera dove biancheggiava il villaggio solitario. Era là, sotto di lui, remotissima, la pineta del palazzo, simile a un ammasso di cose oscure, indefinibili; era là il luogo nascosto e favorevole, dov'ella aveva per la prima volta incantato la natura e la sua anima. Ancora ella lo incantava; ancora e più, ella con la sua grazia annobiliva e irraggiava le apparenze per mezzo a cui passava.",yes,V1,no,high
Cagna_Achille_Giovanni,Un_Bel_Sogno,1871,Cagna_Achille_Giovanni-Un_Bel_Sogno-1871.txt,"Accetto giubilando questo slancio dell'anima tua, non come una promessa, ma come il sorriso di una dolce speranza! - - Debbo dirti poi, aggiunse Laura, che mia madre è divenuta entusiasta di te; forse istintivamente ella riconosce l'influenza che tu eserciti sopra di me. Quando il signor Paolo le recò la nuova del tuo arrivo venne subito a riferirmela... ma io già lo sapeva perchè Paolo mi mostrò la tua lettera - È molto amabile quel giovinotto, e varie volte fui tentata di svelargli il nostro secreto... - Non era necessario, rispose Ermanno, giacchè io gli aveva tutto confidato. - Perchè? chiese Laura alquanto sorpresa. - Tu mi perdonerai; io aveva troppo dolori, troppe pene per non sentire il bisogno di un sollievo.",no,V2_new,no,high
Butti_Enrico_Annibale,L_incantesimo,1897,Butti_Enrico_Annibale-L_incantesimo-1897.txt,"Aurelio doveva fare un enorme sforzo di volontà per contenere il suo dispetto contro l'amico e vincere l'impulso cieco di levarsi in piedi e allontanarsi da quella sedia di tortura. Almeno gli fosse toccato in sorte un posto di fronte a Flavia e al rivale! Avrebbe potuto scrutarli, spiare i loro movimenti, i loro sguardi, le loro espressioni!",yes,V2_new,yes,high
Chelli_Gaetano_Carlo,Fabia,1876,Chelli_Gaetano_Carlo-Fabia-1876.txt,"Pensa pure ch'io soffro tanto, lontana da te!... «Madama di Staël(76) ha detto: «L'amore è lo scopo nella vita della donna: non è che un episodio in quella dell'uomo.» Perché dovrei, io, trovar l'eccezione?",no,V2_new,yes,medium
Butti_Enrico_Annibale,L_incantesimo,1897,Butti_Enrico_Annibale-L_incantesimo-1897.txt,"Per qual segreto processo il gran fuoco divampato quella notte nella sua anima, s'era così rapidamente consunto, ed egli, risvegliandosi, non aveva trovato se non un gran cumulo di cenere arida e fredda? Quella mattina, sorpreso dal sole, ch'era penetrato per l'aperto balcone fino al suo letto, Aurelio non aveva avuto che un ricordo confuso degli avvenimenti e delle commozioni della sera innanzi.",yes,V2_new,yes,medium
Dandolo_Milly,Il_figlio_del_mio_dolore,1921,Dandolo_Milly-Il_figlio_del_mio_dolore-1921.txt,"Anche la sua pena in certi momenti non aveva nome, non aveva volto, non aveva voce; era come stanca e dormente; ma quel grido disperato la destava, la rendeva quasi intollerabile; le pareva che quel grido disperato fosse il grido della sua piccola vita chiusa e sbagliata, piena d’ombre e di sangue; un incubo la prendeva, opprimente, quando suonava: le pareva d’esser nella città lontana, stretta all’inferriata della piccola finestra, le braccia tese oltre il davanzale esterno, sul giardino devastato e abbandonato: e le glicine erano morte, e le rose erano morte, e l’oleandro e il caprifoglio e gli anemoni erano tutti morti. Allora chiudeva gli occhi, mordeva le sbarre umide, soffocata, angosciata, gemeva «basta, basta» che tutto finisse, che tutto si calmasse, tutte le pene atroci, passate, presenti, future, che la piagavano, senza pietà... O cessate di piagarmi, o lasciatemi morir!",yes,V2_new,yes,high
Chelli_Gaetano_Carlo,Fabia,1876,Chelli_Gaetano_Carlo-Fabia-1876.txt,"Il palcoscenico si cuopriva di fiori, e per lei quello era l'addio festoso del mondo, che accompagnava la sua dipartita. «Addio, addio!» avrebbe voluto rispondere ed estinguersi così.",no,V2_new,yes,medium
De_Boni_Filippo,L_Inquisizione_E_I_Calabro_Valdesi,1859,De_Boni-Filippo_L-Inquisizione-E-I-Calabro-Valdesi_1859.txt,"A Como fu quasi lapidato più volte; a Morbegno, Valtellina, poichè volesse processare il Planta vescovo di Coira, senza citarlo nè nominar testimoni, s'ebbe a mala pena salva la vita dall'ira del popolo; mandato a Bergamo, incominciò ad inquisire contro il suo antecessore e contro lo stesso vescovo, Vittor Soranzo; onde la signoria di Venezia troncò il processo, e sbandì l'insolente domenicano.",no,V2_new,no,high
Butti_Enrico_Annibale,L_incantesimo,1897,Butti_Enrico_Annibale-L_incantesimo-1897.txt,"Che notte, quella! Che notte! Egli non ne ricordava una simile in vita, nè credeva che fosse possibile di superarne una più agitata e più folle!",yes,V2_new,yes,high
Campanile_Achille,Giovinotti_non_esageriamo,1929,Campanile_Achille-Giovinotti_non_esageriamo-1929.txt,Non basta. Essi pretenderebbero di essere la stazione balneare degli spiriti. E scusate se è poco.,yes,V2_new,no,high
Saluzzo_Roero_Diodata,Novelle,1830,Saluzzo_Roero_Diodata-Novelle-1830.txt,"Lo stesso fatale ministro Martino avrebbe piegato il capo innanzi al volere de' veri suoi principi, se già prima della pace conchiusa egli spinto dall'insano furore non fosse caduto fra le armi, ove giacque calpestato dai cavalli e dai soldati, e vi giacque maledetto dai più saggi fra i suoi, ch'egli aveva strascinato alle inutili guerre. Emanuele Filiberto non celava la gioia cagionatagli dalla meno agitata sorte subalpina: la cortesia cavalleresca gradire allora gli faceva, più che da prima giammai, non sole le nobili offerte di sudditanza, ma anche le offerte di affettuosa servitù. Fu preparata da cavalieri suoi, ne' pochi giorni d'ozio e di pace ch'egli lasciava loro, una quadriglia danzante ad uso de' tempi, e vi fu spinta quasi involontaria spettatrice Isabella, che vi si trovò in veste meno negletta ed a fianco d'Eleonora.",no,V2_new,no,high
Butti_Enrico_Annibale,L_incantesimo,1897,Butti_Enrico_Annibale-L_incantesimo-1897.txt,"E a che farmaco miracoloso avrebbe egli chiesto la forza nuova per tollerare un'esistenza simile a un esilio? Alcune parole disperate risonarono dentro di lui, acute come un grido: «Mio Dio, come mi sento stanco di vivere!» Esse gli eran misteriosamente scaturite dalle viscere profonde, ed egli le aveva pensate senz'averne coscienza, come inconsapevole le avrebbe urlate al silenzio in un momento di supremo abbandono. Non l'anima sua le aveva suggerite; aveva parlato in lui l'oscuro Genio della Specie; e la vana invocazione non era se non una delle innumeri espressioni di lamento delle creature che si senton sole e sterili e inutili, il grido d'angoscia che la tirannica Natura strappa a queste, reclamando le vite del domani in pericolo di non essere.",yes,V2_new,yes,high
Dandolo_Milly,Il_figlio_del_mio_dolore,1921,Dandolo_Milly-Il_figlio_del_mio_dolore-1921.txt,"Non la conosceva; la suonò per tanti giorni, senza stancarsi, senza annoiarsi. O cessate di piagarmi, o lasciatemi morir! Le poche note semplici e vicine gettavano agli echi della sala quasi vuota un grido disperato di richiamo a qualcuno di cui non si poteva dire il nome, a qualcuno che non aveva nome.",yes,V2_new,yes,medium
Campanile_Achille,Giovinotti_non_esageriamo,1929,Campanile_Achille-Giovinotti_non_esageriamo-1929.txt,"Ed io?”
“Ma io volevo un altro numero!”
“Allora tolga la comunicazione.”
“Ma che tolgo la comunicazione, se l’ho chiamato a bella posta!”
 
“E perché dice che voleva un altro numero?”
“Non ha capito: Maiovolevounaltronumero è il mio nome. Lei parla col commendator Maiovolevounaltronumero.”
“Ah, è lei, commendatore?",no,V2_new,no,high
Butti_Enrico_Annibale,L_incantesimo,1897,Butti_Enrico_Annibale-L_incantesimo-1897.txt,"Per un uomo simile, il matrimonio dell'unica figliuola con un nobile d'illustri origini, sarebbe stato certo il coronamento d'un gran sogno, il trionfo più insigne di sua vita. Con ogni probabilità, in quel giorno, avrebbe in fine aperto i forzieri gelosi, dov'era andato accumulando il frutto della sua perspicacia, e dai lastrici, pazientemente battuti anche negli anni della fortuna, si sarebbe compiaciuto di veder trascorrere in cocchio per le vie popolose la contessa sua figlia, rifulgente di beltà e d'orgoglio. ‒ Ma poteva egli, Aurelio Imberido, accettare un contratto di quel genere?",yes,V2_new,yes,high
De_Marchi_Emilio,Arabella,1893,De_Marchi_Emilio-Arabella-1893.txt,"Son più vecchio di voi e conosco le trappole. Il notaio Baltresca sa quel che deve a ciascuno. Per conto mio non dò un quattrino a nessuno.""",no,V2_new,yes,medium
Capuana_Luigi,Il_Marchese_Di_Roccaverdina,1901,Capuana_Luigi-Il_Marchese_Di_Roccaverdina-1901.txt,«Avete sentito ora?» «No.» «Udite?,no,V2_new,no,high
Caracciolo_Enrichetta,Misteri_Del_Chiostro_Napoletano,1864,Caracciolo_Enrichetta-Misteri_Del_Chiostro_Napoletano-1864.txt,"Volendolo fare di centinaia, fa di mestieri premunirsi d'un permesso, che si ottiene dall'Eterna Città. Ciascheduna delle monache ha un particolar santo protettore, cui suol celebrare una gran festa. Questa solennità richiede più settimane di cure e di preparativi.",no,V2_new,no,high
Bandi_Giuseppe,Da_Custoza_In_Croazia_Memorie_D_Un_Prigioniero,1866,Bandi_Giuseppe-Da-Custoza-In-Croazia-Memorie-D-Un-Prigioniero-1866.txt,"Io l'aveva bene indovinato senza conoscerlo, ed ora lo amavo come un fratello, come può amarsi un amico sventurato e generoso. ……………………… … … … … … … … … … … … … … … … … … … . La sera del medesimo giorno dopo aver pranzato di buonissima voglia, c'incamminammo verso la birreria per passar, come al solito, le prime ore di notte.",yes,V2_new,no,high
Bini_Carlo,Manoscritto_Di_Un_Prigioniero,1833,Bini_Carlo-Manoscritto_Di_Un_Prigioniero-1833.txt,"E la fede non è il riposo dello spirito umano, ma è un'inerzia funesta che ne ferma il movimento e lo fa imputridire. - La fede è la verga magica del furbo colla quale si fa largo nel mondo, ed impone agli uomini di credere a sangue freddo sì fatte stranezze che un pazzo al punto culminante della sua frenesia mal saprebbe immaginare. - Socrate che più che filosofo era un ottimo cittadino e ricercava il vero fin dove poteva trovarlo, consigliava agli Ateniesi che non disputassero mai né di Dio, né dell'anima . Oltre di ciò non osserviamo noi che, per legge generale costante, tutto quello che ha principio, ha pur fine? E l'anima che senza dubbio ebbe un principio, se continuasse immortale non sarebbe una manifesta contradizione alla legge osservata?",no,V2_new,no,high
Chelli_Gaetano_Carlo,Fabia,1876,Chelli_Gaetano_Carlo-Fabia-1876.txt,«Perdonatemi... Sapete che dicono i turchi? «Ciò era scritto.»»,no,V2_new,no,high
Capuana_Luigi,Il_Marchese_Di_Roccaverdina,1901,Capuana_Luigi-Il_Marchese_Di_Roccaverdina-1901.txt,«Vedete quel don Pietro Salvo? Non si muove mai di qui. Si direbbe tutt'assorto nella lettura dei giornali.,no,V2_new,no,high
Capuana_Luigi,Il_Marchese_Di_Roccaverdina,1901,Capuana_Luigi-Il_Marchese_Di_Roccaverdina-1901.txt,"Un giorno la mamma di San Giurranni, cerca e guarda, si accorge che un tralcio verde e pampinoso, spuntato dal terreno dietro la botte, era montato su fino al cocchiume e vi si era immerso. Fece scavare là sotto e rinvenne il corpo del figlio ancora intatto... Ma la botte non diede più vino!...",no,V2_new,no,high
Caccianiga_Antonio,Il_Bacio_Della_Contessa_Savina,1888,Caccianiga_Antonio-Il_Bacio_Della_Contessa_Savina-1888.txt,"Le tinte rosee che abbellano l'orizzonte all'aurora della vita, come il firmamento all'alba d'un giorno sereno, se si mutano all'improvviso nelle tetre nubi d'un temporale, incutono lo spavento che presentano tutti i disordini della natura. Però tanto nella primavera quanto nella gioventù l'orizzonte cambia sovente d'aspetto, e talvolta un raggio di sole attraversa le nuvole dell'uragano. Questo raggio di sole comparve al mio spirito sotto la forma d'un dubbio!... - Se ella non avesse osato corrispondere al mio bacio?...",no,V2_new,yes,medium
De_Marchi_Emilio,Arabella,1893,De_Marchi_Emilio-Arabella-1893.txt,"C'era a meravigliarsi ch'essa sapesse ritrovare le strade; ma la sostenne, la portò, la guidò la medesima forza d'irritazione e di sdegno che l'aveva condotta fuori di casa, una forza che metteva radice in una profonda speranza: la liberazione... Per quanti mali avessero a succedere, nessun male poteva essere più triste del tornar nel dominio brutale e assoluto di un uomo che, non mai come ora, sentiva di non aver mai amato. Maria Arundelli, moglie a un modesto professore di ginnasio, abitava un quartierino di poche stanze al quarto piano d'una casa nuova sul piazzale di porta Genova.",no,V2_new,yes,medium
Campanile_Achille,Giovinotti_non_esageriamo,1929,Campanile_Achille-Giovinotti_non_esageriamo-1929.txt,"Era vero. Da qualche minuto s’era levato quel vento caratteristico delle pampas che rende gli uomini estremamente irascibili; quando lo capirono, Abdallah e il pirata scoppiarono in una risata e s’abbracciarono e si dettero baci senza fine, tra gli applausi di tutti i presenti.",yes,V2_new,no,high
Capuana_Luigi,Il_Marchese_Di_Roccaverdina,1901,Capuana_Luigi-Il_Marchese_Di_Roccaverdina-1901.txt,No! No! Come espiare?,no,V2_new,yes,medium
Viola_Ferretti_Emilia,A_quarantacinque_anni,1874,Viola_Ferretti_Emilia-A_quarantacinque_anni-1874.txt,"Ma più di tutto desiderava rivederla. Aveva paura e brama di incontrarsi con lei. Avrebbe voluto spiegarle delle cose che egli stesso non sapeva, avrebbe voluto da lei una parola che non fosse così alteramente sprezzante com’erano state le ultime.",no,V2_new,yes,medium
Butti_Enrico_Annibale,L_incantesimo,1897,Butti_Enrico_Annibale-L_incantesimo-1897.txt,"Come aveva potuto cedere senza una resistenza a quei trasporti insensati? ‒ Ecco: la Donna, il mostro magnifico, era là accanto a lui, e lo seguiva. Egli ne udiva il passo cricchiare su la ghiaja con una regolarità da pendolo che misura il tempo; egli, senza guardarla, la vedeva distintamente procedergli a fianco, alta e serena, terribile e inconscia come un feticcio. La loro via era comune, ed eran pari le forze: salivano una dolce erta, tra gli alberi onusti di frutti caduchi o acerbi, verso un'altura limitata, perduta tra altre innumerevoli alture.",yes,V2_new,yes,medium
Collodi_Carlo,Macchiette,1880,Collodi_Carlo-Macchiette-1880.txt,"II
D a quel giorno in poi la bruna amica della biondissima Adele ebbe sempre dinanzi all’accesa fantasia una figura ideale, poetica, divina: quella di Margherita… la signora dalle Camelie.
— Chi più felice di questa donna? — diceva la Bita ne’suoi vaneggiamenti. — Essere amata da un Armando! vedersi ingiustamente offesa…. eppoi riamala… e, sul più bello, morire poeticamente di una tisi polmonare!… Che cosa può desiderare di più una creatura umana? A buon conto, la sua prima contentezza fu quella di avere in comune colla Signora dalle Camelie il nome di Margherita. Non era molto: ma era sempre qualchecosa.",yes,V2_new,yes,high
Saluzzo_Roero_Diodata,Novelle,1830,Saluzzo_Roero_Diodata-Novelle-1830.txt,"Onora la canuta vecchiezza di tuo padre che cedette al tuo fianco il ferro istesso che fu lodato da Francesco I: e tu, Collaltino, diverrai fra poco duce delle schiere; il diverrai, se mal non m'è noto l'ardente ingegno tuo e l'avito coraggio. Chi nacque da schiatta bellicosa e possente non travii dagli avi, rammenti ed uguagli la loro virtù».",no,V2_new,no,medium
Caracciolo_Enrichetta,Misteri_Del_Chiostro_Napoletano,1864,Caracciolo_Enrichetta-Misteri_Del_Chiostro_Napoletano-1864.txt,"«Ringrazia cordialmente mia cognata, e dille che la monachella le sarà condotta oggi stesso». Ciò detto, chiuse l'uscio, e presami per la mano, divenuta più fredda del ghiaccio, mi menò nella camera da letto. Se un fulmine mi avesse atterrata, non avrei ricevuto una scossa più formidabile.",no,V2_new,yes,high
Barbieri_Ulisse,In_Basso,1885,Barbieri_Ulisse-In_Basso-1885.txt,- In ogni modo -  affermò il Maestro - potrebbe darsi il caso che ce ne volessero.,no,V2_new,no,high
Capuana_Luigi,Il_Marchese_Di_Roccaverdina,1901,Capuana_Luigi-Il_Marchese_Di_Roccaverdina-1901.txt,"Così nelle prime settimane il marchese si era tenuto un po' in disparte. A poco a poco però, il fervore della lotta aveva eccitato anche lui, spingendolo fino ad andare personalmente in casa di alcuni elettori influenti. «Oh, signor marchese!",no,V2_new,no,high
Campanile_Achille,Giovinotti_non_esageriamo,1929,Campanile_Achille-Giovinotti_non_esageriamo-1929.txt,"Alla fine, venne l’ora di partire per gli undici giovinotti di Pontesullago. Salomone volle baciarli in fronte ad uno ad uno.
 
“Ragazzi,” disse poi ai nuovi campioni del mondo, accompagnandoli fino alla porta “adesso bisogna che impariate a giocare, se no son dolori!”
Stette a salutarli col fazzoletto, finché non furono scomparsi. E Joséphine?",yes,V2_new,no,high
Deledda_Grazia,Stella_d_oriente,1890,Deledda_Grazia-Stella_d_oriente-1890.txt,"Io non voglio che tu lavori di notte: e se ti ammali?… Che avverrà di me senza di te?…
Maria alzò vivacemente la testa. Era forse la voce di Dio che le parlava per mezzo di suo padre? - Essa lo amava intensamente, anzi ora le sembrava amarlo di più nella sua disgrazia; e balenandole nel pensiero lo stato miserabile, in cui sarebbe caduto se ella moriva, provò un brivido di terrore… Sicché si chinò verso il povero vecchio cieco, dalla fisionomia così bianca e dolce, e cingendogli il collo con le braccia lo baciò dicendo: – Non temere più, papà.",yes,V2_new,yes,medium
Baricelli_Carmela,I_Vinti_Ovvero_Il_Genio_Oppresso,1907,Baricelli_Carmela-I_Vinti_Ovvero_Il_Genio_Oppresso-1907.txt,"Padrone delle sorti altrui e dei favori; arbitro delle ricchezze del paese, e persino di quella dei re? - Come, come? non sono i re che comandano? - No, no, essi regnano, ma chi comanda siamo noi. - Non capisco; ma allora siete voi i re? - Quasi, almeno qui fra gli elettori; poi anche più su, insomma, volete essere la mia amica o no? - Sì, sì, sì, - rispose precipitosamente la vedovella, cui quel noera suonato come una vaga minaccia di resipiscenza da parte di Xenio. - Ebbene scrivete. La donna, ubbidiente come una pecora, si mosse e prese penna e carta.",no,V2_new,no,high
Castelnuovo_Enrico,Il_Fallo_Di_Una_Donna_Onesta,1897,Castelnuovo_Enrico-Il_Fallo_Di_Una_Donna_Onesta-1897.txt,"Egli, Vergalli, il giudice inflessibile, dacchè conosceva la Teresa Valdengo, non aveva nulla a rimproverarsi? Sicuro.... per gli uomini la cosa è diversa;... ciò ch'essi dànno non importa il sacrifizio della loro dignità.... Eppure.... eppure questa disuguaglianza, che la natura ha iniziata, non fu ingigantita artificialmente dalle ipocrisie sociali, quelle ipocrisie medesime che tutto permettono e assolvono tutti, maschi e femmine, sol che si salvino le apparenze?",no,V2_new,yes,medium
Negri_Ada,Le_Solitarie,1917,Negri_Ada-Le_Solitarie-1917.txt,"Mi piaceva, m'inquietava e m'incuriosiva. Una cinica, o una disillusa? Non riuscivo a comprendere.
  Ella trasse dall'inseparabile borsetta a sacco, di cuoio fulvo impresso a croci greche d'oro, un foglietto di carta giapponese e un pizzico di tabacco biondo: arrotolò agilmente una sigaretta e me l'offerse per consuetudine, senza stupirsi del mio solito gesto di rifiuto: l'accese, e si mise a fumare, socchiudendo le ciglia.
  Per me era ancora un enigma.",yes,V2_new,no,high
Deledda_Grazia,Stella_d_oriente,1890,Deledda_Grazia-Stella_d_oriente-1890.txt,"Il cuore della fanciulla palpitava febbrilmente, con una velocità dolorosa, le sue palpebre si sbattevano ogni secondo, come se corrispondessero ai palpiti del cuore, e sotto i guanti, Ellen sentiva le sue dita agitate da un tremito che gliele contorceva. Quale tremenda tempesta imperversava nell’anima sua?
– Oh, – pensava, – giacché devo arrivare a questo passo umiliante, forse fatale, perché deciderà del mio destino, perché non farlo oggi?… Perché aspettare ancora, se ogni giorno è un secolo d’agonia, fatta più dolorosa perché nascosta dal sorriso, e subita nel segreto del cuore?",yes,V2_new,yes,high
Negri_Ada,Le_Solitarie,1917,Negri_Ada-Le_Solitarie-1917.txt,"Viva l'Italia.
  Allora soltanto le due donne possono guardarsi in faccia. Le labbra di Assunta disegnano, piú che non dicano, le parole che l'altra ha già lette sul suo volto:
  — È morto.
  Verso le cinque del pomeriggio (è già notte fitta, le lampadine elettriche fasciate di violetto immergono lo scalone in una penombra quasi paurosa, un diaccio nevischio mulina nella via intorno ai fanali azzurri: solo nella chiusa portineria splende il faro giallo d'un becco a gas) la vecchia, come se nulla fosse avvenuto, prepara la cena su un fornelletto.
  Il fanciullo ha fame e sonno: frigna, piagnucola, inquieto, stanco, attaccato alle sottane della nonna. Ha in cuore il papà, non sa parlare che del papà, vuole il papà.
  — Nonna, quando il papà sarà tornato, avrà la medaglia anche lui, come l'ufficiale che va sempre a trovare la signora contessa?
  — Sí, caro.
  — E se io ammazzo cinquantacinque tedeschi, tornerà presto il papà?
  — Sí, caro.
  La pazienza della nonna non si affievolisce.",yes,V2_new,no,high
Campiglio_Giovanni,Uberto_Visconti,1831,Campiglio_Giovanni-Uberto_Visconti-1831.txt,"Poi contando la cosa soggiunse : Non iscadeva che voi mandaste per pittori altrove , se avevate il maestro in vostra casa: ma egli forse non sapeva così bene fare le mestiche. Orsù, ora che sa, faccia da sè, che io non ci sono più buono; e conosciuta la sua virtù sono contento che per l'opera mia non mi sia data cosa alcuna se non licenza di tornarmene a Firenze ». « Non poteva, udendo la cosa il Vescovo, sebbene gli dispiaceva, tenere le risa; e massimamente considerando che la burla fatta dal suo bertuccione era stata fatta a chi era il più burlevole uomo del mondo.",no,V2_new,no,medium
Butti_Enrico_Annibale,L_incantesimo,1897,Butti_Enrico_Annibale-L_incantesimo-1897.txt,"Flavia venne a sostituirla, e parve che portasse, con la sua grazia e la sua dolcezza, un ultimo impulso di vita a quella povera anima esausta. La notte, donna Marta si mostrò in fatti più calma, più coraggiosa, più ragionevole. Era per simpatia?",yes,V2_new,no,medium
Butti_Enrico_Annibale,L_incantesimo,1897,Butti_Enrico_Annibale-L_incantesimo-1897.txt,"Gli alberi li circondano da ogni parte, neri e profondi; è impossibile distinguerne le forme dei tronchi e dei rami. Tutto si ammanta nell'oscurità, e a pena qualche livido raggio di luna occhieggia qua e là, insinuandosi tra le fronde più alte, senza illuminare. I pini odorano di resine.",no,V2_new,no,high
Collodi_Carlo,Macchiette,1880,Collodi_Carlo-Macchiette-1880.txt,"Roboamo non poteva stargli a petto in nessuna maniera. Tonino era più ricco, più bello, più simpatico di lui. Eppoi c’è da aggiungerne un’altra.",yes,V2_new,no,high
Deledda_Grazia,Stella_d_oriente,1890,Deledda_Grazia-Stella_d_oriente-1890.txt,"Fra il lusso della sua casa, adorato dai genitori, egli non si sentiva niente felice e studiava, studiava, per discacciar quello strano malessere che si chiama noia. Donna Anna lo sgridava dicendogli che bisogna divertirsi quando si è giovani e ricchi ed esser quasi vergogna che lui, ricchissimo e aristocratico studiasse sempre… Maurizio se ne rideva, e lasciando sua madre le diceva di voler diventare avvocato! A sua volta il marchese pensava già di ammogliarlo, ma lui scuoteva la testa chiamando pazzia lo ammogliarsi… in questi tempi poi!",yes,V2_new,no,high
Butti_Enrico_Annibale,L_incantesimo,1897,Butti_Enrico_Annibale-L_incantesimo-1897.txt,"L'opera futura, ch'egli avrebbe dovuto compire, gli si veniva per tal modo disegnando e precisando dentro al pensiero nelle sue diverse possibili estrinsecazioni, ‒ opera di franca propaganda per mezzo del libro, del giornale, della parola, anche, se fosse occorso, dell'azione diretta. E le due formule rigorose su cui poggiava l'edificio della sua concezione riscintillavano d'avanti a lui, come fossero incise a lettere di fuoco dovunque il suo sguardo cadeva. «L'umanità resta e progredisce, non ostante ogni scempio più doloroso de' suoi individui.» E l'altra: «L'unico ideale degno d'un uomo intelligente è l'aspirazione a un'umanità superiore, a un'evoluzione della Specie spinta più che sia dato verso il cielo. Fermarsi a rendere felici quelli che esistono non è e non può essere che un ingenuo e vano desiderio sentimentale.»
Un improvviso entusiasmo l'assalì.",yes,V2_new,no,high
Campanile_Achille,Giovinotti_non_esageriamo,1929,Campanile_Achille-Giovinotti_non_esageriamo-1929.txt,Il treno fila veloce sulla strada ferrata. Si ferma. Dove siamo?,yes,V2_new,no,high
Campanile_Achille,Giovinotti_non_esageriamo,1929,Campanile_Achille-Giovinotti_non_esageriamo-1929.txt,"Era lieto del contrattempo? Era triste? Nessuno lo seppe mai; quell’accanito fumatore non apri bocca, per tema che la pipa dovesse cadergli per terra.",yes,V2_new,yes,medium
Saluzzo_Roero_Diodata,Novelle,1830,Saluzzo_Roero_Diodata-Novelle-1830.txt,"L'alto pensier che cingere D'una ferrata gonna Può 'l fianco molle e tumido Di giovanetta donna, Che sul crin bruno il lucido Elmo le fa vestir. Un solo amor la misera Ora provar poteva,",no,V2_new,no,medium
Rovetta_Gerolamo,Ninnoli,1882,Rovetta-Gerolamo_Ninnoli_1882.txt,"Rimproverarla? a che pro? Lei avrebbe negato, lui non le avrebbe creduto, dunque.... dunque tanto valeva risparmiare il fiato e mostrarsi invece un uomo di spirito coll'abbandonare quel posto assediato e forse, Dio non lo volesse, espugnato dallo stato maggiore! -",yes,V2_new,yes,high
Campanile_Achille,Giovinotti_non_esageriamo,1929,Campanile_Achille-Giovinotti_non_esageriamo-1929.txt,Che cercano? Che pretendono? Che cosa manca loro e di che si dolgono?,yes,V2_new,yes,medium
Dandolo_Milly,Il_figlio_del_mio_dolore,1921,Dandolo_Milly-Il_figlio_del_mio_dolore-1921.txt,"Come lo odiava, come lo odiava! Come capiva ora l’inganno, la seduzione di quella dolcezza femminile e fanciullesca, di quella tenerezza riguardosa e malinconica! Egli si era mostrato sempre così dolce e fraterno con lei perchè non entrasse mai in lei il sospetto, perchè sempre rassicurata e tranquilla potesse camminare verso il suo capriccio, senza avvedersene.",yes,V2_new,yes,high
Butti_Enrico_Annibale,L_incantesimo,1897,Butti_Enrico_Annibale-L_incantesimo-1897.txt,"Bisognava aspettare, assistere, rassegnarsi. E poi? Ahi, questo era il più terribile: poi bisognava vivere, vivere ancora, portando in cuore il peso di tutte le disperazioni, di tutte le maledizioni, di tanta amara esperienza; bisognava scegliere una via nuova da percorrere, sapendo già la vanità di ogni nostra impresa e la mèta fatale d'ogni nostro cammino!",yes,V2_new,yes,high
Capuana_Luigi,Il_Marchese_Di_Roccaverdina,1901,Capuana_Luigi-Il_Marchese_Di_Roccaverdina-1901.txt,"Picchia più forte.» «Non credo di esser sordo!» «Vi prendo una mano», disse don Aquilante dopo qualche istante di paura, «per assorbire altro fluido vostro e poter produrre il fenomeno in modo che possiate percepirlo anche voi...",no,V2_new,no,high
Butti_Enrico_Annibale,L_incantesimo,1897,Butti_Enrico_Annibale-L_incantesimo-1897.txt,"Con uno di quegli artificii maliziosi, che l'uomo usa a sua intima giustificazione, Aurelio Imberido si giudicava migliore e superiore degli altri, perchè (fuggendo la donna) egli sapeva vivere senza di lei e poteva evitare i guai e gli errori di cui son prodighe le relazioni amorose. Facile inganno, poichè realmente non aveva ancor messo alla prova del fuoco la sua presunta virtù.",yes,V2_new,no,medium
Campanile_Achille,Giovinotti_non_esageriamo,1929,Campanile_Achille-Giovinotti_non_esageriamo-1929.txt,"La notte, al dodicesimo rintocco dell’orologio di una vecchia torre, vorrebbero veder apparire gli spiriti, pallidi e col fagottello del costume sotto il braccio; lanciarsi nelle gare di nuoto, assalirsi l’un l’altro a spruzzi d’acqua argentei, fare il morto, asciugarsi al lume della luna nei caratteristici lenzuoli bianchi e, in punto al tocco dopo mezzanotte, scomparire. E non basta ancora. I laghi pretenderebbero di avere un cigno che la notte (essi non si occupano che della notte) solcasse altero e silenzioso lo specchio delle loro acque.
 
Ecco quello che pretenderebbero i laghi ed ecco la ragione della loro malinconia.",yes,V2_new,no,high
Deledda_Grazia,Stella_d_oriente,1890,Deledda_Grazia-Stella_d_oriente-1890.txt,"Donna Anna scuoteva il suo ventaglio bianco a stecche di argento e guardava verso la riva ove sembravale veder Stella, ritta fra i cespugli, coi capelli fulvi e le vesti rosse svolazzanti al vento: bella come un piccolo angelo delle tempeste. Oh, quella piccina! Quella piccina!",yes,V2_new,yes,medium
Campanile_Achille,Giovinotti_non_esageriamo,1929,Campanile_Achille-Giovinotti_non_esageriamo-1929.txt,"Ma Joséphine è prigioniera, signori, e un perverso destino ci obbliga anche questa volta a far dolce violenza alla nostra vera natura, che è vagamente volta al poetico. Ci rifaremo di tutto, un giorno, quando non avremo più cose urgenti da dire. Quel giorno, il più lontano possibile, svaniti i bollori della gioventù, potremo scrivere finalmente qualcosa di sereno, calmo e affettuoso, nei riguardi di Pontesullago.",yes,V2_new,no,high
Dandolo_Milly,Il_figlio_del_mio_dolore,1921,Dandolo_Milly-Il_figlio_del_mio_dolore-1921.txt,"Era tanto un’altra, che ogni tanto diceva dentro di sè: «povera Lalage!» Queste parole quasi la consolavano. «Povera Lalage!» Dopo tanti giorni amari e tempestosi, sentiva adesso che la disperazione le era quasi dolce; in quei giorni aveva provato la vertigine lacerante di chi si sente cadere nel fondo; adesso era caduta, con le ossa rotte, nel suo sangue; era morta, non avrebbe potuto essere più morta di così; e le pareva quasi di star meglio. Pensò a suo padre e si disse tranquillamente: «Meglio così». Egli era morto in tempo; provò a ricordare le parole che gli aveva detto.",yes,V2_new,no,medium
Deledda_Grazia,Stella_d_oriente,1890,Deledda_Grazia-Stella_d_oriente-1890.txt,"Invero, frequentava più il simpatico ed elegante gabinetto d’artista, che l’ampio studio d’avvocato, sempre gelido e sconsolato nonostante il ricco addobbamento dei mobili e le preziose vetrine piene di volumi giuridici. E Stella? - Appena di ritorno a Napoli l’avevano messa in collegio, ma due giorni dopo fu riportata ai d’Oriente la strana notizia della sua sparizione: scalato il muro del giardino,",yes,V2_new,yes,medium
Butti_Enrico_Annibale,L_incantesimo,1897,Butti_Enrico_Annibale-L_incantesimo-1897.txt,"Aurelio, illuso dalle apparenze, pensò: «Nulla è mutato; nulla si muterà.» E gli parve di liberarsi da un peso enorme, di respirare ancora liberamente dopo una lunga soffocazione. Egli uscì su la loggia più calmo, quasi lieto, quasi immemore de' suoi sospetti tenebrosi. Per un'astuzia incosciente, non volle presentarsi sùbito alla nonna, non volle rivedere il suo viso smorto e sparuto, temendo di distruggere o di menomare il beneficio superstizioso avuto da quell'ispezione nella camera di lei, piena di luce e di pace.",no,V2_new,no,high
Caracciolo_Enrichetta,Misteri_Del_Chiostro_Napoletano,1864,Caracciolo_Enrichetta-Misteri_Del_Chiostro_Napoletano-1864.txt,"Invitata la mia famiglia ad una festa di ballo in maschera, volle condurmivi vestita da contadinella. Di là a poco m'assaliva il sonno; perloché mia madre, avvoltami in uno scialle, commetteva al domestico di ricondurmi alla nostra abitazione, ed ivi consegnarmi alla fantesca. Frattanto la danza, che ferveva, durò lunga pezza senza interruzione.",no,V2_new,no,medium
De_Amicis_Edmondo,Cuore,1886,De_Amicis_Edmondo-Cuore-1886.txt,"I marinai si slanciarono alle pompe. Ma un colpo di mare subitaneo, percotendo il bastimento per di dietro, sfasciò parapetti e portelli, e cacciò dentro un torrente. Tutti i passeggieri, più morti che vivi, s'erano rifugiati nella sala grande.",no,V2_new,no,high
Lombroso_Zefora_Gina_Elena,Profili_e_paesaggi_della_sardegna,1869,Lombroso_Zefora_Gina_Elena-Profili_e_paesaggi_della_sardegna-1869.txt,"Nel Campidano i figli si dividono il campo, la selva, la casa del padre in tanti frammenti, ed ognuno di essi vuol avere la sua parte di campo, di selva, di casa; talchè s’arriva a coprire le terre di siepi e a sminuzzare la proprietà in parti così lillipuziane da potersi mettere in tasca. Si vedono campi, dove la terra è di un proprietario e le piante son di un suo fratello, e si vide in Oristano una camera con tre padroni; esempio raro ma non unico[9].

Il pastore della Sardegna non è quello degli idilli di Teocrito e di Gessner, è un uomo risoluto, fiero, che ha sempre sulle spalle un fucile e che lo adopera troppo volentieri. Abbronzito dal sole, indurito alla fame, alla sete, è un vero arabo che spesso fa da beduino; non ha della proprietà altrui idee molto precise, spesso apre le siepi col coltello per farvi entrare le sue pecore; e difende il sopruso a fucilate.",no,V2_new,no,high
Butti_Enrico_Annibale,L_incantesimo,1897,Butti_Enrico_Annibale-L_incantesimo-1897.txt,"Imaginavano esse, ‒ imaginava Flavia il motivo di quel lungo indugio? Il dubbio che questa, avendo dato al suo ritardo una causa diversa, potesse giudicarlo scortese o immemore di lei, l'accorò profondamente. Si sovvenne in quel punto d'esser rientrato senza salutare, senza pur rispondere con un rifiuto giustificato all'invito confidenziale; ebbe contro sè stesso un moto di rimprovero e di rabbia, vivissimo.",yes,V2_new,yes,high
Butti_Enrico_Annibale,L_incantesimo,1897,Butti_Enrico_Annibale-L_incantesimo-1897.txt,"Su le prime Aurelio credette che donna Marta fosse già discesa, dimenticando di spegnere il lume. Poi, d'improvviso, egli la vide là distesa, supina sul letto, ancor tutta vestita e con gli occhi chiusi, forse assopita, forse svenuta, forse forse...! Gittò un'esclamazione rauca, congiungendo le mani in atto di stupore e quasi di preghiera.",yes,V2_new,no,high
Lombroso_Zefora_Gina_Elena,Profili_e_paesaggi_della_sardegna,1869,Lombroso_Zefora_Gina_Elena-Profili_e_paesaggi_della_sardegna-1869.txt,"Cum piantu restades, Ca sa chi tant’amades non bibides
Cum piantu restades, Ca non bidides sa chi tant’amades
Restades cum piantu
Ca non bidides sa ch’amades tantu
Sa chi tant’imprimida
Tenizis in sa nina cumpassiva,",no,V2_new,no,medium
Baratono_Pierangelo,Bob_E_Il_Suo_Metodo,1914,Baratono_Pierangelo-Bob_E_Il_Suo_Metodo-1914.txt,"A quali magnanimi o volgari lombi doveva l'esistenza quell'allampanato individuo? Quali atavici lineamenti rispecchiava il visetto affilato, su cui la bocca, piegata a una lieve smorfia, sembrava beffarsi dell'ingenuità dello sguardo? Era passato anche lui a traverso una fanciullezza o era venuto alla luce, cosa ben più probabile, già sviluppato e pronto alla lotta per la vita, eccetto, naturalmente, in ciò che concerne le leggi sul pudore?",yes,V2_new,no,high
Negri_Ada,Le_Solitarie,1917,Negri_Ada-Le_Solitarie-1917.txt,"Trasse a sé la fanciulla pel braccio; cercò, avido, la bocca, senza vederla e, attraverso la veletta, la baciò.
  Con sua immensa meraviglia, il bacio gli fu reso.
  Ladra d'amore, sí, ella era; e sapeva e godeva d'esserlo, chiudendo in quell'attimo l'intera sua vita di donna, accumulando in quell'attimo sogni, desiderî, brividi, carezze, impeti di dedizione, voluttà di sensazioni, tutta la occulta parte di sé che alla luce spietata del sole non aveva diritto d'esistere.
  Quando le ingorde labbra lentamente si staccarono, e il lunghissimo bacio ebbe, fine, l'uomo stupefatto, inebriato, cieco, rimasto intontito sul marciapiede, sentí la fanciulla guizzargli di mano con agilità di lucertola, e sparire nell'ombra.
  Non tentò di seguirla. Ad un metro di distanza non sarebbe stato possibile riconoscere una persona. La massa fluttuante dei vapori si addensava sempre piú, diveniva un corpo quasi solido.
  Ritrovata per virtú di consuetudine la porta di casa, infilata a capo basso un'umidiccia scala a chiocciola anch'essa invasa di nebbia,",yes,V2_new,yes,high
Cagna_Achille_Giovanni,Un_Bel_Sogno,1871,Cagna_Achille_Giovanni-Un_Bel_Sogno-1871.txt,"""Tal è la vita mia buona Laura. - Una memoria, una speranza e un punto. - Jeri nel silenzio della notte allorchè tutto era tranquillamente sepolto nelle tenebre, mi affacciai alla finestra; il cielo era bruno e tempestato di stelle, la luna era nel suo primo quarto, e già tendeva a celarsi, dietro le Alpi. Ecco un'altra immagine della fugacità della vita, pensai fra me, e fissando lo sguardo su quell'arco lucente e sottile come lama di pugnale, stetti contemplandolo finchè lo vidi scomparire, e quando l'estrema punta fece capolino dalla vetta del monte, la salutai sospirando! - Non vi rimase che un'aureola di luce biancastra, che lentamente andava dileguandosi; indi a poco, più nulla, oscurità completa.... ""La notte regnava tranquilla, il lugubre silenzio, era rotto solamente dai monotoni strilli delle cicale; queste allegre colline verdi e fiorite apparivano come un ammasso(81) di ombre cupe, ed il lago riflettendo i pochi raggi luminosi sparsi nell'aria, sembrava simile a vasta palude, ornata d'una corona di tenebre. - Oh quante volte cercai nello straziante spettacolo della notte per trovarvi il secreto dell'esistenza!",no,V2_new,no,high
Baricelli_Carmela,I_Vinti_Ovvero_Il_Genio_Oppresso,1907,Baricelli_Carmela-I_Vinti_Ovvero_Il_Genio_Oppresso-1907.txt,"E detto fatto, scrisse due bigliettini, li pose in una bomboniera, di vetro, e conchiuse: «Andiamo, estragga la più giovane». - Armida, Armida, gridaron tutte. Armida, ansiosa, si alzò, aveva seguito la mano secca della madre e sperava di indovinare in qual biglietto avesse scritto il nome di Valerio. «Valerio deputato, pensava, poi ministro, quindi a Corte!",no,V2_new,no,medium
De_Boni_Filippo,L_Inquisizione_E_I_Calabro_Valdesi,1859,De_Boni-Filippo_L-Inquisizione-E-I-Calabro-Valdesi_1859.txt,Joanne Murglia - Michele Cunda - Paolo Cerando -,no,V2_new,no,high
Carcano_Giulio,Damiano,1850,Carcano_Giulio-Damiano-1850.txt,"per me adesso, posso morir contento.... Le ho vedute anch'io quelle glorie dell'arte italiana, dell'arte nostra! e ho potuto contemplar la faccia di quei quadri che sono stati il sogno di tutta la mia vita.",no,V2_new,no,high
Campanile_Achille,Giovinotti_non_esageriamo,1929,Campanile_Achille-Giovinotti_non_esageriamo-1929.txt,"In compenso, avevano distanziato di parecchio l’auto-innaffiatrice, sulla quale aveva preso posto Sofia. Dopo un paio di giorni, i due amici giunsero in vista d’una grande città. Ma che dico “in vista”?",no,V2_new,no,medium
Carcano_Giulio,Damiano,1850,Carcano_Giulio-Damiano-1850.txt,"Questo mio braccio non è più che un mozzicone; ma darei l'altro, per vedervi fuor del letto. - E la Stella, dite, mamma, dov'è?.... Perchè, lei almeno, non la trovo vicina a questo letto?.... - Oh! lei è in miglior luogo: rispose con rassegnazione l'ammalata: è in una casa del Signore. - Come?",no,V2_new,no,high
Barbieri_Ulisse,In_Basso,1885,Barbieri_Ulisse-In_Basso-1885.txt,- ragioniamo. Perchè ti derubo?...  - Perchè - ,no,V2_new,no,medium
Butti_Enrico_Annibale,L_incantesimo,1897,Butti_Enrico_Annibale-L_incantesimo-1897.txt,"Che è avvenuto?.... Parla in nome di Dio!
‒ Io non ho colpa.... Io non ho fatto nulla....",no,V2_new,no,high
Dandolo_Milly,Il_figlio_del_mio_dolore,1921,Dandolo_Milly-Il_figlio_del_mio_dolore-1921.txt,"E sentiva che appunto la pietà aveva tolto al suo essere quel lieve brivido d’amore che l’aveva turbata il primo tempo. Stesa sul letto, nella penombra delle imposte socchiuse, nei lunghi pomeriggi d’estate in cui non viene mai sera, pensava alle cose più diverse, e sentiva che non a quelle cose avrebbe dovuto pensare, sentiva che avrebbe dovuto piangere. Ma perchè piangere?",yes,V2_new,yes,high
Bandi_Giuseppe,Da_Custoza_In_Croazia_Memorie_D_Un_Prigioniero,1866,Bandi_Giuseppe-Da-Custoza-In-Croazia-Memorie-D-Un-Prigioniero-1866.txt,"Mi separai commosso dai mio giovane ferito che raccomandai a due infermieri soldati Veneziani, i quali sel tolsero sopra una barella e che fu mia cura confortare nella loro opera di carità con un paio di scudi della zecca Torinese. Fummo quindi collocati tra due file di bajonette e ci si disse marciassimo svelti e in silenzio. Camminammo quasi un miglio sovra terreno solcata dalle palle del cannone Italiano; quà e là giacevano molti cadaveri d'uomini e di cavalli in diversi più o meno orribili aspetti di morte.",no,V2_new,no,medium
De_Marchi_Emilio,Arabella,1893,De_Marchi_Emilio-Arabella-1893.txt,"""Come si chiama quella signora, moglie d'un professore?"" ""La signora Arundelli."" ""Sai dove sta di casa?""",no,V2_new,no,high
Butti_Enrico_Annibale,L_incantesimo,1897,Butti_Enrico_Annibale-L_incantesimo-1897.txt,"Altre volte, quando egli le aveva manifestato apertamente alcuna delle sue più crude idee sociali, era rimasta silenziosa ad ascoltarlo, se anche non aveva fatto cenno d'approvare. Ora da che proveniva quell'ardire, quel calore di principii, quella voglia nuova e improvvisa di discussione? E che significavano nella sua bocca i due epiteti di «schiavo» e di «galeotto», riferiti per ironia a quel rozzo essere ignaro, come per proclamarlo contro di lui uomo libero e suo pari?",yes,V2_new,yes,high
Negri_Ada,Le_Solitarie,1917,Negri_Ada-Le_Solitarie-1917.txt,"Una voce dolce e persuasiva (non la riconobbe) tentò di convincere la fanciulla a distaccarsi di là; ma ella non rispose che con un cenno negativo del capo, tenendo gli occhi sempre fissi sulla fronte della madre.
  Fu lasciata, finalmente, sola. E quando al silenzio del cadavere piú non si sovrapposero passi e bisbigli, si sentí piú calma.
  Mentre il tempo scorreva; i lineamenti dell'estinta si ricomponevano, fissandosi in una espressione di serenità.
  Quando mai, durante la faticosa vita, ella aveva avuto quella bocca riposata e ferma, quell'armonia di contorni, quella pace nel volto? Che vedeva, con occhi chiusi?",yes,V2_new,yes,high
Negri_Ada,Le_Solitarie,1917,Negri_Ada-Le_Solitarie-1917.txt,"Nanna aveva scelto la bionda bellezza d'una «principessa Maria»: Veronetta, la maestà bruna e misteriosa d'una «principessa Olivia»; e Ninna, la piú alta, la piú atta alle rapide trasformazioni, rappresentava il principe Azzurro, il duca, il capitano, e tutti gli altri personaggi maschi.
  E banchetti e balli e intrighi e amori e vendette: scenario di favola, atmosfera di palcoscenico.
  La principessa Olivia lasciava alteramente serpeggiare pei viali lo strascico d'una veste color di luna, mentre la principessa Maria splendeva in un manto trapunto di stelle: il duca giungeva a galoppo sul cavallo bianco, portando in fronte la gioia e l'orgoglio d'una battaglia vinta.
  La divina puerilità delle fiabe con le loro avventure di paggi, di nani, di reginotte, s'intrecciava a singolari spunti di vita vissuta, nel gioco ricco di meraviglie. La fantasia di Veronetta, in ispecie, vi trovava un pascolo aromatico come il fieno d'agosto al sole.",no,V2_new,no,high
Deledda_Grazia,Stella_d_oriente,1890,Deledda_Grazia-Stella_d_oriente-1890.txt,"Povero fratello! Forse soffrirà più di me, ma almeno non saprà mai il tremendo legame che ci unisce - che ci divide! Ahimè!",yes,V2_new,yes,medium
Negri_Ada,Le_Solitarie,1917,Negri_Ada-Le_Solitarie-1917.txt,"E un'idea nuova ne balzava sempre.
  Il fiore, la foglia, il bocciuolo, l'insetto eran segnati con diligente ingenuità primitiva: non tanto quali si vedono ad occhio nudo, ma piuttosto quali sono scòrti attraverso il microscopio. Sempre eran scelti i fiori selvatici, l'acònito, la genzianella, la violetta di bosco, la rosa di macchia; e la digitale purpurea, ed altri fiorellini di piante velenose – vere piccole meraviglie di colori e di forme.
  M'era già nota l'istintiva antipatia di Clara Walser per le piante ed i fiori coltivati dal giardiniere. Aveva detto un giorno: – La bellezza pura non appartiene che alla flora selvatica: dopo, è corrotta: è simile ad un viso imporporato dal belletto, ammorbidito dalle creme, mascherato dal sorriso che si porta in società.
  — Questo vi piace?",no,V2_new,no,high
Butti_Enrico_Annibale,L_incantesimo,1897,Butti_Enrico_Annibale-L_incantesimo-1897.txt,"Non era possibile che un'analogia di situazione o di parole le avesse risvegliato nella mente il ricordo del fidanzato lontano, illuminandole il volto di dolcezza e di bontà? E l'ultima sua risposta non poteva essere in vece una superba menzogna, ch'ella aveva detto volontariamente, per nascondere a un estraneo il geloso segreto del suo cuore? Tutto ciò era possibile, ed era più disperante d'ogni altra supposizione!",yes,V2_new,yes,medium
Bandi_Giuseppe,Da_Custoza_In_Croazia_Memorie_D_Un_Prigioniero,1866,Bandi_Giuseppe-Da-Custoza-In-Croazia-Memorie-D-Un-Prigioniero-1866.txt,"Agram, in italiano Zagabria, è la capitale della Croazia. Chi sa perchè mandarci colà? … Forse per la smania di condurne in giro per l'impero a guisa di trofei.",yes,V2_new,no,high
Tenca_Carlo,La_Ca_Dei_Cani,1840,Tenca_Carlo-La_Ca_Dei_Cani-1840.txt,"Bravo Giaffiapelle, gridarono tutti quand'ebbe finito, evviva il Medicina, ei scrive rispetti, meglio che il Bescapè.
- Cheti, figliuoli, disse lo Scannapecore, odo rumore sotto l'androne, che sia già venuto il Duca?
- Sì per Dio, sclamò lo Sciancato, ho sentito il picchio delle alabarde che posavano a terra.",no,V2_new,no,high
Capuana_Luigi,Il_Marchese_Di_Roccaverdina,1901,Capuana_Luigi-Il_Marchese_Di_Roccaverdina-1901.txt,"E spiegava la ragione del mutamento; e il torto doveva essere sempre dell'ingegnere, non di lui. Era preso interamente da quelle costruzioni; avrebbe voluto vederle già in piedi, col tetto, con le imposte e tutto il resto; e gli sembrava che venissero su lentamente, quasi per ostile esitanza. Appena le domeniche si rammentava di fare una visita in casa della zia, dove sapeva di trovare Zòsima con la madre e la sorella.",no,V2_new,yes,high
De_Marchi_Emilio,Arabella,1893,De_Marchi_Emilio-Arabella-1893.txt,"L'altro, rinchiuso colle spalle l'antiporto, si fermò sulla soglia un momento, sollevò il lume, cercò la sua morta. La vecchia Ratta giaceva supina sul letto, col volto sprofondato nelle crespe della cuffia, colla povera gonnella indosso, da cui uscivano le gambe sottili, colle mani legate sul ventre, ferma, fissa in quella rigidità quasi violenta che pigliano i corpi nei momenti che presentono l'ultima distruzione. Il signor Tognino, abituato a veder la vecchia cugina raggomitolata nella sua poltrona in preda a una tremolante convulsione, non poté sottrarsi a un senso di stupore, rivedendola a un tratto tanto ingrandita sul suo letto di morte; e suo malgrado fu tratto a riflettere qualche cosa su questa stupida commedia della vita, senza però sprofondarsi troppo nella filosofia, ciò che non era nella sua natura, anzi sforzandosi d'infuriare dentro di sé contro gli imbecilli che non avevano ben chiuso e lasciavano che la neve entrasse dalla finestra.",no,V2_new,no,high
Emiliani_Giudici_Paolo,Beppe_Arpia,1851,Emiliani_Giudici_Paolo-Beppe_Arpia-1851.txt,"Deponi dunque lo stolto pensiero e rimani in casa tua. - Ma io debbo partire. - O chi ti caccia? - Le mie sciagure. - E non hai uno zio cui non rimane anima nata che lo vincoli alla vita, e che può riparare alla rovina che ti sei formata, e che se tu ti penti, come giuri, può rifarti lo stato? - Grazie infinite, mio caro zio; io non ho parole a significarti la mia gratitudine: ma io parlo d'altre sciagure, e irreparabili. Roberto accompagnò d'un lungo e passionato sospiro quest'ultima parola: il vecchio impallidí, ed afferrato il braccio del nipote: - Parla - gridò - rivelami tutto; e purché non sia un'infamia, fidati di Alamanno Braccioferri. - Ah! Diletto zio, lasciami partire, altro modo non v'è a salvare il tuo sventurato Roberto. - E gli spuntò sul ciglio, cosí dicendo, una lagrima che commosse profondamente lo zio, il quale tenendo tuttavia afferrato il braccio di Roberto, gli fissava in viso gli occhi fiammeggianti dicendogli - Roberto!",no,V2_new,no,high
Saluzzo_Roero_Diodata,Novelle,1830,Saluzzo_Roero_Diodata-Novelle-1830.txt,"Qui ricoveravano duecento cavalieri, dotati già di gran fama tra l'armi; ora qui fama non suonava d'alcuno di loro: vivevano ignoti a tutti, fuori che a Dio ed a se stessi. Stava chiusa ai pellegrini l'altra cima opposta perché ripida e coperta gran parte dell'anno di neve agghiacciata: e dividevano quelle erte sommità dei monti due giorni di penoso camminare, benché vicine paressero all'occhio. Su quell'erta rocca Rotario non temeva l'incontro d'un uomo vivente: onde s'avviò col sole che nasceva tra le alpi.",no,V2_new,no,high
Collodi_Carlo,Macchiette,1880,Collodi_Carlo-Macchiette-1880.txt,"A questa feroce provocazione, la prima idea che balenò alla mente di Jacopo, fu quella di prendere quell’uomo per il collo e di strozzarlo lì sui due piedi: ma poi, per quel sentimento naturale che ispira il tempio del Signore e la lucerna del carabiniere reale, preferì piuttosto di prendere il suo cappello e di uscir fuori all’aria aperta. El’Uomo-colla a corrergli dietro e a domandargli:
— Che cosa hai?
— Nulla. Il caldo mi faceva male.
— Difatti sei rosso come un vecchio cappello di felpa; soffri forse di sangue alla testa?
— Non mi pare.
— Io, invece, giurerei di sì.",no,V2_new,no,high
Caracciolo_Enrichetta,Misteri_Del_Chiostro_Napoletano,1864,Caracciolo_Enrichetta-Misteri_Del_Chiostro_Napoletano-1864.txt,"Tutti si volsero: bisbigliarono di un pazzo. Era un membro del Parlamento inglese. I preti imposero silenzio, e le monache, le quali in altre simili funzioni avevano veduto de' protestanti, dissero alla superiora, ch'era rimasta colla mano sospesa, stringendo le forbici: «Tagliate!",no,V2_new,no,high
Cagna_Achille_Giovanni,Un_Bel_Sogno,1871,Cagna_Achille_Giovanni-Un_Bel_Sogno-1871.txt,"Laura alzò lo sguardo per la prima volta ad Ermanno, ed in quegli occhi eravi un accento tale di preghiera, un'espressione sì supplichevole, da disarmare la collera di chiunque; ma Ermanno fu inesorabile; prese a caso vari quinterni di musica, e sciegliendo fra essi vi trovò una Romanza d'Hoffmann. - Madamigella, diss'egli, è da molto che non ho più il bene di sentire la sua voce; questa Romanza deve starle a meraviglia, e la sentirei volontieri. Laura tentò di ricusare, ed egli si volse allora a Filippo dicendogli: - Tocca a lei signore, ella ha più influenza di quanto possa averne io; la sua preghiera vale assai più della mia, e madamigella non oserà rifiutarsi..... Non c'era riparo, la crudeltà era troppo raffinata, e Laura non potendo schermirsene si abbandonò alla sorte. - Tutti fecero silenzio, Filippo accompagnava, ed Ermanno fissò gli occhi in volto a Laura che sotto quello sguardo si sentiva oppressa, nullameno; fecesi coraggio, e cantò:  ""Ombre amene, amiche piante, Il mio bene, il caro amante Chi mi dice dove andò?",no,V2_new,no,high
Capuana_Luigi,Il_Marchese_Di_Roccaverdina,1901,Capuana_Luigi-Il_Marchese_Di_Roccaverdina-1901.txt,"Comandava ed era obbedito più di Vittorio Emanuele che non poteva far niente, dicevano, senza il consenso dei ministri. E allora che valeva l'essere re? In quanto alla religione...",no,V2_new,yes,medium
Campanile_Achille,Giovinotti_non_esageriamo,1929,Campanile_Achille-Giovinotti_non_esageriamo-1929.txt,"Vogliamo la squadra! Fra poco saremo di ritorno!”
In fondo, i giovanotti di Pontesullago non erano cattivi, a saperli prendere per il loro verso.
* * * Che avveniva intanto, nel resto del paese?",yes,V2_new,yes,medium
Butti_Enrico_Annibale,L_incantesimo,1897,Butti_Enrico_Annibale-L_incantesimo-1897.txt,"E come, solo, avrebbe vissuto nella casa squallida e severa, che le imagini de' suoi maggiori, appese alle pareti, rendevan simile a una critta foderata di lapidi? Gli occhi di Flavia parvero leggergli nel pensiero e rispondere alle sue domande angosciose. Fissi su lui, intorbiditi come da un velo di pietà e di tristezza, essi ricantavano ora più forte il poema della seduzione, essi ripetevan con maggiore eloquenza il dolce invito alla Gioja! «Perchè t'affliggi, giovine?» dicevano quegli occhi di donna: «Perchè non domandi alla vita quel bene, quell'unico bene ch'essa largisce liberalmente a tutti i nati?",yes,V2_new,no,medium
Butti_Enrico_Annibale,L_incantesimo,1897,Butti_Enrico_Annibale-L_incantesimo-1897.txt,"Rappresentava forse in origine una martire nella estatica aspettazione del supplizio; ora però quel volto appariva coronato da una aureola circolare di fattura recente, e si diceva l'imagine della Madonna. I guardiani del palazzo e la gente del villaggio asserivano poi che l'icona aveva compiuto nel tempo trascorso molti miracoli, e che, velata anch'essa dall'intonico, se n'era liberata ed era riapparsa sola in una notte, maravigliosamente. Il giovine, inconsapevole, fu attratto da quel lume, che oscillava al vento umido dell'alba.",no,V2_new,no,high
De_Marchi_Emilio,Arabella,1893,De_Marchi_Emilio-Arabella-1893.txt,"potevano battere un morto con più profitto. Quando un uomo è sull'orlo di essere impiccato, è giusto a lui che si deve far la questione di che filo è fatta la corda! Lui non conosceva nessuno, né Aquilino, né Pasqualino, né Maddalena, né Bartolomeo; lui faceva il sarto.",yes,V2_new,yes,medium
Negri_Ada,Le_Solitarie,1917,Negri_Ada-Le_Solitarie-1917.txt,"Fece qualche domanda, udí qualche parola, comprese, sospirò, accorse.
  Esperta di mali femminili, figlia d'una levatrice, e, per lunga umile pratica, piú chiaroveggente, talvolta, d'un medico, non v'era inferma in paese ch'ella non avesse assistita. Vide súbito di che si trattava: vide che Cristiana spirava nel proprio sangue. Con voce breve ordinò: — Acqua bollente! poi, ghiaccio.
  E si mise, con precisi ma leggerissimi movimenti, intorno alla disgraziata.
  Mina, la custode, la seguiva come un'ombra, aiutandola trepidante, con cordiali, garza, tamponi d'ovatta; e aveva l'aria d'una monaca nel suo pallore clorotico di magra zitella spaurita, scandalizzata, ma mite d'animo e pronta agli atti della pietà.
  Quella vecchiaccia!",yes,V2_new,no,high
Baricelli_Carmela,I_Vinti_Ovvero_Il_Genio_Oppresso,1907,Baricelli_Carmela-I_Vinti_Ovvero_Il_Genio_Oppresso-1907.txt,No! il cuore? Le manca!,no,V2_new,no,high
Negri_Ada,Le_Solitarie,1917,Negri_Ada-Le_Solitarie-1917.txt,"Occhi terribili, che nessuno le aveva veduti mai: occhi che inghiottivano la tenebra e ne erano inghiottiti: specchi d'un cuore abbeverato di nausea, vigile in solitudine.
  Quei terribili occhi, pur le videro i figli, il giorno in cui chiamati per telegramma – Giacomo da una borgata del Veneto dove aveva impreso a condurre una farmacia, Gigetta da una città delle Marche dove era stata nominata maestra – trovarono la donna presso il letto del padre, morto di sincope.
  E molti gesti di dolore essi fecero, e sparsero molti lamentosi pianti, poiché cosí vuole la convenienza, ma Caterina non si dipartí dal suo gelo.
  A funerale compiuto, nella camera mortuaria in cui persisteva un odore dolciastro di cera, di fiori e di putrefazione, i due fratelli offersero alla madre di venire ad abitar con loro; ma debolmente, come chi tema un sí. Giacomo, infatti, aveva in vista un matrimonio lucroso, che gli avrebbe permesso di comprare la farmacia; e Gigetta, oh!",yes,V2_new,no,medium
Deledda_Grazia,Stella_d_oriente,1890,Deledda_Grazia-Stella_d_oriente-1890.txt,"Donna Anna rimise la moneta pensando di comprare ad Anglona qualche cosa per la sua nuova conoscenza, e s’allontanò col marchese dopo averla abbracciata. Scesero nella barca. Il marchese remava malissimo e Donna Anna si sarebbe sconvolta se non fosse stata in contemplazione di Stella rimessasi a lavorare sulla riva.",no,V2_new,no,medium
De_Amicis_Edmondo,Cuore,1886,De_Amicis_Edmondo-Cuore-1886.txt,"Gli misi una mano sul braccio e gli dissi all'orecchio: - Non piangere, Garrone. - Egli non rispose, e senz'alzar la testa dal banco, mise la sua mano nella mia e ve la tenne un pezzo. All'uscita nessuno gli parlò tutti gli girarono intorno, con rispetto, e in silenzio. Io vidi mia madre che m'aspettava e corsi ad abbracciarla, ma essa mi respinse, e guardava Garrone.",no,V2_new,no,high
Butti_Enrico_Annibale,L_incantesimo,1897,Butti_Enrico_Annibale-L_incantesimo-1897.txt,"Chi le aveva suggerito le parole ribelli, che non potevano essere il frutto d'una semplice anima femminile? ‒ Un dubbio attraversò fulmineo il pensiero d'Aurelio: quelle eran le idee dell'Altro, dell'Indimenticabile, dell'uomo a lui ignoto ch'ella aveva tanto amato un tempo e forse amava ancora nel segreto del suo cuore, disperatamente. Certo, certo così per analogia doveva ragionare in politica quel rètore dell'amore che, dopo averle infocata la fantasia con un'abile comedia di passione e d'entusiasmo, s'era da un giorno all'altro comodamente sottratto alle responsabilità assunte, ripudiando senza scrupoli ogni sua promessa, ogni suo giuramento, ogni suo impegno morale! Il giovine ebbe da questo dubbio una specie di gelosia, una specie di sordo furore vendicativo contro lo sconosciuto e per riflesso contro la fanciulla che aveva parlato come in suo nome.",yes,V2_new,no,high
Viola_Ferretti_Emilia,A_quarantacinque_anni,1874,Viola_Ferretti_Emilia-A_quarantacinque_anni-1874.txt,"Invano la signora Marnieri aveva suonato tutti i pezzi di musica che sapeva, invano corse perfino il rischio di prendere il raffreddore, passeggiando col marito la sera pei viali del giardino; Luciano Marnieri, calmo e cortese l’accompagnava, chiacchierando di cose famigliari, dello zio, della sua professione, di studio o di finanze come se quell’altro non l’avesse mai neppur conosciuto. Per del tempo la signora Marnieri, che era a quell’epoca ancora molto giovane, non vi pensò più; ma poi, allorchè acquistò maggiore esperienza della vita, ripensava qualche volta ai primi tempi del suo matrimonio e guardava questo signor Marnieri tanto serio e calmo, ricordando con sorpresa quell’altro che gli somigliava così poco.",no,V2_new,no,high
Deledda_Grazia,Stella_d_oriente,1890,Deledda_Grazia-Stella_d_oriente-1890.txt,"Domani verranno! Era la dimenticanza, la calma che aspettava, e i domani scorrevano senza che esse venissero, ma un’ultima speranza sorreggeva la povera fanciulla. Davanti a donna Morella, a gli amici,",yes,V2_new,no,medium
Campanile_Achille,Giovinotti_non_esageriamo,1929,Campanile_Achille-Giovinotti_non_esageriamo-1929.txt,"Perché Sofia non aveva che una regola nella vita: far sempre il contrario di quello che volevo fare io. Io, per esempio, nelle ore canicolari d’estate, quando tutti dormono e fuori non ci son che le cicale a cantare sugli alberi, esprimevo il desiderio di starmene in casa a riposare. Ebbene, era molto probabile che anche mia moglie avesse questo desiderio; forse anche lei sarebbe rimasta volentieri a schiacciare un sonnellino, come a quell’ora fanno tutti, per poi uscire a far due passi verso sera, col fresco.",no,V2_new,no,high
Collodi_Carlo,Macchiette,1880,Collodi_Carlo-Macchiette-1880.txt,"In questo mentre si sentì una grande scampanellata e una voce sul pianerottolo della scala, che cantava sull’aria del Barbiere di Siviglia: — «Ehi di casa, buona gente.»
Era la voce del signor Tonino.
 
L’umanità si divide in due grandi categorie: in furbi e in minchioni. Tonino apparteneva alla prima categoria: Roboamo alla seconda.",yes,V2_new,no,high
Butti_Enrico_Annibale,L_incantesimo,1897,Butti_Enrico_Annibale-L_incantesimo-1897.txt,"Se avesse potuto sentir nella sua la mano di lei, come nei lugubri giorni al letto della morente!... Al giovine parve d'un tratto che scendesse uno spiraglio di luce nelle tenebre dell'anima sua. Parve come di vedere nelle onde oscure, che circondavan furenti la sua navicella smarrita, il chiarore d'una figura viva e misteriosa che lo invitava a sè con un sorriso divinamente incantevole. ‒ A lei, a lei egli doveva andare.",yes,V2_new,yes,high
Viola_Ferretti_Emilia,A_quarantacinque_anni,1874,Viola_Ferretti_Emilia-A_quarantacinque_anni-1874.txt,"Quando si svegliò al mattino, il sole penetrava già fra le socchiuse imposte nella camera, e di fuori si sentivano gli uccellini cantare allegramente nel giardino. Era l’ultima mattina! La contessa guardò un momento la sua camera fiocamente illuminata da un sottile raggio di sole, i grandi quadri, i vecchi mobili di noce intagliato, le tende di damasco bleu scuro, e uno specchio in cornice d’ebano di faccia al suo letto.",no,V2_new,no,high
De_Marchi_Emilio,Arabella,1893,De_Marchi_Emilio-Arabella-1893.txt,"E tutti gli credettero, essendo uno dei molti privilegi dei buoni d'essere creduti degni anche del bene che non fanno. Arabella, nella quiete delle belle giornate calde, nella cura e nella benevolenza de' suoi, e, più ancora di tutto, nella persuasione che la sua vita non potesse essere diversa, a poco a poco si avviò a perdonare e a dimenticare. La giovinezza vuol vivere.",no,V2_new,no,high
Deledda_Grazia,Stella_d_oriente,1890,Deledda_Grazia-Stella_d_oriente-1890.txt,"Stella, nella magnifica sala da pranzo, fra lo scintillio dei cristalli e delle argenterie, fra i profumi e i gusti delle delicate vivande, dei dolci, delle frutta, dei vini di cui non s’aveva neanche mai fatta un’idea, cominciò a tentennare… Poi quando la portarono attraverso i sontuosi appartamenti addobbati dalle artistiche tappezzerie di Beauvais, dalle alte specchiere veneziane, dai morbidi tappeti di Puchah, dai ricchi mobili alla Luigi XVI di velluto di Utrech e di legni orientali, dai quadri preziosi firmati da grandi artisti fiamminghi e italiani, da porcellane di Meiss e da tante altre belle cose, Stella pensò che là si stava meglio che nella sua capanna… Da ultimo, quando Maurizio presala per mano la portò in giardino, mostrandolene tutte le bellezze, e chiamandola a sua volta Carina, le promise tante cose purché rimanesse, Stella aveva finalmente ceduto!",yes,V2_new,no,high
Cagna_Achille_Giovanni,Un_Bel_Sogno,1871,Cagna_Achille_Giovanni-Un_Bel_Sogno-1871.txt,"Ermanno aveva creata una melodia senza accorgersene sotto l'impressione della bellezza. Laura aveva indovinato col cuore. Quel Capriccio voluttuoso, carezzevole, quei tocchi graziosi delle note spiranti la mollezza, suonarono come soave linguaggio nel cuore della fanciulla, che senza comprenderne il vero significato, pure dall'accento, dalle vibrazioni, aveva scoperto in quel concetto un saluto d'ammirazione.",no,V2_new,no,medium
Barbieri_Ulisse,In_Basso,1885,Barbieri_Ulisse-In_Basso-1885.txt,"La torcia di resina, portata da Gennaraccio, ne rischiarava il volto, ed era così pallido, che la torcia tremò nella mano del bandito, mentre il Guercio lanciavasi verso lei. Bianca gettò un grido disperato e svenne.  - Presto.... - ",no,V2_new,no,medium
Deledda_Grazia,Stella_d_oriente,1890,Deledda_Grazia-Stella_d_oriente-1890.txt,"Ma ahimè, sull’orologio suonavano i quarti, le mezze, le ore e sul viso del ferito, coloratosi leggermente, non appariva nessuna contrazione di delirio, né dalle sue labbra usciva alcuna parola. Maurizio stanco di aspettare, sedutosi su un divano esaminò di nuovo il ritratto, il fazzoletto, chiedendosi se non fosse pazzo, con lo sperare notizie di Stella da quel giovine che forse non la conosceva neanche: perché ora il ritratto, ben esaminato alla luce viva dei lumi, gli sembrava non si rassomigliasse tanto a Stella, e il fazzoletto… oh, Stella possedeva è vero dei fazzoletti simili, ricamati da lei, ma il disegno copiato da un album di ricami, poteva benissimo essere stato tratto dallo stesso album da altre il cui nome cominciava in esse.",yes,V2_new,yes,medium
Dandolo_Milly,Il_figlio_del_mio_dolore,1921,Dandolo_Milly-Il_figlio_del_mio_dolore-1921.txt,"Si disse quasi tranquillamente: «ho perduto tutto». Aveva perduto tutto, veramente. In certi momenti non era nemmeno triste; era indifferente e sentiva solo qualche lieve sofferenza fisica.",yes,V2_new,yes,medium
Butti_Enrico_Annibale,L_incantesimo,1897,Butti_Enrico_Annibale-L_incantesimo-1897.txt,"Certo, era lei; doveva esser lei. La gioja ineffabile del suo cuore non poteva ingannarlo. Egli l'aveva invocata; ella, ecco, accorreva. ‒ Oh, caderle ai piedi e morire!....",yes,V2_new,yes,medium
Dandolo_Milly,Il_figlio_del_mio_dolore,1921,Dandolo_Milly-Il_figlio_del_mio_dolore-1921.txt,"Il disperato richiamo si era spento, finalmente. Salì le scale a fatica, si fermò un momento dalla piccola signora senza dirle nulla, pallida e distratta, rientrò dai genitori, li salutò, passò nella sua camera, pallida e distratta. Ma quando sedette sul letto e cominciò a sciogliersi i capelli che le caddero sul viso e sulle mani, le parve di sentire ancora, a traverso il velo dei capelli, quel grido che la chiamava, venuto da chi sa che lontananza, da chi sa che ombra, da chi sa che dolore:
— Senti,",yes,V2_new,no,high
Deledda_Grazia,Stella_d_oriente,1890,Deledda_Grazia-Stella_d_oriente-1890.txt,"Sarà un terribile colpo per Maurizio, e anche per loro… ma non soffro orribilmente anch’io?…
Guardò le campagne, traversate due mesi prima con la felicità e l’illusione nel cuore, ove l’alba cominciava a projettare le prime tinte bianche del crepuscolo che rendono così melanconica l’anima di chi guarda, e a poco a poco a misura che quella bianchezza nebbiosa sfumava nella luce del giorno, una nube pareva posarsi, farsi distinta, sulla fronte di Stella, dove era riapparsa la ruga, tremula, nervosa… Ahimè, ahimè! Ella pensava sempre a Maurizio, ella sentiva di amarlo sempre!…
Si ritirò in un angolo e accoccolandovisi nascose il viso fra le mani. - Nonostante tutto il suo coraggio, e i suoi proponimenti, sentiva il cuore gonfio, oppresso dal peso di un immane dolore - sentiva che allorché avrebbe voluto sorridere alla vita, un sogghigno si sarebbe posato sul suo viso…
Scoppiò in pianto: poi cadde in una cupa immobilità, che non era sonno né veglia come quando si ha la febbre, e si riscosse solo allorché fu aperto con fracasso lo sportello del suo scompartimento, e una voce stridula, altissima, si mise a gridare, dominando tutti gli altri rumori assordanti della stazione: – Napoli!",yes,V2_new,yes,high
Butti_Enrico_Annibale,L_incantesimo,1897,Butti_Enrico_Annibale-L_incantesimo-1897.txt,"E intanto un desiderio folle si faceva strada tra le tenebre di quel tumulto selvaggio dell'anima, usciva a poco a poco dal caos delle imagini oscure, si rischiarava, splendeva, scintillava come astro solitario in un cielo tempestoso: il desiderio di Flavia, d'una parola benevola di lei, d'una sua carezza su la fronte accesa, d'uno di quei baci inebrianti, ch'ella aveva pocanzi prodigati con tanto trasporto a' suoi parenti. ‒ Oh, perchè ella non veniva? perchè tardava tanto? Non sapeva ella forse ch'era là, solo, triste, afflitto da un'angoscia senza nome, ad aspettarla? E la sua pietà, sempre sì docile all'appello dei sofferenti, non si risvegliava dunque per la prima volta al suo grido disperato di soccorso?",yes,V2_new,yes,high
De_Amicis_Edmondo,Cuore,1886,De_Amicis_Edmondo-Cuore-1886.txt,"Tua madre non è più qua, ma ti vede, t'ama ancora, vive ancora accanto a te, e un giorno tu la rivedrai, perché sei un'anima buona e onesta come lei. Fatti coraggio. - Detto questo, l'accompagnò al banco, vicino a me. Io non osavo di guardarlo.",no,V2_new,no,medium
Butti_Enrico_Annibale,L_incantesimo,1897,Butti_Enrico_Annibale-L_incantesimo-1897.txt,"Portami via! ‒ ella urlava con la voce rauca, strozzata dall'affanno, mentre cercava di svincolarsi e di precipitarsi dal letto. E nulla nella notte, tra il frastuono della bufera, era più tragico di quel grido infantile nella bocca d'una vecchia canuta e moritura! L'alba alfine s'annunciò, una lugubre alba piovosa come d'autunno estremo.",yes,V2_new,no,high
Negri_Ada,Le_Solitarie,1917,Negri_Ada-Le_Solitarie-1917.txt,"L'Italia?
  Bisognava fosse una ben grande terra, un tesoro assai piú ricco di quello della Madonna d'Oropa, se tanti bei giovanotti pieni di sangue sano e tanti uomini maturi già carichi di famiglia eran partiti allegramente per la guerra, cantando evviva a quel nome. E molti non sarebbero piú tornati indietro: i giornali portavano intere colonne listate di nero: anche qualche compagno del suo figliuolo era rimasto lassú, e le madri e le vedove non avevan piú lagrime per piangerli. Per l'Italia.
  Non lavorava anche lei, per l'Italia, terminando pazientemente tutte quelle calze di lana, quelle ventriere di lana, e caschi e colletti e gambali color di ferro e di ruggine, che la contessina del primo piano e la maestra comunale del terzo e le due sorelle del quarto, impiegate alla Banca di Sconto, incominciavano con ardente entusiasmo pei soldati al fronte, e non riuscivano mai a finire?",yes,V2_new,yes,medium
Deledda_Grazia,Stella_d_oriente,1890,Deledda_Grazia-Stella_d_oriente-1890.txt,"Poi?… L’avvenire provvederà: Marco è sempre malaticcio: si vede bene, non vivrà più di due o tre anni!…
Così il marchese, sicuro di sé, quando Maria gli disse piangendo esser necessario sposarsi in segreto e dir tutto a Marco, prendendole le mani ardenti e tremule, affascinandolo con lo sguardo azzurro e scintillante, le rispose lentamente: – Non temere di nulla! Quando il mondo saprà ciò che tu chiami il tuo disonore, ti chiamerai marchesa d’Oriente!",yes,V2_new,no,high
Castelnuovo_Enrico,Il_Fallo_Di_Una_Donna_Onesta,1897,Castelnuovo_Enrico-Il_Fallo_Di_Una_Donna_Onesta-1897.txt,"E non ne hai punto bisogno per ordinare quante copie vuoi... Le prendo tutt'e due. - No, Guido, è inutile. Che ne faresti di tutt'e due? - O che ti deve pesare a lasciarmele?",no,V2_new,no,high
Negri_Ada,Le_Solitarie,1917,Negri_Ada-Le_Solitarie-1917.txt,"Perché la sua sensibilità nervosa era cosí indifesa, cosí a nudo, cosí spasmodica? Cercava di non ascoltare, di nascondere il capo sotto le coperte, per dormire. Non poteva, non poteva.",yes,V2_new,yes,high
Negri_Ada,Le_Solitarie,1917,Negri_Ada-Le_Solitarie-1917.txt,"Dio li abbia in gloria. A che scopo farli rivivere per lei, che pensava a ben altro?
  Verso la fine del terzo anno di corso, il cervello di Rosanna si sarebbe potuto paragonare ad un caldaione in cui andasse ribollendo il piú inverosimile guazzabuglio di cognizioni, a dispetto del senso comune. Ma che importava?
  Ella non voleva che questo: tornare, ad ogni costo, maestra al suo villaggio, dove già il posto l'attendeva.",yes,V2_new,yes,high
Bersezio_Vittorio,La_Testa_Della_Vipera,1896,Bersezio_Vittorio-La_Testa_Della_Vipera-1896.txt,"Madama è un angelo, severa in certe cose, anche rigorosa, ma un angelo!... Suo padre, povero vecchio, che cosa ne può se la sua malattia ci ha dato tanto da fare? Il signor Cesare è una perla...",no,V2_new,yes,medium
Butti_Enrico_Annibale,L_incantesimo,1897,Butti_Enrico_Annibale-L_incantesimo-1897.txt,"Su, su, sempre più in alto, egli sarebbe dovuto andare, continuamente andare, portando la croce della sua sapienza, anelando affaticato alla sommità del suo Golgota, dove avrebbe trovato ad aspettarlo la Morte. Quale forza terrena sarebbe riuscita a opporsi a una disposizione superna? «Chi, chi può dunque mutare il destino?»
Così era e così doveva essere. Le gioje dei mortali non eran per lui, non eran per quelli che son destinati a sacrificarsi a un Ideale, a versare il loro sangue più puro per fecondar la terra o per imbevere le sabbie.",yes,V2_new,yes,medium
Negri_Ada,Le_Solitarie,1917,Negri_Ada-Le_Solitarie-1917.txt,"Frenetico garrire di passeri veniva dall'ombra del pino turchiniccio. Rondoni rondoni rondoni roteavano in cerchi di veemenza felice nell'azzurro, stridendo di gioia.
  Non era salito un altro uomo, venti anni prima, in quella stessa ora, per quelle stesse scale, a fianco della piccola principessa? Brutalità del maschio, brutalità di biglietti di banca gettati per tentazione sulla faccia, vergogna, sofferenza, che pure ella adesso benediceva.
  L'ingiuria di Paolo Màspero, dandole l'aspro coraggio d'avventurarsi per la sua vera strada aveva chiamato a lei, con le vittorie della volontà, l'amore di Fausto Mori.
  Che altro le restava da ottenere?
  Sulla soglia tacquero, pallidi.",yes,V2_new,yes,medium
Baricelli_Carmela,I_Vinti_Ovvero_Il_Genio_Oppresso,1907,Baricelli_Carmela-I_Vinti_Ovvero_Il_Genio_Oppresso-1907.txt,Alla Giustizia rimaneva intero il suo compito! nan,no,V2_new,no,high
Capuana_Luigi,Il_Marchese_Di_Roccaverdina,1901,Capuana_Luigi-Il_Marchese_Di_Roccaverdina-1901.txt,"«Vedete, caro cugino! Sono più cristiano di tutti voialtri; dimentico le offese. Non vi dispiacerà, spero, che sia venuto a trovarvi.",no,V2_new,no,high
Butti_Enrico_Annibale,L_incantesimo,1897,Butti_Enrico_Annibale-L_incantesimo-1897.txt,"Che giorni, che giorni cupi, fatali, tremendi eran seguiti a quel giorno!.... I ricordi si moltiplicarono, galopparono come un branco di cavalli apocalittici a traverso la sua mente esaltata. Egli si rivide, al fianco di un prete salmeggiante, nella gran barca parata a nero, occupata tutta dal feretro quasi invisibile sotto il cumulo dei fiori; si rivide con lo Zaldini pigiato tra gente ignota nel treno, che trascinava dietro, entro un carro chiuso, come una merce, la cara spoglia; si rivide nei sotterranei del Cimitero Monumentale, tra un'esigua compagnia d'indifferenti, fermo rigido impietrito d'avanti alla nicchia oscura, in cui la cassa era scomparsa adagio adagio verso il fondo con un cigolìo stridulo e lungo come un lamento.",yes,V2_new,yes,high
Collodi_Carlo,Macchiette,1880,Collodi_Carlo-Macchiette-1880.txt,"Perchè bisogna sapere che due mesi prima la Bita, trovandosi a una festa da ballo nel Casino Civico, aveva avuto la fortuna di ballare tutta la sera con un bel giovinetto, che fatalmente si chiamava Armando. Armando!…
La fanciulla uscì dalla festa colla speranza di aver trovato un marito che, fra le altre belle doti del cuore, aveva anche quella di chiamarsi come si chiamava l’amante della Signora dalle Camelie! Per altro quella speranza era rimasta sempre una speranza, e non aveva preso mai nè forma nè colore.",yes,V2_new,no,medium
Butti_Enrico_Annibale,L_incantesimo,1897,Butti_Enrico_Annibale-L_incantesimo-1897.txt,"E la sua anima pareva cristallizzata in una forma immutabile, su cui il tempo scorresse pigro e lieve senza lasciare la benchè minima traccia. Che fare? Mio Dio, che fare?",yes,V2_new,yes,high
Negri_Ada,Le_Solitarie,1917,Negri_Ada-Le_Solitarie-1917.txt,"Il caso sa quello che fa. Come era entrato nella vita di lei, senza che il cuore lo avesse chiamato, l'uomo poteva sparirne.
  In qual modo? Non lo sapeva.",yes,V2_new,yes,medium
Butti_Enrico_Annibale,L_incantesimo,1897,Butti_Enrico_Annibale-L_incantesimo-1897.txt,"Non celava forse, sotto la dolcezza del sembiante e l'innocenza degli sguardi, la vergogna o la smania insodisfatta d'un fallo, la maligna curiosità della donna indifferente o la terribile leggerezza della donna vana, desiosa di lusso, di piaceri, di licenza? Aveva veramente amato quell'Altro? Cedeva ora di nuovo alla passione, o la fingeva per giuoco e per vanità?",yes,V2_new,yes,high
Capuana_Luigi,Il_Marchese_Di_Roccaverdina,1901,Capuana_Luigi-Il_Marchese_Di_Roccaverdina-1901.txt,C'è l'inferno degli uccelli? Sciocchezze! Fantasticherie!,no,V2_new,no,high
Baratono_Pierangelo,Bob_E_Il_Suo_Metodo,1914,Baratono_Pierangelo-Bob_E_Il_Suo_Metodo-1914.txt,"Signorile, proprio! Vendeva un po' d'ogni cosa: legacci, cravatte, bottoni, biancheria; e sorrideva bonariamente agli avventori, prodigando inchini col suo corpicciuolo butirroso, con un garbo da cicisbeo del settecento. Bob lo sorvegliava, da un pezzo, come un innamorato; di soppiatto, s'intende, per non offuscarlo nè offenderlo.",yes,V2_new,no,high
Collodi_Carlo,Macchiette,1880,Collodi_Carlo-Macchiette-1880.txt,"Santa ingenuità! come se i deputati fossero tutti creditori!…
Il barone si alzò da letto a mezzogiorno preciso, e chiamato un ragazzotto di circa sedici anni, vestito di una giacchetta verdona con grossi bottoni di bossolo e di un paio di pantaloni scuri, che andavano a finire in due ghette di panno bigio, gli domandò:
— Ci sono tutti?…
— Tutti, no: ma parecchi…
— Li farai passare a uno per volta: e intanto terrai d’occhio il canapè e le seggiole, perchè non me le portino via..
— Come! ci sarebbe forse il pericolo?…
— Per tua regola, i creditori non sono mai persone oneste. Il primo a presentarsi fu il sarto.
— Avete portato il conto? — domandò il barone, camminando in su e in giù per la camera, a grandi passi, come un uomo sotto l’influsso di un cattivo quarto di luna.
— Eccolo qui — rispose l’altro, presentando un foglio.
— A quanto ammonta?
— A quattromila lire.
— Avete detto?…
— Quattromila lire!
— Credevo molto di più. Mi dispiace, ma per ora, non posso darvi che la metà.
— Faccia lei! — replicò il sarto, il quale sentì allargarsi il cuore dalla gran consolazione.
— Sta bene così?
— Benissimo.
— Allora — soggiunse il barone con disinvoltura — passerete da me lunedì a quindici, e troverete le duemila lire bell’e contate.
— Ma…
— Addio, addio! È mattinataccia: non mi seccate.",yes,V2_new,no,high
Saluzzo_Roero_Diodata,Novelle,1830,Saluzzo_Roero_Diodata-Novelle-1830.txt,"Nol potrian prodi, e molti, Che sol fugar l'Emiro Può dal Guadalquiviro D'Almànzora un sospir.
«Non mai, non mai!», sclamò una voce che veniva dalle soglie, e tosto si scoperse il Saraceno. La riverenza, il terrore, il nessun tempo che rimaneva a riflettere, divise in due quel popolo che lo riconobbe.",no,V2_new,no,high
Negri_Ada,Le_Solitarie,1917,Negri_Ada-Le_Solitarie-1917.txt,"Ma chi s'era mai accorto ch'ella fosse una donna?
  Vagò ancóra qua e là, per un tempo indefinito. Un tram, un'automobile avrebbero potuto passarle rasente, senza che si scansasse. Al limite dei bastioni di porta Venezia, ombra nell'ombra, credette svegliarsi da un sogno; e si domandò che mai facesse lí, dinanzi agli enormi profili degli ippocastani.",yes,V2_new,no,medium
Emiliani_Giudici_Paolo,Beppe_Arpia,1851,Emiliani_Giudici_Paolo-Beppe_Arpia-1851.txt,"Della morte di Babbiolino per allora non si seppe nulla a cagione degli artifici adoperati da Ignazio, il quale fra le altre cose ebbe cura di ritenere la povera donna in villa, dove il dolore della perdita del figlio le diede una febbre che la stese parecchi giorni delirante sul letto. Frattanto il generale Alamanno Braccioferri non dormiva, insistendo di continuo presso il governo per iscoprire l'autore della lettera che produsse l'arresto di Roberto. Di Romagna era venuta risposta che dichiarava non esistere affatto né l'individuo né anche il nome di Fracassi; essere una pretta finzione secondo che il governo di là aveva tutte le ragioni di assicurare.",no,V2_new,no,high
Negri_Ada,Le_Solitarie,1917,Negri_Ada-Le_Solitarie-1917.txt,"Evitò ancóra, nell'anticamera, lo sguardo di Janna che le apriva la porta; ma Janna non ne fu sorpresa, né malcontenta. Ella s'era accorta che la giovinetta sedicenne intuiva e penetrava cose che a quell'età passano generalmente inosservate. E quel limpido ma acuto viso era specchio nel quale non amava mirarsi la creatura viperina, che, destramente rigirandosi fra la violenta sensualità del padrone e l'orgoglio della padrona chiusa in un rancore esasperato, approfittava dell'anarchia dissolvente quella famiglia per raggiungere, nell'ombra, un suo scopo.
*
  A mezzo della strada alberata salente lungo la collina,",no,V2_new,no,high
Collodi_Carlo,Macchiette,1880,Collodi_Carlo-Macchiette-1880.txt,"Dio mio! Amelia, come tremi! ti senti male?…
— Un po’d’attacco nervoso…
— Le tue persone di servizio mi hanno risposto che eri andata dalla baronessa.
— È vero: volevo andare dalla baronessa… ma poi, ho mutato pensiero….
— E io me lo son figurato!… difatti ho detto subito al cocchiere: alla villa delle Ginestre… Ed eccomi qua!… Ma insomma, che cos’hai?… le tue mani sono gelate…
— Se dicessi che mi sento bene, direi una bugia.
— C’è un curioso casiere in questa villa!… Povero vecchio! Voleva farmi credere per forza che tu eri andata a letto…
— Compatiscilo,",yes,V2_new,no,high
Butti_Enrico_Annibale,L_incantesimo,1897,Butti_Enrico_Annibale-L_incantesimo-1897.txt,"Squilla lentamente, come per riprender lena a ogni rintocco, e poi si tace. Mentre l'ultimo suono vibra ancora nell'aria, alcune frasche lassù, al sommo della scalea, si piegano, scricchiolando forte; e una piccola ombra si sposta.... Che avviene? È il vento della valle che sorge?...",yes,V2_new,no,high
Dandolo_Milly,Il_figlio_del_mio_dolore,1921,Dandolo_Milly-Il_figlio_del_mio_dolore-1921.txt,"Ma ora Lalage sarà forte e lascerà ch’egli se ne vada nel gorgo della sua vita nomade, di paese in paese, di ebrezza in ebrezza, di amore in amore, di viltà in viltà... Ella si scosse, allargò le braccia, si alzò:
— No, no, — disse quasi piangendo. — Non può esser vero!
— Mio Dio — egli mormorò con dolore, — come l’ama già! come l’ama! Ella si teneva le dita sulla bocca, come i bambini per frenare il pianto.
— Venga qui — egli disse. — Si avvicini, venga.",no,V2_new,no,high
De_Marchi_Emilio,Arabella,1893,De_Marchi_Emilio-Arabella-1893.txt,"Arabella, a sentir la mamma, avrebbe potuto o dovuto fare di più. Suo suocero aveva della bontà per lei, non le diceva mai di no, e se la ragazza avesse fatto presente lo stato della famiglia che cosa erano due o tre mila lire per un uomo quasi milionario? Una volta la buona donna disse tanto, che persuase suo marito a venire a Milano a discorrere personalmente colla figliuola.",no,V2_new,yes,medium
Rovetta_Gerolamo,Ninnoli,1882,Rovetta-Gerolamo_Ninnoli_1882.txt,"Allora Quintino continuò tutto solo quella brutta esistenza, poi, un giorno, s'abbattè nel futuro Marco Minghetti, allo stesso modo ch'era stato incontrato lui, qualche anno innanzi, dal funambolo, e lo prese con sè; ma ricordandosi ancora il bruciore dei calci e delle busse patite, volle risparmiarle al proprio allievo. Quella che non gli poteva certo risparmiare era la fame; però, in compenso, ci si abituarono a patirla insieme, e tanto bene, che Quintino, innanzi al colto pubblico e all'inclita, soleva dire con quel sorriso nel quale c'era dell'angoscia mista ad alcunchè di dolcezza - Di fame, illustrissimi signori, non si muore, ve lo so dire per pratica, ma vi domando un soldo perchè, viceversa, si può morire di sete!""",yes,V2_new,no,high
Butti_Enrico_Annibale,L_incantesimo,1897,Butti_Enrico_Annibale-L_incantesimo-1897.txt,"E i comenti, le osservazioni, le sentenze spuntavano di quando in quando a mezzo di quei discorsi ‒ comenti ingenui, vane osservazioni, sentenze plateali a base di luoghi comuni e di frasi fatte. Aurelio, rimasto fuori del crocchio ciarliero delle donne che gli volgevan le spalle, taceva e osservava in preda a un tedio schiacciante. Quella conversazione gli sembrava intollerabile; non poteva capacitarsi come l'amico suo vi si frammescolasse con tanta spontaneità di piacere.",yes,V2_new,no,medium
Negri_Ada,Le_Solitarie,1917,Negri_Ada-Le_Solitarie-1917.txt,Altro? Nulla. Dove l'avrebbe condotta?,yes,V2_new,yes,medium
Campanile_Achille,Giovinotti_non_esageriamo,1929,Campanile_Achille-Giovinotti_non_esageriamo-1929.txt,"Pancrazio, l’amava, ma, chi sa perché, non era riamato. Capricci di gioventù? Non sappiamo.",yes,V2_new,no,high
Castelnuovo_Enrico,Il_Fallo_Di_Una_Donna_Onesta,1897,Castelnuovo_Enrico-Il_Fallo_Di_Una_Donna_Onesta-1897.txt,"Nei primi giorni, quand'egli le raccontava le sue pene ch'egli credeva e ch'ella aveva credute così acerbe e profonde, Guido, commosso dall'attenzione con cui la Teresa stava a sentirlo, commosso dalle parole affettuose ond'ella s'ingegnava di consolarlo, le aveva detto: - Oh come mi fa bene la sua compagnia! Come mi par di essere vicino alla mia mamma! Lasci che la chiami mammina.",no,V2_new,no,high
Capuana_Luigi,Il_Marchese_Di_Roccaverdina,1901,Capuana_Luigi-Il_Marchese_Di_Roccaverdina-1901.txt,"No, non voglio rivederla», soggiunse la baronessa, mentre il marchese stendeva la mano al pomo dell'uscio. Vita nuova, pelle nuova! Una riunione delle principali persone a cui era stato invitato personalmente dal Sindaco per provvedere alla gran miseria della bassa gente, aveva fornito il pretesto al marchese di andare in Casino, d'intrattenervisi a lungo, di tornarvi altre volte con lo stesso pretesto.",no,V2_new,no,high
Viola_Ferretti_Emilia,A_quarantacinque_anni,1874,Viola_Ferretti_Emilia-A_quarantacinque_anni-1874.txt,"L’aspetto stanco e severo di Marnieri rivelava bensì dei lunghi patimenti, ma anche dell’energia nel patire, di quell’energia che non s’accresce, ma piuttosto dilegua nelle bufere giovanili. E lui aveva domato, vinto tutto intorno a sè e in sè. Aveva tracciato il limite alla sua volontà, ai suoi desiderii, al suo cuore; aveva fatto un colpo di Stato in favore del dispotismo e della legittimità, negli anni in cui tutti votano per la ribellione e la libertà, e nel governo di se stesso aveva eletta sovrana la fredda intelligenza.",yes,V2_new,no,high
Butti_Enrico_Annibale,L_incantesimo,1897,Butti_Enrico_Annibale-L_incantesimo-1897.txt,"Là, tra il susurro feroce delle cospirazioni, ella aveva sentito nascere, come un fiore dal sangue, il primo e solo amore di sua vita. Oh, con che accelerazione prodigiosa aveva dovuto battere il suo cuore d'adolescente in quel giorno illusorio, quando il giovine patrizio, circonfuso da un'aureola d'eroismo, le aveva confidato all'ombra d'un viale solitario le sue fiere speranze e il suo affetto sconfinato! Fu quello l'unico tempo felice della sua vita, e fu così breve!...",yes,V2_new,yes,high
De_Marchi_Emilio,Arabella,1893,De_Marchi_Emilio-Arabella-1893.txt,"Si mosse più risoluto, e, uscito sul pianerottolo, trovò l'uscio ancora aperto, l'appartamento vuoto, silenzioso, morto. La lampada del salotto mandava gli ultimi guizzi contro i raggi d'oro del sole che battevano sulla finestra. Il temporale della notte lasciava dietro una giornata splendida.",no,V2_new,no,high
Negri_Ada,Le_Solitarie,1917,Negri_Ada-Le_Solitarie-1917.txt,"Sola, sperduta, anonima. Gli iridescenti riflessi delle vetrine, fulgide di gioielli, damaschi, velluti, cuoi dorati, l'assalivano con la sensuale sonorità delle loro musiche gialle, argentee, violette, purpuree. E belle donne lentamente passavano, per le quali quelle belle cose eran fatte; e tutte si appoggiavano all'uomo che le amava e le proteggeva (per un giorno, per un mese o per la vita, che importa?) e nell'ora lusinghevole ogni loro movimento, sotto i grandi cappelli a piume e nella carezza delle morbide vesti, era grazia, gioia, seduzione.
  Due pensieri incoerenti, usciti dai meandri dell'istinto femminile, zigzagavano nell'ondeggiante cervello di Maria Chiara: essere nella carne della flessuosa creatura che la rasentava a sinistra, col visetto serrato in un capriccioso tòcco bianco, col corpo scolpito in una guaina bianca: vivere la dolce vita della mammina dall'aria di bimba, che l'incrociava a destra, tenendo per mano un amore di fanciullo tutto riccioli, trine e sorrisi.
  Del resto (molte volte l'idea liberatrice era venuta a consolarla, nelle ore di buio fitto) del resto bastava un tuffo nell'ombra, un volontario disparire: ed ella avrebbe, dopo, potuto forse rinascere in bellezza, forza, felicità.
  La morte?...",yes,V2_new,yes,medium
Negri_Ada,Le_Solitarie,1917,Negri_Ada-Le_Solitarie-1917.txt,"Per due bimbi piccoli, è ben piú provvida una madre vedova, ma attiva e sana, che non lo siano cento padri beoni. E basta, di uomini, nella sua vita. Quell'uno, in sette anni di malinconica esperienza coniugale, gliene aveva lasciata la nausea.",yes,V2_new,no,high
Capuana_Luigi,Il_Marchese_Di_Roccaverdina,1901,Capuana_Luigi-Il_Marchese_Di_Roccaverdina-1901.txt,«Vostra eccellenza può tutto!... Vostra eccellenza ha in mano la giustizia!... Un padre di quattro bambini!»,no,V2_new,yes,high
Caracciolo_Enrichetta,Misteri_Del_Chiostro_Napoletano,1864,Caracciolo_Enrichetta-Misteri_Del_Chiostro_Napoletano-1864.txt,"Egli alzò la mano, mi benedisse, mi fissò a lungo in silenzio, indi: «Voi avete avanzata una domanda alla Santa Sede per uscire del chiostro?» mi domandò con voce sdolcinata e melliflua. «Eminenza sì» risposi, tremante non meno di timore che di speranza.",no,V2_new,no,high
Viola_Ferretti_Emilia,A_quarantacinque_anni,1874,Viola_Ferretti_Emilia-A_quarantacinque_anni-1874.txt,"Marnieri la guardò lungamente pensoso, poi disse: – Hai ragione, – e sorrise ancora con ironia a se stesso nello specchio prima di uscire dalla stanza. Sua moglie lo seguì cogli occhi, mentre usciva, poi crollò lentamente il capo e stette alcun poco riflettendo, colle mani in mano; cosa per lei veramente eccezionale. Ma suo marito la metteva talvolta nell’imbarazzo, e lo osservava senza capir altro se non che egli era un padre di famiglia perfetto, un marito cortese e fedele, un uomo studioso e laborioso; ma.... c'era un ma.",yes,V2_new,no,high
Tenca_Carlo,La_Ca_Dei_Cani,1840,Tenca_Carlo-La_Ca_Dei_Cani-1840.txt,I manigoldi son già entrati in casa. Ponete orecchio un momento. Ecco la voce di Tonio che prega piangendo e si dispera.,no,V2_new,no,high
Chelli_Gaetano_Carlo,Fabia,1876,Chelli_Gaetano_Carlo-Fabia-1876.txt,"Qualche volta pure l'Adelina, non pareva del solito umore, e dalla sua bocca uscivano interrogazioni singolarmente caute, e per ciò appunto stranamente misteriose, sul conto dei due nuovi amanti e sulle loro abitudini. Né tardò molto che ben più marcati cambiamenti sopravvennero. Un giorno Adele sedeva al suo tavolo da lavoro assieme alla madre, occupate ambedue a ricamare.",no,V2_new,no,high
Negri_Ada,Le_Solitarie,1917,Negri_Ada-Le_Solitarie-1917.txt,"Atto che la distaccava dall'amante, glielo metteva lontano mille miglia, la liberava di colpo da lui, dal giudizio degli uomini, da tutto. Almeno cosí credeva. Rimorso?",yes,V2_new,yes,high
Bandi_Giuseppe,Da_Custoza_In_Croazia_Memorie_D_Un_Prigioniero,1866,Bandi_Giuseppe-Da-Custoza-In-Croazia-Memorie-D-Un-Prigioniero-1866.txt,tutte le braccia d'Italia per rompere una volta questa vergognosa catena? …  Oh sventura! sventura!,yes,V2_new,yes,medium
Nievo_Ippolito,Il_Barone_Di_Nicastro,1860,Nievo-Ippolito_Il-Barone-Di-Nicastro_1860.txt,"Bravissimo! mormorò il Barone - e - prendi, aggiunse cavando di tasca e sporgendogli il rescritto del Bramino di…: tu hai sposato senza saperlo una donna che ha centoventisettemila quarti di nobiltà indiana, e per giunta… - Puh! fece Don Camillo con un sussulto: maledetto chi ha inventato i canocchiali. 
- Per carità, signor Barone! borbottò scandolezzato Floriano. 
-",no,V2_new,no,high
Baratono_Pierangelo,Bob_E_Il_Suo_Metodo,1914,Baratono_Pierangelo-Bob_E_Il_Suo_Metodo-1914.txt,"Avrebbe pur trovato il modo di vendicarsi e di spiattellarle la propria opinione! Decisamente, non bisognava cedere, a costo di trascinarsi dietro di lei sulle ginocchia e sui gomiti. Per fortuna, la donna cominciò a rallentare il passo e a procedere con un po' d'esitazione.",yes,V2_new,yes,medium
Rovetta_Gerolamo,Ninnoli,1882,Rovetta-Gerolamo_Ninnoli_1882.txt,"A questa buffonata, tutta quella gente, ch'era solita a desinare, si metteva a ridere e a batter le mani; anche il povero Quintino, per continuare il giuoco, faceva allora delle smorfie e dei lazzi comicissimi, ma mentre colle mani suonava il tamburone sulla pancia vuota, egli guardava cogli occhi pieni di compassione e di lamenti il suo fido compagno di glorie.... e di digiuni. Tuttavia era l'inverno il nemico più crudele dei due disgraziati. Quando erano stanchi, affranti, estenuati dai calori dell'estate, si sa bene, trovavano sempre un po' di refrigerio sotto l'ombra densa degli alberi e c'era sempre anche per essi una corrente d'aria fresca e refrigerante sulla riva di un fiume.... ma l'inverno?... l'inverno col freddo, colla neve, colle notti di dodici ore?!...",yes,V2_new,yes,medium
Butti_Enrico_Annibale,L_incantesimo,1897,Butti_Enrico_Annibale-L_incantesimo-1897.txt,"Aurelio era come trasognato e stupefatto. Si movevano nel fondo della sua anima alcuni pensieri molesti, sorgevano i ben noti fantasmi a rappresentargli dentro l'eterna Comedia, il Dramma immortale, in cui egli si vedeva continuamente trascinato dalla fatalità delle cose. ‒ Che cos'era avvenuto? Da quale possente soffio di passione o di frenesia s'era lasciato dominare per dimenticarsi a tal segno?",yes,V2_new,yes,high
Campanile_Achille,Giovinotti_non_esageriamo,1929,Campanile_Achille-Giovinotti_non_esageriamo-1929.txt,"Andiamocene, amici!”
 
“Niente!” gridarono i vecchi con rabbia “ce ne andiamo noi.”
“No, ce ne andiamo noi” ringhiarono i giovani.
“Anche noi.”
Seguì una pausa, durante la quale vecchi e giovani si guardarono biechi, misurando il reciproco odio irreducibile. Poi i giovani chiesero, duramente:
“Voi che strada fate?”
“Andiamo in America” dissero i vecchi, con malagrazia. “E voi?”
“Anche noi in America.”
“Allora possiamo fare il viaggio insieme.”
“volentieri.”
Stavano per uscire tutti a braccetto, quando la porta si aprì ed entrò l’assessore anziano, tinto e ritinto, affettando un passo da vecchio ganimede.
“Come” gli disse Pacifico “ti sei tinto i capelli?”
“Mio caro,” fece l’altro, a bassa voce “qui stanno mandando via tutti i vecchi e così...”
“E così, tu credi, con quella testolina color granturco, di sembrar giovane?”
“Lo spero, almeno.”
In realtà, quel vecchio rimbambito, odorando il vento infido, s’era truccato da giovinotto. Ma a poco gli valse l’artifizio; riconosciuto, fu accolto da fischi.",no,V2_new,no,high
Collodi_Carlo,Macchiette,1880,Collodi_Carlo-Macchiette-1880.txt,"Questo molesto mammifero, di cui per paura non parlano nemmeno gli stessi naturalisti, si direbbe quasi che nasce incompleto. Non può star solo, nè camminare da sè solo. Ha sempre bisogno di qualcuno che gli faccia da pioppo o da palo, per poterglisi abbarbicare addosso.",yes,V2_new,no,high
Baratono_Pierangelo,Bob_E_Il_Suo_Metodo,1914,Baratono_Pierangelo-Bob_E_Il_Suo_Metodo-1914.txt,"Ma di che? Forse non voleva fargli conoscere la sua mèta e, non osando spiegarsi per timidezza, cercava di stancarlo affinchè s'allontanasse. Via, in conclusione, era meglio abbandonarla al suo destino; avrebbe compiuta, in questo modo, un'opera di carità.",yes,V2_new,yes,high
Negri_Ada,Le_Solitarie,1917,Negri_Ada-Le_Solitarie-1917.txt,"Perché il tempo passa cosí rapido?Quello che noi lasciamo indietro è sempre il meglio, anche quando è il dolore.
  La donna si era insensibilmente assimilata al ritmo e alla qualità della sua giornaliera fatica. Come se andasse e venisse con le spolette d'acciaio: come se accordasse le pulsazioni del cuore e dei polsi a quelle dei licci, dei brancali, delle leve, di quei piccoli e silenziosi bracci di macchina che sembrano moncherini dal gesto tragicamente preciso. Non poteva piú immaginare la propria vita senza rotar di cinghioni sul capo, polvere di lana e odor d'olio rancido in gola, e l'amicizia rumorosa, cordiale dei compagni di fabbrica.
  I figliuoli crescevano.",yes,V2_new,yes,medium
Baricelli_Carmela,I_Vinti_Ovvero_Il_Genio_Oppresso,1907,Baricelli_Carmela-I_Vinti_Ovvero_Il_Genio_Oppresso-1907.txt,"Non credere, però Bianca mia, che il mio Dio sia quello di quanti farisei e gesuiti sono nel mondo, ve'! Ah no! quello è il Dio che affannae che consola e che perdonerà, dal confessionale, a Xenio ed Armida.",no,V2_new,no,high
Emiliani_Giudici_Paolo,Beppe_Arpia,1851,Emiliani_Giudici_Paolo-Beppe_Arpia-1851.txt,"Che non sia mai: gli amati francesconi, tanta argenteria, tant'oro, tanti tesori sparsi per la casa! Meglio lasciarsi scorticare, lasciarsi fare in minuzzoli. Questi pensieri gli tumultuavano dentro il cervello e lo tenevano perplesso.",yes,V2_new,yes,medium
Negri_Ada,Le_Solitarie,1917,Negri_Ada-Le_Solitarie-1917.txt,La sua povera giovinezza era tagliata fuori da quelle vibrazioni di gioia. Per lei non poteva sussistere la legge naturale dell'esistenza. Lo sapeva.,yes,V2_new,no,medium
Saluzzo_Roero_Diodata,Novelle,1830,Saluzzo_Roero_Diodata-Novelle-1830.txt,"Involontario terrore la respinse; schiuse velocemente la porta che conduceva nella galleria vasta e deserta. Tutto nella oscurità taceva, e solo avvicinavasi un lieve suono d'armi, un lieve muovere di rapido passo. Ella stava immobile, muta, tremante, quando la voce di Lotario suonò in basse note, e disse:
«O vedova infelice del mio signore, lascia che per la prima volta dopo tanti anni entri nella tua stanza un uomo vivente: tu sai che provare non mi vedesti pur mai un vile timore; ma, nelle cose alte, divine, ed ignote non fa d'uopo a sicurtà il valore, fa d'uopo l'innocenza; non pugnale, ma preghiere: perciò a te venni.",no,V2_new,no,high
Cantoni_Alberto,L'Illustrissimo,1906,Cantoni_Alberto-L'Illustrissimo-1906.txt,"Ci siamo spinti una volta fino alle tue adiacenze, ed abbiamo domandato di te. Ci risposero ad una voce che da quando t'hanno dato a bàlia, non t'han più visto. E ciò mi conviene di molto. - Perchè?",no,V2_new,no,medium
Barbieri_Ulisse,In_Basso,1885,Barbieri_Ulisse-In_Basso-1885.txt,"Il suo amore con Bianca, se non era ufficialmente noto ai vicini, lo subodoravano, poichè le visite assidue d'un giovinotto come lui ad una bella fanciulla di diciassette anni come Bianca, lasciano supporre molte cose!... ed i vicini.... si sa bene.... sono fatti apposta per cacciare il naso negli affari degli altri, e sono pericolosi press'a poco come la finanza per gli oggetti di contrabbando. Nulla però avendo che gli rimordesse sul conto dei fatti suoi.... egli lasciava dire.... La vecchia faceva tanto di spallucce - Bianca sorrideva e gli dava un bacio, un bacio puro come la sua anima e che non faceva arrossire al certo la sua fronte di vergine.",yes,V2_new,no,medium
Baratono_Pierangelo,Bob_E_Il_Suo_Metodo,1914,Baratono_Pierangelo-Bob_E_Il_Suo_Metodo-1914.txt,"- L'innocenza non ha bisogno d'artifizi per insegnare, nè di sforzi per convincere. Perciò, spesso il roseo e lindo rampollo di qualche famiglia agiata correva ad esporre alla ammirazione materna il proprio corpicino, insaccato in un paio di pantaloni a feritoie e smarrito nelle pieghe di un'ampia giacca, sulla quale il santo sudore del lavoro e il lungo e paziente uso avevano lasciato segni indelebili. In compenso, un monello di strada riscuoteva contemporaneamente le ovazioni del proprio quartiere sfoggiando un abito nuovo fiammante, attillato e tagliato secondo l'ultimo figurino.",no,V2_new,no,high
Caracciolo_Enrichetta,Misteri_Del_Chiostro_Napoletano,1864,Caracciolo_Enrichetta-Misteri_Del_Chiostro_Napoletano-1864.txt,"Ma se nel ricevere la presente non t'affretti a raggiungermi qua, io mi crederò sciolto dai giuramenti a te fatti». Nel leggere queste parole, mia madre montò sulle furie, e senza permettere a me di dare risposta alcuna, senza prendere in considerazione l'indole sospettosa di Domenico, pigliò la penna e scrisse: «Signore, voi pretendete d'imporre leggi a mia figlia prima di averne il diritto; essa non è vostra, né sarà vostra giammai. Sia da questo punto troncata ogni trattativa di matrimonio fra voi due».",no,V2_new,no,high
Barrili_Anton_Giulio,Raggio_Di_Dio,1899,Barrili_Anton_Giulio-Raggio_Di_Dio-1899.txt,"Se n'esce sani, e torna il mare in bonaccia; ma il giorno appresso, in quella gran calma, e quasi non lavorando le vele, si spezza in quattro l'albero di maestra.  -  Piove sul bagnato! -  si contentò di dire l'Adelantado, che tosto, consigliato dal fratello, a cui la gotta non consente di lasciare il giaciglio, prende un'antenna di rispetto, ne fa un piccolo albero, fortificandolo di legname preso dai castelli di poppa e di prora, strettamente lega ogni cosa con gran giri di fune, e vi adatta la vela. Si naviga ancora verso levante, ma incappando presto in un altro fortunale, che porta via l'albero di trinchetto. In tal guisa l'Atlantico rabbioso dava congedo al suo domatore: e in tal guisa, fatte settecento leghe di mare e d'angoscia indicibile, nella mattina del 7 novembre il legno disalberato afferrava San Lucar di Barrameda, donde il signor Almirante, sfinito da due anni e mezzo di continui travagli, tormentato dalla gotta e più dal pensiero della umana malvagità, si faceva trasportare a Siviglia.",no,V2_new,no,high
Dandolo_Milly,Il_figlio_del_mio_dolore,1921,Dandolo_Milly-Il_figlio_del_mio_dolore-1921.txt,"Saliva la scala ormai scura nella sera e piangeva sommessamente. Tutti erano partiti nella sua vita: e le faceva male che fossero partiti anche coloro che non amava, quei pochi che conosceva e che non amava. Perchè ella non amava nessuno di coloro che conosceva.",yes,V2_new,yes,medium
Deledda_Grazia,Stella_d_oriente,1890,Deledda_Grazia-Stella_d_oriente-1890.txt,"Era Stella. Arrivata vicino alla vecchia capanna si fermò: guardò a lungo il paesaggio, la Mambrilla biancheggiante fra gli ultimi sprazzi della luce d’oro della luna, e la capanna ove era morta la madre; si ricordò la splendida mattina in cui era salita, alla villa, scalza, l’abitino lacero fiammeggiante al sole, fra donna Anna e don Francesco; si ricordò il primo bacio di Maurizio… e, non ostante tutto il suo coraggio, sentì nuovamente salirle agli occhi il pianto della sua anima desolata. Entrò nella capanna e sedendosi sopra una pietra si diede a piangere come una pazza.",no,V2_new,no,high
Campanile_Achille,Giovinotti_non_esageriamo,1929,Campanile_Achille-Giovinotti_non_esageriamo-1929.txt,"E cadde a sedere. Esagerato! Non aveva le lagrime agli occhi?
 
",yes,V2_new,yes,medium
Rovetta_Gerolamo,Ninnoli,1882,Rovetta-Gerolamo_Ninnoli_1882.txt,"Per Dio! non l'avesse mai fatto!... A Gaucherin parve di morire. Il cuore gli mancava, si sentì traballare, ma fece violenza e imperò su sè stesso.",yes,V2_new,no,medium
Rovetta_Gerolamo,Ninnoli,1882,Rovetta-Gerolamo_Ninnoli_1882.txt,"La testa gli doleva, nel petto sentiva di tratto in tratto delle fitte acutissime, ma la febbre gli recava, coi suoi turbamenti, anche le sue leggiadre visioni. Lo prese un gran bisogno, un gran desiderio d'amare, e, illuso, anch'egli aspettò con(2) ansia chi lo venisse a trovare, perchè ogni volta che si spalancava la porta entrava nella sala qualcuno che s'indovinava dovesse essere o una madre, o una sorella, o un'amante, oppure un amico, e tutti si avvicinavano lesti e sorridenti all'uno o all'altro dei lettucci, disposti in lunga riga, e vi dispensavano e doni e baci e carezze. Allora ognuno di quegli infelici aveva pure la sua consolazione!...",yes,V2_new,yes,medium
Bandi_Giuseppe,Da_Custoza_In_Croazia_Memorie_D_Un_Prigioniero,1866,Bandi_Giuseppe-Da-Custoza-In-Croazia-Memorie-D-Un-Prigioniero-1866.txt,"Trascorsi così alcuni mesi assaporando tutte le dolcezze che di nome soltanto conoscevo, e che la fantasia m'aveva lungamente dipinte colle più seducenti attrattive. Però quelle sognate rose della vita andarono man mano perdendo per me foglie e colore; la stanchezza e la noja cominciarono a succedere a quel folle desiderio di piaceri o piuttosto delirio che m'inebriava. XXIII.",no,V2_new,no,high
Chelli_Gaetano_Carlo,Fabia,1876,Chelli_Gaetano_Carlo-Fabia-1876.txt,"Insomma, nello stesso tempo che amo te di amore, la signorina Valenti m'interessa come una sorella. Ed ecco perché non avrei voluto entrar teco in discorso dell'Adele. Ma di fronte alle tue insistenze ho parlato.",no,V2_new,no,medium
Capuana_Luigi,Il_Marchese_Di_Roccaverdina,1901,Capuana_Luigi-Il_Marchese_Di_Roccaverdina-1901.txt,"«Voglio saperlo! Dalla sua bocca voglio saperlo!» E attraversava altre stanze quasi vuote, e spalancava altri usci, fino alla cameretta laggiù, in fondo, dove aveva dormito nei primi mesi, allora!",no,V2_new,no,high
Butti_Enrico_Annibale,L_incantesimo,1897,Butti_Enrico_Annibale-L_incantesimo-1897.txt,"Si disse: «Domani partirò! Domani sarò lontano di qui! Domani sarò presso di lei!» Gli apparvero in un baleno il palazzo, la pineta, l'orto, il colle solatìo; gli apparve la sala ombrosa dove l'aveva stretta a sè la prima volta nella notte tragica, tra il frastuono della bufera; gli apparve l'imagine di lei, alta e agile, in un'attitudine di grazia, su lo sfondo verde del prato.
«O Flavia!",no,V2_new,no,high
Butti_Enrico_Annibale,L_incantesimo,1897,Butti_Enrico_Annibale-L_incantesimo-1897.txt,"Se lo avesse mandato in tutta fretta a prendere il medico? ‒ Ohimè, era tardi, era troppo tardi; e anche prima, sarebbe stato inutile. Gli uomini non potevano opporsi alla volontà del Destino; ed era scritto, come in un libro infallibile, che sua nonna dovesse morire in quella medesima notte! Tutto era fatale!",yes,V2_new,yes,high
Dandolo_Milly,Il_figlio_del_mio_dolore,1921,Dandolo_Milly-Il_figlio_del_mio_dolore-1921.txt,"Singhiozzava e rideva convulsamente, nello spasimo di quell’odio che le aveva tolto ogni stanchezza, che le dava una vita improvvisa, violenta, mai provata, mai immaginata. Le pareva quasi di sentirsi sollevare, le pareva quasi di sentirsi appagata e felice in quell’odio esasperante; le pareva di avere acquistato una forza nuova, una capacità insperata di straziare e di uccidere. Oh come lo odiava! come lo odiava!",yes,V2_new,yes,high
Butti_Enrico_Annibale,L_incantesimo,1897,Butti_Enrico_Annibale-L_incantesimo-1897.txt,"Oh, quelle notti tepide, senza luna, che abissi riflettevano nell'anima del giovine, china per la prima volta su gli abissi sacri del Divenire! Il cielo fecondo, scintillante d'astri, talvolta a pena attraversato da un'ala di nebbie, spiegava sul suo capo un poema di gioja e di passione; la campagna muta e nera spingeva verso di lui un profumo inebriante di fiori e di resine, il vasto alito della vegetazione in atto di crescere e di moltiplicarsi; il vento, che a tratti esagitava le tenebre, gli accarezzava la fronte, gli mormorava all'orecchio parole divine, rotti sospiri, gridi giubilanti, tutta la sublime sinfonia della Voluttà che il mistero delle notti protegge e consacra. In quel viluppo d'apparenze incantevoli egli a grado a grado s'obliava, si semplificava, smarriva ogni facoltà di critica e d'analisi, ogni vanità e ogni timore: si sarebbe detto che l'essere primordiale e selvatico si risvegliasse in lui, uscisse libero, fresco, infantile dalla spoglia artificiale che l'opprimeva.",yes,V2_new,no,medium
Collodi_Carlo,Macchiette,1880,Collodi_Carlo-Macchiette-1880.txt,"I suoi vini e le sue salse erano citate dai buongustai con quella fatuità sapiente, con la quale i piccoli coltivatori di qualche vaso di dittamo o di lupinella, citano ad ogni parola le varietà più rare del regno botanico, per farsi credere tanti De Candolle e tanti Linnei. E fu appunto in grazia delle sue salse e dei suoi vini, se il commendatore riuscì a purificarsi in faccia al prossimo, e se potè riprendere quel profumo di galantuomo… che non aveva mai avuto. Oh! le strade che menano alla cosiddetta riabilitazione sono varie e infinite.",yes,V2_new,no,high
Deledda_Grazia,Stella_d_oriente,1890,Deledda_Grazia-Stella_d_oriente-1890.txt,"La risposta, caro Maurizio, la faremo insieme, e la combineremo tanto bene che otto giorni dopo avremo il piacere di riabbracciare Stella…
– A meno che non sia morta!…
– Morta? No, non si muore di questi dispiaceri; e Stella è troppo divota per uccidersi.
– Non si muore di questi dispiaceri? – diceva amaramente fra sé Maurizio. – E allora di che cosa si muore? Oh,",yes,V2_new,no,high
Cagna_Achille_Giovanni,Un_Bel_Sogno,1871,Cagna_Achille_Giovanni-Un_Bel_Sogno-1871.txt,"Fu una lunga agonia! Durante l'inverno stette a Brescia; nella primavera i medici gli consigliarono l'aria pura dei colli, epperciò fu ricondotto alla villa del conte. Ma tutte le cure e le sollecitudini furono vane!....",no,V2_new,no,high
Nievo_Ippolito,Il_Barone_Di_Nicastro,1860,Nievo-Ippolito_Il-Barone-Di-Nicastro_1860.txt,"Mais, dans la haute finance, dans la haute litérature, dans la haute noblesse, dans la haute fashion, dans les hauts rangs de l’armée surtout;  e poi ancora  dans le haut commerce, dans la haute diplomatie, dans la haute… 
- Basta, basta! strillò Don Camillo tappandosi l’orecchio che non gli si era guastato nelle carceri della China: tutte virtù che costano pochi sudori. E da quanto mi dite temo assai, che anche la Francia non sia paese da cercarvisi l’unità dialettica del trinum Pitagorico. 
-",no,V2_new,no,high
Negri_Ada,Le_Solitarie,1917,Negri_Ada-Le_Solitarie-1917.txt,"Sbuffò, si alzò, pensò con profonda soddisfazione al mezzo sigaro virginia che l'attendeva sul portacenere in camera, fece alla fanciulla un rapido cenno di saluto, e s'avviò verso lo scalone, trascinando la coda della sua eterna vestaglia di flanella a strisce rosse, azzurre e viola,
  E non vide lo sguardo fosco che la seguiva duramente, quasi con odio.
*
  Tic-tic, tic-tic, tic-tic Aveva imparato a dattilografare, in quattro e quattr'otto: piú presto che non credesse. S'impara tutto: basta volere.
  Tic-tic, tic-tic-tic dalle nove alle dodici, dalle due alle sette: tic-tic, tic-tic-tic, sotto l'agile movimento delle dita ridotte a strumenti meccanici come il cervello. I piccoli tasti scattavano, sparivano, ribalzavano, spiritelli beffardi e chiacchierini; fogli uscivan l'uno dopo l'altro, regolari, ordinati, bianchi e turchini, irti di nomi tecnici, di formule commerciali, di cifre, di cifre, di cifre.",yes,V2_new,no,high
Dandolo_Milly,Il_figlio_del_mio_dolore,1921,Dandolo_Milly-Il_figlio_del_mio_dolore-1921.txt,"Anche lui le faceva pietà, soltanto pietà. Egli le era tanto piaciuto sempre e chi sa perchè; per tutto; per la sua voce, per il suo viso, per il suo amore; perchè aveva in sè qualche cosa d’ignoto e di grande che attirava la sua anima come verso le belle fantasie della sua fanciullezza. Le pareva prima, che si sarebbe sempre più avvicinata a lui, che avrebbe avvicinata sempre più la sua vita a lui, raccolto la sua vita in lui, che lo avrebbe amato a poco a poco, ogni giorno di più, come una cosa meravigliosa che si rivela ogni giorno di più, che asseta e che disseta ogni giorno senza mai appagare e mai stancare.",yes,V2_new,yes,high
Deledda_Grazia,Stella_d_oriente,1890,Deledda_Grazia-Stella_d_oriente-1890.txt,"Si accoccolò su una sedia e cadde in profonda meditazione. - Oh, una grande passione accendevasi nell’anima sua! Non il dolce e mite primo amore che sboccia, e muore come un bianco fiore d’inverno, quel primo amore che è il prologo inconcludente del romanzo più o meno tragico chiamato Vita, ma una vera passione, il primo ed ultimo amore del suo cuore…
E dire che lo aveva visto soltanto due volte, quel giovine di cui non conosceva neppur il nome!",yes,V2_new,yes,high
Butti_Enrico_Annibale,L_incantesimo,1897,Butti_Enrico_Annibale-L_incantesimo-1897.txt,Un passo leggero che s'avvicinava lo fece sussultare di sgomento e di giubilo. Egli non respirava più: il suo sangue pareva si fosse d'un tratto arrestato nelle vene. Era lei?,yes,V2_new,yes,high
Deledda_Grazia,Stella_d_oriente,1890,Deledda_Grazia-Stella_d_oriente-1890.txt,"Maria, guardava il cielo smaltato di smeraldo e di fuoco, e così, cullata nelle onde dal canto del barcaiuolo, chiudeva a poco a poco gli occhi ad un sonno voluttuoso che le aggravava la testa e le confondeva le idee…
Ma a un tratto si scosse vivamente, e alzatasi a sedere si ravviò istintivamente i capelli semisciolti. Che mai vedeva? Sulla riva del fiume, sopra un masso circondato da giunchi verdeggianti, stava un giovine: un giovine biondo, bellissimo, gli occhi azzurri scintillanti, come il cielo in quell’ora del tramonto.",yes,V2_new,yes,high
Baratono_Pierangelo,Bob_E_Il_Suo_Metodo,1914,Baratono_Pierangelo-Bob_E_Il_Suo_Metodo-1914.txt,"Bob discuteva sempre; ma, giunto alla conclusione, s'accorgeva con meraviglia che gli avversari eran rimasti nella medesima credenza di prima. Egli sapeva d'aver ragione; gli altri sostenevano di non aver torto: qui stava il nodo. Doveva esistere nel cervello una celletta d'accesso difficilissimo, poichè circondata da molte viuzze a zig-zag.",yes,V2_new,no,high
Butti_Enrico_Annibale,L_incantesimo,1897,Butti_Enrico_Annibale-L_incantesimo-1897.txt,"Un'onda di tenerezza impetuosa gli gonfiò il petto a quel ricordo sòrto per una secreta associazion d'idee dopo la funebre visione; tutte le fibre del suo cuore vibrarono concordemente al sacro nome di Madre. Oh, era quello l'essere caro, l'essere indimenticabile, a cui egli era legato da un'intera vita di solidarietà; era quella la creatura di consolazione, di conforto, d'infinita benevolenza sul seno della quale avrebbe potuto senza viltà e senza pericolo riposare il capo stanco. Un desiderio ansioso lo prese: di correre a lei, di stringerla tra le braccia, di coprirne di baci il povero volto cereo, vizzo, emaciato.",yes,V2_new,yes,high
Capuana_Luigi,Il_Marchese_Di_Roccaverdina,1901,Capuana_Luigi-Il_Marchese_Di_Roccaverdina-1901.txt,"Non sei mai stata così. Che credevi, sposando? Di non dover avere nessuna croce?",no,V2_new,no,medium
Dasti_Luigi,La_Capanna_Del_Vaccaro_Vol1,1846,Dasti_Luigi-La_Capanna_Del_Vaccaro_Vol1-1846.txt,"Di che avetė
parlato adesso, s'è lecito.?
-
7.
- Uh, che curiosità ! ripete la furbetta
Gioconda. Le dimandai se ini voleva bene
Che scempiaggini!",no,V2_new,no,medium
Caccianiga_Antonio,Il_Bacio_Della_Contessa_Savina,1888,Caccianiga_Antonio-Il_Bacio_Della_Contessa_Savina-1888.txt,"Ora, come vedete, tutto è finito; il mondo pronunzierà la sentenza!... E lasciandomi tale incarico, se ne andò, tutto gonfio e pettoruto, a fare un giro pel villaggio, raccontando a tutti, con un sogghigno malizioso, la provocazione, la sua risposta, e la vostra fuga.... e conchiudeva sempre alzando la mano, movendola rapidamente; e dicendo: - scomparso, fuggitivo, d'ignota dimora.... corre.... corre.... e non si volta nemmeno indietro. Tutto il villaggio ne fece le più grasse risate....",no,V2_new,no,medium
Collodi_Carlo,Macchiette,1880,Collodi_Carlo-Macchiette-1880.txt,"Asfissiamoci!…
Mandò Giovanni fuori casa: quindi mise in un fornello di ferro alcuni pezzi di carbone e si distese sulla poltrona. Peraltro, prima di accendere il carbone, spalancò per prudenza tutta la finestra: ma dopo pochi minuti si alzò dicendo:
— No no; non è una morte per me!… troppo lunga!… Eppoi l’odor del carbone mi fa male… mi fa venire il dolor di capo. — Potrei prendere dell’acido prussico, ma lo credo nocivo… massime per un uomo come me, che ha sofferto sempre di stomaco e d’intestini! — Impiccarmi nemmeno! è una morte da tribolati e da falliti, ai quali è rimasto appena venti centesimi, tanto per comprarsi due metri di corda!… Ci sarebbe il pugnale o la pistola!… Ma il pugnale è un’arme da palcoscenico… e adoprandolo fuori della scena, si demoralizza la gente e si scredita l’arte: perchè i curiosi che vengono a vedere il cadavere trafitto collo stile, bisbigliano fra loro: — Ecco i begli effetti dei drammi e delle tragedie! — La pistola, dico la verità, non mi dispiacerebbe… ma ha un grande inconveniente: fa troppo fracasso. C’è da mettere sottosopra tutti i pigionali… e i pigionali meritano sempre dei riguardi. — Affogarsi! ecco la più bella e la più lesta di tutte! un salto, un tuffo, due boccate d’acqua… e buona notte Gesù che l’olio è caro.
 
Presa questa magnanima risoluzione,",yes,V2_new,no,high
Caracciolo_Enrichetta,Misteri_Del_Chiostro_Napoletano,1864,Caracciolo_Enrichetta-Misteri_Del_Chiostro_Napoletano-1864.txt,"Il tratto di strada, che da questa mena alla porteria, fu fatto da tutti a piedi, in mezzo ad una fittissima calca di curiosi. Appena posi il piede sulla soglia della clausura, proruppi in uno di quei pianti sfrenati, che non può forza umana contenere: e le monache a chiuder tosto le porte, ad internarmi sollecitamente, a dirmi in coro: «Non piangere, per carità! Altrimenti diranno i secolari, che non ci monachiamo per vocazione, ma per forza...",no,V2_new,no,medium
Carcano_Giulio,Damiano,1850,Carcano_Giulio-Damiano-1850.txt,"La Teresa adunque si andava sfogando col signor Omobono di que' novelli suoi dispiaceri. Ma intanto ella non sapeva che una disgrazia assai più grande era vicina, non sapeva che il suo Damiano, compreso nella coscrizione di quell'anno, poteva essergli tolto da un giorno all'altro. Non ci pensava, o credeva forse che Damiano, unico sostegno di una vedova madre, dovesse essere, per diritto, franco dalla coscrizione: nè certo avrebbe potuto capire come bisognasse ch'ella non avesse modo di campar la vita e che gli altri figliuoli non toccassero ancora i quindici anni, per far godere a Damiano l'esenzione dalla legge militare.",no,V2_new,yes,high
Carcano_Giulio,Damiano,1850,Carcano_Giulio-Damiano-1850.txt,"ambiziosa!... le susurrò dietro l'altra contessa: Fa l'atto d'amor del prossimo, e vorrebbe vedermi sprofondare dinanzi a lei... ma io sì, l'ho fatta sprofondare!... Sono anni e anni che non gustai un quarto d'ora come questo! Capitolo Decimottavo  Chi si mette sulla via del male, nè più si riguarda indietro, cammina senza memoria, senza speranza, senza rimorso; come Caino errante nel deserto, egli crede di poter fuggire la maledizione di Dio che gli sta sul capo.",no,V2_new,no,high
De_Boni_Filippo,L_Inquisizione_E_I_Calabro_Valdesi,1859,De_Boni-Filippo_L-Inquisizione-E-I-Calabro-Valdesi_1859.txt,"Se gli apostoli eran laici, perchè qualunque buon laico non sarebbe egli prete, come i discepoli primi di Cristo? Per lo spazio di molti secoli, i loro ministri, detti Barbi23, in nulla distinti dagli altri fratelli, ebbero ed hanno famiglia; tutte le loro funzioni erano volontarie e gratuite; a consacrarli ministri, imponevasi loro le mani; e dovevano per vivere esercitare una professione come gli apostoli. In mezzo all'incredibile dissolutezza del clero, all'invasione delle più matte o superstiziose credenze, al morale disordine che tutto contaminava, questa purità di costumi, questa ragionevole semplicità di dottrine era l'amarissima delle proteste contro la chiesa di Roma, contro la Babilonia moderna.",no,V2_new,no,high
Butti_Enrico_Annibale,L_incantesimo,1897,Butti_Enrico_Annibale-L_incantesimo-1897.txt,"Era una grande opera di restaurazione sociale ch'egli aveva meditata e voleva pazientemente iniziare. ‒ Gli statuti, le leggi, le formule correnti e le teorie preferite nei tempi nostri minacciavano, secondo lui, il progresso avvenire della Specie, poiché tendevano a soffocare la lotta per l'esistenza, a rinnegare il principio ereditario, a distribuire i diritti e i poteri e i beni con criterii astrattamente numerici in opposizione agli esempii della Natura. Le torbide condizioni della società contemporanea, abbandonata omai all'arbitrio delle masse, dipendevano sopra tutto dall'acquiescenza quasi criminosa delle classi superiori, che avevano piegato il capo sotto la violenza o si eran morbosamente commosse alle declamazioni e ai sofismi della democrazia. Rassegnati o apóstati, gli uomini che, affinando il corpo ed elevando lo spirito con le più aspre discipline, avevan già tenuto nelle loro mani i destini della razza, erano in atto d'abbandonare armi e insegne a coloro, che una lunga servitù e una secolare ignoranza rendevano indegni nonché di governare e di giudicare gli altri, anzi di godere della stessa loro libertà d'azione e di pensiero.",no,V2_new,no,high
Deledda_Grazia,Stella_d_oriente,1890,Deledda_Grazia-Stella_d_oriente-1890.txt,"Ma era così bella quella signorina Franchetti!…
XIV
– Quest’inverno andrò a Napoli – disse a un tratto Ruggero guardando sempre dalla parte di Stella. La vide sussultare, benché quasi impercettibilmente, probabilmente perché quella parola Napoli destava in lei dolorosi ricordi.
– A Napoli? – esclamò donna Morella. – Che ci farai a Napoli tu?
– Ma… per passare l’inverno. Ci si deve star tanto bene a Napoli d’inverno!",yes,V2_new,no,high
Bini_Carlo,Manoscritto_Di_Un_Prigioniero,1833,Bini_Carlo-Manoscritto_Di_Un_Prigioniero-1833.txt,"D'altra parte è impossibile star sempre sopra una nota, - e, quand'anche ti riuscisse, verresti noioso a tutti, e i casigliani ti caccerebbero dal casamento. La vita, a voler che sia bella, a voler che sia gaia, a voler che sia vita, dev'essere un arcobaleno, - una tavolozza con tutti i colori, - un sabato dove ballano tutte le streghe. Il sollazzo e la noia, il pianto e il riso, la ragione e il delirio, tutti devono avere un biglietto per questo festino.",no,V2_new,no,medium
Butti_Enrico_Annibale,L_incantesimo,1897,Butti_Enrico_Annibale-L_incantesimo-1897.txt,"Non era preferibile per il suo scopo quel dissidio aperto e sincero a un'intesa lentamente insidiosa, a una domestichezza con lei che avrebbe potuto generare la catastrofe temuta? ‒ Oh, un suo sguardo lusinghevole! Egli, certo, avrebbe in quel momento sacrificato il suo sogno più caro per uno sguardo lusinghevole di lei, che fosse venuto a traverso la mensa a ricercarlo! Frattanto intorno a lui l'animazione aumentava.",yes,V2_new,yes,high
Tenca_Carlo,La_Ca_Dei_Cani,1840,Tenca_Carlo-La_Ca_Dei_Cani-1840.txt,"Suvvia, a te, intuona, che ti verremo appresso.
- Ancora due bocconi, e mi sbrigo. Maladetti quei cani, questa mattina, fanno un guaire, uno strepitare che par che voglia subissare il palazzo.",no,V2_new,no,high
De_Roberto_Federico,L'Imperio,1929,De_Roberto_Federico-L'Imperio-1929.txt,"""È molto lusinghiero per noi, tutte queste gentili spettatrici, così attente, così indulgenti..."" Egli si sentiva in vena di galanteria. Dagli abiti, da tutte le persone di quelle dame sprigionavansi profumi eccitanti; il ricordo dell'articolo della Vanieri, delle lodi più eccitanti dei profumi, gli mettevano addosso una smania insolita, un bisogno di muoversi, di parlare.",no,V2_new,no,medium
Negri_Ada,Le_Solitarie,1917,Negri_Ada-Le_Solitarie-1917.txt,"Non v'era bene, non v'era bontà, non v'era speranza: non rimaneva che lasciarsi cadere a terra, sotto le ruote d'un carro, e morire.
  I fanciulli, a poco a poco, le sfuggirono: divennero indisciplinati, impararono a chiacchierare, a ridacchiare durante le lezioni, a tagliuzzare i banchi coi temperini, a rispondere con spallucciate e atti di dispetto. – Il fluido simpatico era svanito. Beppe Salvestri portò, un giorno, un rospo in classe. Punito, fece le corna dietro le spalle della maestra; e tutti scoppiarono a ridere.
  Un terrore folle gelò il sangue della disgraziata.
  Sapevano, forse, la cosa tremenda: ed ecco, la schernivano, non avrebbero piú potuto rispettarla, lasciarle la loro piccola anima nelle mani: mai piú, mai piú.
  Deperí, deperí.",yes,V2_new,yes,medium
Butti_Enrico_Annibale,L_incantesimo,1897,Butti_Enrico_Annibale-L_incantesimo-1897.txt,"Assolutamente, doveva riconoscerlo, non era mai stato così bene come in quel tempo; non mai s'era sentito così sano, così forte, così leggero. E l'aspetto esterno quanto l'interno benessere escludevano quei disturbi al sistema nervoso, ch'egli tante volte aveva addotti, illudendosi, a giustificazione della sua inerzia spirituale. «Ma dunque, non poteva esserne questa stessa la causa?» egli si domandò. «Il suo mutamento di carattere, d'abitudini, di tendenze non dipendeva forse da quell'insperato ritorno della salute, da quel soverchio rigoglio di giovinezza, da quella specie di tarda primavera che gli fioriva di nuovo maravigliosa nelle fibre?»
Egli sorrise, scotendo malinconicamente il capo. ‒ Ohimè, no, no, non era più il tempo d'illudersi: colpevole è quell'illusione che può per altri divenire un inganno! ‒ Egli ben sapeva che la vita oziosa e spensierata di quei giorni non conseguiva dalla salute, ma piuttosto questa da quella. Egli sapeva che altra era la causa vera di tutte quante le novità che l'occupavano: omai dopo le commozioni della sera precedente, dopo gli strani turbamenti dell'ultima notte, essa gli appariva più che possibile, necessaria, evidente, irrefutabile.",yes,V2_new,yes,high
Bandi_Giuseppe,Da_Custoza_In_Croazia_Memorie_D_Un_Prigioniero,1866,Bandi_Giuseppe-Da-Custoza-In-Croazia-Memorie-D-Un-Prigioniero-1866.txt,"Certo che la cosa non è così liscia come ce la voglion dar a bere…  Ma… se son rose le fioriranno. La giornata scorse senz'altra novità, ed io me la passai soletto in camera parte leggendo, parte sonnecchiando e ruminando in testa lo strano racconto del povero frate, che avevo sempre dinanzi, cogli occhi stravolti, le labbra contratte e i pugni chiusi nella lotta colla terribile malattia. Infelice!",yes,V2_new,yes,medium
Campanile_Achille,Giovinotti_non_esageriamo,1929,Campanile_Achille-Giovinotti_non_esageriamo-1929.txt,"I corteggiatori sono già in acqua e dànno prova d’incredibile audacia, allontanandosi oltre i pali dello stabilimento, tuffando il capo sott’acqua, e tenendovelo per un minuto e mezzo, e assaltandosi l’un l’altro a spruzzi. Qualcuno ha già fatto un primo bagno e, dopo essersi asciugato al sole, fumando la tradizionale sigaretta, dice che quasi quasi si ribagna. Qualche altro, invece, dice che lui si asciuga al sole e poi si veste.",no,V2_new,no,high
Butti_Enrico_Annibale,L_incantesimo,1897,Butti_Enrico_Annibale-L_incantesimo-1897.txt,"Quale notizia importante poteva giungere fino al suo sconosciuto ritiro, e con un mezzo così imperioso? Non potendo trovare una risposta plausibile, si risolse ad aprire il foglio e leggere lo scritto misterioso. Un sorriso gli passò negli occhi alle prime parole; con un subitaneo movimento di contrarietà, e d'impazienza, egli gittò il telegramma a pie' del letto, e s'attaccò con tutta la sua forza al cordone del campanello.
‒ Vengo, signorino!",yes,V2_new,no,high
Baricelli_Carmela,I_Vinti_Ovvero_Il_Genio_Oppresso,1907,Baricelli_Carmela-I_Vinti_Ovvero_Il_Genio_Oppresso-1907.txt,"Lasciami parlare, io ti comprendo, Xenio, io lo so: tu hai una grande passione, grande, capisci? E la difficoltà immane, invincibile, la trovi sulla soglia; varca quella soglia, e il giorno dopo, il mondo sarà a' tuoi piedi, anche se, di poi, dirai delle cose senza valore. Oh, Xenio, se tu sapessi quant'è profondamente gioioso vedere il mondo che palpita d'ammirazione o d'invidia dinanzi a te! - Taci, taci!",no,V2_new,no,high
Rovetta_Gerolamo,Ninnoli,1882,Rovetta-Gerolamo_Ninnoli_1882.txt,"Quasi! - rispose l'altro con un vocione brusco brusco, mettendosi il corno del bastoncino sulla bocca per nascondere uno sbadiglio. - Notate bene, anche quello era uno sbadiglio nervoso.
- Allora s'accomodi sul canapè, vi starà meglio - e Lavinia forzò il buon Michele, strascinandolo contro voglia, lei gaia, sorridente, birichina; lui duro, imbronciato, a cambiare di posto.",no,V2_new,no,high
Rovetta_Gerolamo,Ninnoli,1882,Rovetta-Gerolamo_Ninnoli_1882.txt,"Ed era appunto l'inverno, sull'imbrunire, dopo una giornata di viaggio, che Quintino e Marco si trovarono finalmente in vista di una cittaduzza. Fra tanta gente non ci sarebbe stata l'anima buona che per carità volesse cavar loro la fame?... Fra tante case accumulate le une colle altre, non avrebbero trovato un buco, una tana, per ripararsi dal freddo e riposare?",yes,V2_new,yes,high
Butti_Enrico_Annibale,L_incantesimo,1897,Butti_Enrico_Annibale-L_incantesimo-1897.txt,"Non certo perchè la possibilità di una siffatta tresca fosse una sola volta balenata nella mente di lei che conosceva troppo bene le sue idee in proposito e il suo rigido orgoglio e le sue «abitudini d'orso», come celiando si compiaceva di chiamarle. Doveva esser dunque un'altra intenzione nella calunnia sanguinosa. Or quale poteva essere questa intenzione?...",yes,V2_new,yes,medium
Rovetta_Gerolamo,Ninnoli,1882,Rovetta-Gerolamo_Ninnoli_1882.txt,"Dalle ampie vetrate delle finestre, che davan sopra la strada, il sole cominciava allegramente ad entrar co' suoi raggi, rigando le bianche lenzuola con delle strisce luminose, piene di pulviscoli vaganti; e in quell'ambiente sereno di candidezza e di quiete provò un benessere nuovo che gli fece prorompere dall'animo grato come un'espansione di riconoscenza e d'affetto per tutta quella gente ch'egli vedeva andare e venire, con pietà santa, da un letto ad un altro, per quelle sacre immagini che pendevano appese all'ingiro, e per quel Cristo gigantesco dipinto sotto il soffitto, che dalla sua croce pareva diffondere nell'ampio recinto la benedizione e il conforto. Anche per il povero Quintino, la vita ebbe finalmente un sorriso.... e lo ebbe allora che si svegliava così malconcio all'ospedale!... Gli pareva che il suo male fosse stato il suo bene.",yes,V2_new,no,medium
Caracciolo_Enrichetta,Misteri_Del_Chiostro_Napoletano,1864,Caracciolo_Enrichetta-Misteri_Del_Chiostro_Napoletano-1864.txt,"La badessa si mise gli occhiali, e lettone il frontispizio, mi restituì chiuso il volume, dicendo: «Memorie di sant'Elena; ah! la vita della madre di san Costantino! Quanto è calunniata sempre questa povera figliuola!».",no,V2_new,no,high
Butti_Enrico_Annibale,L_incantesimo,1897,Butti_Enrico_Annibale-L_incantesimo-1897.txt,"Voglio morire a' tuoi piedi di tenerezza e di passione! Vieni, anima, vieni!» E, con uno sforzo cerebrale a lungo insostenibile, egli lancia le parole infocate nel vuoto, lontano lontano, oltre le cose presenti, oltre la massa nera che chiude e adombra il parco laggiù, come se l'assente dovesse raccoglierle per qualche occulto senso e commuoversi e accorrere affascinata al suo richiamo.
È un abbaglio?... Uno scalpiccìo lievissimo s'ode ora nell'andito....",yes,V2_new,yes,high
De_Roberto_Federico,L'Imperio,1929,De_Roberto_Federico-L'Imperio-1929.txt,"A piazza Venezia, Beneventi e Vietri fecero per congedarsi; ella li costrinse a proseguire fino a mezzo il Corso: lasciato il braccio del principe, preso quello di Vietri, incominciò a parlare di letteratura e di poesia, a declamare versi francesi, a manifestare il suo culto per l'Aloux. A piazza Colonna la comitiva si sciolse; restarono insieme la Vanieri, il principe, l'on. Buci, e Ranaldi.",no,V2_new,no,high
Capuana_Luigi,Il_Marchese_Di_Roccaverdina,1901,Capuana_Luigi-Il_Marchese_Di_Roccaverdina-1901.txt,«Non vi ho mai palesato una mia idea. Non voglio separarvi dalla mamma e dalla sorella. La mia casa è abbastanza vasta da poter accogliere anche loro.»,no,V2_new,no,medium
Baratono_Pierangelo,Bob_E_Il_Suo_Metodo,1914,Baratono_Pierangelo-Bob_E_Il_Suo_Metodo-1914.txt,"Chiunque è capace di prendere le cose come vengono; l'abilità consiste, invece, nel formarsene una ragione. La ragione in Bob, per un bizzarro fenomeno, nacque col primo vagito. E la prova sta in ciò, ch'egli, secondo le sue stesse confidenze, appena cacciato il naso fuori del grembo materno, sentì una gran voglia di tornarsene indietro.",no,V2_new,yes,high
Bandi_Giuseppe,Da_Custoza_In_Croazia_Memorie_D_Un_Prigioniero,1866,Bandi_Giuseppe-Da-Custoza-In-Croazia-Memorie-D-Un-Prigioniero-1866.txt,"Tanto è ciò vero che strinsi di gran cuore la mano a certo capo matto che disse aver pattuito gl'Italiani di fare in quest'anno la guerra per burla. Certo che l'Austria deve saper buon grado ai caporioni d'Italia per averla tanto umanamente risparmiata, come senza fallo non potrà perdonarci Bismark d'avere addossato alla Prussia tutto il carico della guerra e d'avere scelta la parte della mosca sulle corna del bue. Abbiamo veramente raccolto senza arare, e Dio ci diè il buon ricolto e la grassa vendemmia!",yes,V2_new,no,high
Deledda_Grazia,Stella_d_oriente,1890,Deledda_Grazia-Stella_d_oriente-1890.txt,"Stella, scordatasi di lui amava altri, si prometteva ad altri… ma che avrebbe potuto fare di diverso quella povera fanciulla? Oh, don Francesco, don Francesco!... Ma no, no, la voleva lui Stella, lui che l’aveva amata pel primo, e ottenuto i di lei primi giuramenti, lui che sarebbe morto nel vederla d’altri, lui che soffriva l’inferno lontano da lei, lui che, ad onta di tutto il suo scetticismo e ateismo alla moda, vedendo che dagli uomini non poteva sperare più nulla, erasi inginocchiato davanti a Dio pregandolo immensamente, fervidamente perché gli facesse ritrovare Stella che lo amasse ancora, che nel sapere non esserci più alcun ostacolo al loro amore, si rallegrasse con lui… E Maurizio innalzava gli occhi al cielo per chieder conto delle sue preghiere, delle sue lagrime, ma il cielo era nero, coperto di nubi danzanti al gelido vento di marzo… poi li chiudeva e altri pensieri succedevano nell’animo suo agitato e fosco come il cielo… Pensava Stella fidanzata ad un uomo a cui egli aveva in certa maniera tolto la prima fidanzata, e si chiedeva se non subiva la pena del taglione.",yes,V2_new,yes,high
Butti_Enrico_Annibale,L_incantesimo,1897,Butti_Enrico_Annibale-L_incantesimo-1897.txt,"Oh, quella lunga stretta concorde, che solco vivo di passione aveva lasciato su le loro palme! E che grande rivelazione era stata più tardi per il giovine, ingenuo e sensibile ancora come un adolescente! Rientrando in casa, egli, dopo essere passato da donna Marta e averla trovata calma e dormente, era corso nella sua camera, vi si era richiuso a chiave, aveva spalancato i battenti del balcone per esalare alfine liberamente in un gran sospiro la piena interna della sua esaltazione, trattenuta fino a quel punto dal pensiero della nonna sofferente.",yes,V2_new,yes,high
Emiliani_Giudici_Paolo,Beppe_Arpia,1851,Emiliani_Giudici_Paolo-Beppe_Arpia-1851.txt,"Era stato da alcuni anni suo costume dare loro una cena alla buona, in occasione dell'anniversario della sua nascita, e quel giorno appunto lo anniversario ricorreva. Finita la cena, la quale, comecché avesse il nome di paesana, era stata lauta e squisitissima, l'allegra brigata erasi ridotta in un salotto che aveva una lunga terrazza sull'Arno. L'aria era dolce, il cielo sereno, la campagna, che faceva prospetto, illuminata d'una luna lucidissima.",no,V2_new,no,high
Deledda_Grazia,Stella_d_oriente,1890,Deledda_Grazia-Stella_d_oriente-1890.txt,"Che volete? In fondo il marchese non era cattivo, ma certo benché nobile di nascita non lo era d’anima. Più tardi, quando i primi capelli bianchi apparvero nella sua testa, quando la sua anima, forse sazia e disgustata, cominciò a sentire i primi geli della vecchiezza, don Francesco guardò rabbrividendo nel suo brutto passato lo scandalo e il danno da lui causato, e ritirandosi da quella cattiva via, seguita in ogni tempo da tutti i giovani ricchi senza occupazioni, se ne pentì amaramente… Ma troppo tardi.",yes,V2_new,no,medium
De_Amicis_Edmondo,Cuore,1886,De_Amicis_Edmondo-Cuore-1886.txt,"E intanto i premiati passavano l'un dopo l'altro davanti a quei signori seduti, che porgevano gli attestati, e a ciascuno dicevano una parola o facevano una carezza. Dalla platea e dalle gallerie i ragazzi applaudivano ogni volta che passava uno molto piccolo, o uno che dai vestiti paresse povero, e anche quelli che avevano delle gran capigliature ricciolute o eran vestiti di rosso o di bianco. Ne passavano di quelli di prima superiore che arrivati là, si confondevano e non sapevano più dove voltarsi, e tutto il teatro rideva.",no,V2_new,no,high
Collodi_Carlo,Macchiette,1880,Collodi_Carlo-Macchiette-1880.txt,"Immaginatevi una bella fanciulla, sui venti anni, fresca, colorita, con due labbra leggermente tumide e proclivi al bacio, e con due occhi… di quegli occhi che, dove si posano, ci lasciano il segno per un pezzo. Aveva poco orecchio e pochissima voce: ed è forse per questo che sua madre la tirava su per cantante.
 
La signora Cammilla si alzava tutte le mattine colla speranza di trovare una scrittura, o un impresario per la figlia: ma invece di un impresario trovò il signor Roboamo, il quale in pochi giorni diventò amico intimo e tutto di casa. Era lui che le portava fuori, al teatro, alle passeggiate, al caffè, alla birreria.",yes,V2_new,no,medium
Chelli_Gaetano_Carlo,Fabia,1876,Chelli_Gaetano_Carlo-Fabia-1876.txt,"Manda al diavolo Giove, e smettila.» «Egli si mutò in pioggia d'oro per voler sedurre la...» «Abbasso Giove, l'Olimpo e la Mitologia!»",no,V2_new,no,high
Negri_Ada,Le_Solitarie,1917,Negri_Ada-Le_Solitarie-1917.txt,"L'insonnia le succhiava la ragione.
  Riuscí, lentamente, a vincere l'orribile ambascia, cloroformizzandosi col pensiero che il supplizio sarebbe finito da sé, come finisce la notte quando spunta il giorno.
  Un riposo del cuore, una distensione dei nervi, una quiete di tutto l'essere le veniva dall'immaginare quel che sarebbe stata la sua vita, dopo.
  Silenzio: tepido come una coltre, corroborante come un farmaco, il silenzio avrebbe guarito il suo male, in una solitudine di clausura.
  Nella freschezza dell'alba ella si sarebbe alzata dal letto monacale, con membra fatte elastiche dal buon sonno riparatore; e avrebbe spalancate le finestre sulla pianura verde, tutta rugiada e brividi, sentendo davanti a sé la sua giornata.
  Nessuna voce rude le avrebbe gridato: – Fa questo e quello. – Nessuna presenza imperiosa avrebbe preso il suo tempo, diretto i suoi movimenti, manomesso alla cieca il suo povero fascio di nervi. Ella non avrebbe piú pranzato e cenato a tavola; ma sullo scalino del focolare – d'inverno – con la ciotola del cibo in grembo: sullo scalino dell'orto – d'estate – ascoltando la musica delle cicale e dei grilli. Avrebbe assaporato i suoi minuti di pace, uno per uno: fabbricato ogni giorno, per la propria felicità, storie meravigliose che solo l'aria e le rondini avrebbero udite.
  Null'altro?",yes,V2_new,yes,high
Campanile_Achille,Giovinotti_non_esageriamo,1929,Campanile_Achille-Giovinotti_non_esageriamo-1929.txt,"Perché? Che diavolo era accaduto a quel lago? Se ne stava chiuso tra due montagnole, solitario e imbronciato, di notte e di giorno, e non sorrideva mai.",yes,V2_new,yes,medium
Butti_Enrico_Annibale,L_incantesimo,1897,Butti_Enrico_Annibale-L_incantesimo-1897.txt,"Egli sentiva nel fondo della sua anima levarsi un grido spasimoso: egli sentiva arrivare dalle intime energie dell'essere un impulso irresistibile verso qualche cosa oscura ma supremamente necessaria alla sua vita. Ogni suo più ardente desiderio, ogni sogno, ogni ideale pareva s'avviluppasse nel lugubre sudario dell'indifferenza: la gloria era vana, l'umanità era trista, l'avvenire incommutabile o non meritevole d'esser commutato. Uno scontento immane del mondo e di sè stesso, un tragico bisogno di riposo finivano per impadronirsi di tutte le sue facoltà; ed egli rimaneva come soffocato nella stretta di tanta desolazione, deplorando le sue fatiche e le sue ambizioni, anelando inutilmente a un Bene, ch'era la Morte ma poteva anche esser l'Amore.",yes,V2_new,yes,high
Capuana_Luigi,Il_Marchese_Di_Roccaverdina,1901,Capuana_Luigi-Il_Marchese_Di_Roccaverdina-1901.txt,"Suo figlio già ritorna da Firenze ammalato, pare, di tisi. Povero giovane! Chi sa che stravizi ha fatto!...",no,V2_new,yes,medium
Bandi_Giuseppe,Da_Custoza_In_Croazia_Memorie_D_Un_Prigioniero,1866,Bandi_Giuseppe-Da-Custoza-In-Croazia-Memorie-D-Un-Prigioniero-1866.txt,"Erano, povero me! in quella borsa meglio che 500 franchi sonanti, un bell'orologio d'oro regalatomi dal babbo, ed alcune lettere e il ritratto di cotale che non avrei sofferto neanco in effigie tra quei luridi artigli. Per quanto io mi fossi cinti i lombi di quella catena spirituale che i santi chiamarono pazienza, fui presto come un fulmine a sciogliere un braccio di sotto le ascelle del mio ferito, ed agguantare la mal tolta preda gridando al predone  -  lascia… lascia cane!",yes,V2_new,yes,high
Bini_Carlo,Manoscritto_Di_Un_Prigioniero,1833,Bini_Carlo-Manoscritto_Di_Un_Prigioniero-1833.txt,"Conoscete voi la vita degli uomini grandi di tutti i tempi, e di tutte le nazioni? Plauto era schiavo, e girava il molino, - ma la sua Musa fu salutata da un popolo di eroi. E quando una povera donna alla sera cantava le sue canzoni di madre a un povero bambino, e sospirava guardandolo, e pensava che un giorno forse non avrebbe un cognome, - sarebbe un mendicante, - al più un lavoratore della campagna, avrebbe creduto mai di cullare Shakespeare, Rousseau, Franklin, di cullare il Correggio, e Masaniello?",no,V2_new,yes,high
Caracciolo_Enrichetta,Misteri_Del_Chiostro_Napoletano,1864,Caracciolo_Enrichetta-Misteri_Del_Chiostro_Napoletano-1864.txt,"Le gambe mi tremavano, parte per effetto di quella superstizione, al cui assalto non può resistere alcuno in certe circostanze, parte per la tema di ritrovare Angiola Maria stramazzata in qualche luogo, il cui buio avrebbe resa più spaventevole la scena. Già stava per voltare dal canto della galleria, allorché parvemi veder brulicare qualcosa di bianco in vicinanza del pozzo. Mi rimescolaj: era la pazza, che, scalza, scarmigliata, in camicia, guardava nel pozzo, e ne misurava il fondo per precipitarvisi.",no,V2_new,no,high
De_Boni_Filippo,L_Inquisizione_E_I_Calabro_Valdesi,1859,De_Boni-Filippo_L-Inquisizione-E-I-Calabro-Valdesi_1859.txt,"Non seppe respingere l'inquisizione, benchè le ragioni della sua floridezza fossero motivi a respingerla. Per le industrie e pel commercio che ancora in Venezia duravano, accorrevano molti forestieri dal Levante e dalla Germania, scismatici, eretici, e anche musulmani; libera quivi l'arte libraria fioriva, in quell'epoca vi erano duecento stampatori; in Venezia all'onnipotenza inquisitoriale opponevasi la stessa natura del governo, aristocratico intieramente e quindi geloso. Pure Venezia, che già declinava, non ardì opporsi direttamente; si cercò un mezzo termine per levare al tribunale romano l'onnipotenza.",no,V2_new,no,high
Butti_Enrico_Annibale,L_incantesimo,1897,Butti_Enrico_Annibale-L_incantesimo-1897.txt,"Ora, che valore avrebbero poi avuto la sua parola e il suo apostolato, quand'egli avesse in tal guisa trasgredito alle sue massime sociali? E con che severità l'atto contradittorio sarebbe stato giudicato, non solo dagli avversarii, ma dai medesimi suoi amici? Certo, tutto il suo piano sarebbe d'un colpo crollato sotto il peso della diffidenza e del ridicolo, e le macerie avrebbero sepolto per sempre il suo decoro e la sua ambizione.",yes,V2_new,no,medium
Cagna_Achille_Giovanni,Un_Bel_Sogno,1871,Cagna_Achille_Giovanni-Un_Bel_Sogno-1871.txt,"""Queste sono illusioni, è vero; ma la vita non è forse per sè stessa una lunga fila d'illusioni? Chi lo sa; chi potrebbe giurare che sia reale tutto ciò che si vede e sente? ""Quando rinvenni dalla mia contemplazione, mi accorsi che l'aria era troppo umida, e mi affrettai verso casa, non prima però di aver affidato un saluto per te, alla brezza che mi sfiorava il viso. - Erano le otto....",no,V2_new,yes,medium
Baricelli_Carmela,I_Vinti_Ovvero_Il_Genio_Oppresso,1907,Baricelli_Carmela-I_Vinti_Ovvero_Il_Genio_Oppresso-1907.txt,"Pilade allora si stringeva nelle spalle, come uomo sicuro di sè, ma anche noncurante della vita, e mandava all'aria enormi globi di fumo, emblemi dell'anima sua evanescente nel vuoto del suo cervello piccolo e mal costituito. Quando si fu persuaso d'essere ormai un uomo celebre, un grand'uomo, si recò finalmente alla sua casa per fare una elegante toilette, accuratissima d'occasione. Quivi l'aspettava una sorpresa: trovò uno sconosciuto, strano, che l'attendeva da qualche tempo.",no,V2_new,no,high
Deledda_Grazia,Stella_d_oriente,1890,Deledda_Grazia-Stella_d_oriente-1890.txt,"Stella abbassò la luce troppo viva della lampada, e si mise a leggere. Come era bella così! Con quella toeletta vaporosa, profumata, col suo atteggiamento languido e penoso, fra il bagliore argenteo e vagolante della lampada, pareva una santa, una di quelle sante belle, regine, ben dipinte da pittori innamorati, tanto più che ciò che leggeva era la preghiera della notte, nel suo aureo libro di devozioni.",yes,V2_new,yes,medium
Barrili_Anton_Giulio,Raggio_Di_Dio,1899,Barrili_Anton_Giulio-Raggio_Di_Dio-1899.txt,"Se gli date un'occhiata, essendo ancora giorno....  -  Volete dire che i numeri si leggono male a lume di lucerna? E sia; -  soggiunse messer Bartolomeo, -  contentiamo questo terribil Passano. Sedete? -  diss'egli, facendo un cenno d'invito a Fior d'oro.  -  Fate, fate; -  rispose la contessa; -  io vi lascio.",no,V2_new,no,high
Caccianiga_Antonio,Il_Bacio_Della_Contessa_Savina,1888,Caccianiga_Antonio-Il_Bacio_Della_Contessa_Savina-1888.txt,"La solitudine, il silenzio, il cielo nuvoloso, la terra ricoperta dalla neve, come feretro d'una fanciulla del candido tappeto simbolico, portavano i miei pensieri alle più tetre considerazioni. Meditavo sulla morte della natura, e sulla probabilità d'una prossima fine del mondo, quando la Rosa mi consegnò una lettera di mio zio che mi annunziava il parto felice della contessa Savina, che aveva dato alla luce un bel maschio. Ecco ancora il realismo!...",yes,V2_new,no,high
Carcano_Giulio,Damiano,1850,Carcano_Giulio-Damiano-1850.txt,"Ma quel potente signore, che volle come ridere allorchè io gli parlai, che rifiutò d'ascoltarmi quand'io m'arrischiava di mettergli dinanzi agli occhi quella scena.... Mi pare ieri! - Signor abate: mi disse: ella mi piglia un tuono che non s'usa più con certe persone.... In verità, non capisco di chi voglia parlare....",no,V2_new,no,high
Lombroso_Zefora_Gina_Elena,Profili_e_paesaggi_della_sardegna,1869,Lombroso_Zefora_Gina_Elena-Profili_e_paesaggi_della_sardegna-1869.txt,"Far come fanno in Bosa, quando piove lasciano piovere. Uno di questi però ha infamato per sempre un tale che per giuoco si divertiva a pungere col coltello la moglie Sos jogos de Donnu Jagure che dicesi a chi scherzando punge troppo. Della passione dei Sardi per le fave trovate le traccie in parecchi proverbi, e tra gli altri in questo:",no,V2_new,no,high
Butti_Enrico_Annibale,L_incantesimo,1897,Butti_Enrico_Annibale-L_incantesimo-1897.txt,"Non gli pareva ormai più possibile di continuare una vita simile; ed egli, come i giorni passavano senza rimedio, si rivoltava contro sè medesimo, ricercava dentro, con una smania puerile, le cause di quella sua nuova debolezza, i motivi d'un turbamento così grave delle sue facoltà. Una ripugnanza suprema gli si levava dalle radici dell'essere, al solo pensiero ch'egli potesse amare quella creatura frivola e sdegnosa; che dovesse un giorno invocare da lei la pace perduta, la forza di sopportare un'esistenza affatto diversa dal suo sogno. ‒ No, non l'amava, non l'avrebbe mai amata. Volgendo ora a Flavia il fuoco della sua mente, provava egli forse un movimento di simpatia intellettuale o morale per lei, un fremito passaggero di tenerezza, il più tenero desiderio di sensualità?",yes,V2_new,yes,high
Dandolo_Milly,Il_figlio_del_mio_dolore,1921,Dandolo_Milly-Il_figlio_del_mio_dolore-1921.txt,"Il suo piccolo corpo si moveva sempre con una lentezza insolita in una bimba; ma non ostante questo le sue mani rompevano tante cose! Quando le si affidava un bicchiere o un piatto anche per pochi minuti, era probabile sentire il tonfo della caduta e il fragore della rottura. Una volta ella aveva rotto anche il vetro d’una finestra e il vaso giapponese del salottino; ella stessa si meravigliava di tutto questo e non sapeva poi spiegarsi come fosse accaduto; forse appunto perchè le sue mani toccavano e tenevano gli oggetti con estrema delicatezza e gli oggetti sfuggivano facilmente a quella stretta svogliata e appena carezzevole.",no,V2_new,no,high
Viola_Ferretti_Emilia,A_quarantacinque_anni,1874,Viola_Ferretti_Emilia-A_quarantacinque_anni-1874.txt,"Non c’era più dubbio. Era vero! Lui, lui l’uomo di quarantacinque anni aveva detto alla contessa Bianca che l’amava.",yes,V2_new,no,high
Rovetta_Gerolamo,Ninnoli,1882,Rovetta-Gerolamo_Ninnoli_1882.txt,"Non vi era pace, non vi erano sorrisi, non vi erano baci, non si sentiva mai una parola d'affetto in quella casaccia dove il lugubre silenzio era interrotto soltanto dal fischio del vento, che vi penetrava come un padrone impetuoso e villano dallo spacco dei tetti e dalle imposte sgangherate. Ogni volta che Quintino, così solo nel mondo, pensava a quella bicocca, sentiva dei brividi di freddo corrergli per tutto il corpo, e quando la ricordava, prima di addormentarsi sotto un albero nell'estate, o in un fienile o sui gradini di qualche chiesa nell'inverno, egli si faceva fremendo il segno della croce.

*
* *

Suo padre più d'una volta avea dato da fare alla Polizia e, per non incomodarla ancora, dopo una rissa nella quale aveva lasciato correre una coltellata ad un altro contadino proprio sull'uscio della bettola, era emigrato in Sardegna; e nel Lombardo-Veneto non si fece più vedere. Sua madre era stata una faticona tutta cuore.... pareva la bontà divina venuta al mondo per creare un disgraziato.",yes,V2_new,no,high
Bandi_Giuseppe,Da_Custoza_In_Croazia_Memorie_D_Un_Prigioniero,1866,Bandi_Giuseppe-Da-Custoza-In-Croazia-Memorie-D-Un-Prigioniero-1866.txt,Erano per me un indovinello le parole di padre Erminio. Qual motivo avevamo mai dato a quegli ufficiali di metter su tanto di muso e guardarci col viso dell'arme? Era la prima volta che m'imbattevo in costoro.,yes,V2_new,yes,medium
Cantoni_Alberto,L'Illustrissimo,1906,Cantoni_Alberto-L'Illustrissimo-1906.txt,"E così alta che le bestie pajono sempre piccole e non compariscono neanche d'estate quando ci si vede? Via, Illustrissima, si metta una mano al core, e pensi alla sua. L'ho vista quando ho accompagnato il mio soldato in mano agli Italiani, e come l'ho vista bene!",no,V2_new,no,medium
Butti_Enrico_Annibale,L_incantesimo,1897,Butti_Enrico_Annibale-L_incantesimo-1897.txt,"La cosa era possibile, se anche non certa. E la sola possibilità valeva per lui, che non aveva saputo presupporla, quanto una rivelazione. La sera innanzi donna Marta, assalita durante il pranzo da uno de' suoi più fieri accessi d'asma, non s'era potuta presentare al solito convegno vespertino d'avanti al palazzo.",yes,V2_new,no,high
Capuana_Luigi,Il_Marchese_Di_Roccaverdina,1901,Capuana_Luigi-Il_Marchese_Di_Roccaverdina-1901.txt,"«Non ho mai preso sbornie in vita mia; né ho bisogno di essere ubriaco per dire la verità», rispose severamente don Aquilante. «Bevono vino anche gli Spiriti?» «Potrei dirvi sì; e vi parrebbe una sciocchezza.»",no,V2_new,no,high
Dandolo_Milly,Il_figlio_del_mio_dolore,1921,Dandolo_Milly-Il_figlio_del_mio_dolore-1921.txt,"Bisognava gridarlo a tutti, ora, che lo odiava! Non aveva più dolore, più rimpianto, più vergogna, più paura: aveva solo quell’odio, solo quell’odio! Si mosse, uscì quasi correndo, entrò nella stanza da pranzo dove sedeva sua madre, si fermò presso alla tavola, pallida, con gli occhi chiusi.",yes,V2_new,yes,high
Butti_Enrico_Annibale,L_incantesimo,1897,Butti_Enrico_Annibale-L_incantesimo-1897.txt,"La luce non era più luce, la vita non era più vita! Nel ritorno egli non parlò più. Scendeva la sera e il vento aumentava su la montagna oscurata.",yes,V2_new,no,high
Negri_Ada,Le_Solitarie,1917,Negri_Ada-Le_Solitarie-1917.txt,"Aritmetica, disegno, fisica, grammatica, non sembravano in realtà che pretesti inventati dalla dura esistenza e dalla volontà dei parenti, per ingannare, per strozzare in boccio l'istinto atavico in quelle piccole future femmine, che già davano furtivamente un nome ed un corpo al loro bisogno d'amare e di sentirsi amate.
  Piú tardi, nel laboratorio di macchine e strumenti fotografici, dove Raimonda era entrata quale dattilografa, ella, intorno a sé, fra i compagni di lavoro, non aveva veduto che amore, illusione d'amore, menzogna d'amore. Le commesse, eleganti in abiti tagliati sull'ultimo figurino negli scampoli da trenta soldi al metro, colle trecce serrate intorno alle tempie secondo la moda, con tacchi altissimi, con ciglia e pàlpebre offese dal bistro, civettavano, nervose, coi giovanotti dello studio; e trovavano alla porta, la sera, l'amico pronto per accompagnarle. Le varie correnti si urtavano, sprizzavano scintille nell'urto, creando per Raimonda un'irrespirabile atmosfera.",yes,V2_new,no,medium
Dandolo_Milly,Il_figlio_del_mio_dolore,1921,Dandolo_Milly-Il_figlio_del_mio_dolore-1921.txt,"Lalage, ch’era sempre stata lieve e morbida come un fiore, lei, Lalage, finire così! Si faceva orrore; e poi ad un tratto il suo stesso orrore le faceva orrore, come un sentimento mostruoso, contro natura.",yes,V2_new,yes,high
Bini_Carlo,Manoscritto_Di_Un_Prigioniero,1833,Bini_Carlo-Manoscritto_Di_Un_Prigioniero-1833.txt,"Io mi curvo sotto un peso, che non posso più reggere, ho fatto di tutto per sollevarmene. Ho contato le battute del mio polso, e ho dovuto smettere; - ho fatto la guerra agl'insetti, che mi son compagni, e ho dovuto smettere, perché son troppi; - ho contato i travicelli delle mie due camerette, e sono diciotto e mezzo; - i travi grossi, e son otto; - ho contato perfino i mattoni, e son trecento novantuno. Io non ho più pace, e non so come averne.",no,V2_new,no,high
Emiliani_Giudici_Paolo,Beppe_Arpia,1851,Emiliani_Giudici_Paolo-Beppe_Arpia-1851.txt,"ed eccomi contento: nonostante, la ringrazio; berrò una bottiglia alla sua salute; Iddio le dia anche mill'anni di vita; dice bene il proverbio: servi i signori e servili per nulla. - Non si dimentichi, lustrissimo, che c'è Beppe in Firenze per la vita e per la morte. Alle furbe parole di Beppe il marchese non rispondeva nulla, girava per tutta la stanza, come uomo che assalito da mille pensieri non sappia a quale dar retta. Scampanella con furia, stride che pare un insatanassato; compariscono due camerieri, ch'egli rimanda via e poi torna a chiamarli e non sa cosa comandare, e seguita a girare come una girandola attorno la stanza.",no,V2_new,yes,medium
Cantoni_Alberto,L'Illustrissimo,1906,Cantoni_Alberto-L'Illustrissimo-1906.txt,"Non ci badate. È una curiosona che avrà saputo del vostro arrivo dalla figliuola, e che è venuta qui con un pretesto per vedere voi. Ma l'asse era sotto la tovaglia, e però Genoveffa dovette con suo molto soddisfacimento rimanere ad aspettare la fine del pranzo.",no,V2_new,no,high
De_Amicis_Edmondo,Cuore,1886,De_Amicis_Edmondo-Cuore-1886.txt,"E allora Giulio riprese animo, e disse in cuor suo: ""No, povero babbo, io non cesserò d'ingannarti; io farò degli sforzi più grandi per studiar lungo il giorno; ma continuerò a lavorare di notte per te e per tutti gli altri"". E il padre soggiunse: - Trentadue lire di più! Son contento...",no,V2_new,no,high
Barbieri_Ulisse,In_Basso,1885,Barbieri_Ulisse-In_Basso-1885.txt,- e non ti si farà violenza; stanne certa. Alla sventura ci siamo abituate ed un buon soldato deve saper guardare in faccia il fuoco senza averne paura.... corpo di.... -  esclamò rizzandosi; ,no,V2_new,no,high
Lombroso_Zefora_Gina_Elena,Profili_e_paesaggi_della_sardegna,1869,Lombroso_Zefora_Gina_Elena-Profili_e_paesaggi_della_sardegna-1869.txt,"Sassari e Alghero. In Alghero si fece statuto, che i Sassaresi non vi si potessero mostrare colla spada al fianco; e in  Sassari vi si rispose argutamente, ordinando che li Algheresi non potessero venire a Sassari se non cinti di due spade. La vita delle nazioni era concentrata nei pochi municipi.",no,V2_new,no,high
Campanile_Achille,Giovinotti_non_esageriamo,1929,Campanile_Achille-Giovinotti_non_esageriamo-1929.txt,"I due nemici mortali si squadrarono a lungo, ritti sui casseri delle rispettive navi. Poi il pirata Maldacea disse, con un ghigno:
“Son bello, càspita, son grazïoso”.
“Tutti me ’l dicono che son vezzoso” replicò il pirata Pantalena.
“Frequento i circoli, fo’ il milordino.”
“Fo’ il moscardino.”
“Son baroncino.”
 
“Son proprio un giovane di società.”
“Son bello e nobile in verità.”
In quella apparvero all’improvviso miriadi di luci disposte a file, a coroncine, ad archi, e raggi di riflettori incrociantisi, che illuminavano ruote dentate, ingranaggi, carrucole, ponti sospesi con treni volanti, su un fragor di sibili, urli, scoppi, miagolii, e stridi, i quali si confondevano in un solo boato stomachevole.
“New York!” gridò Abdallah. New York.",yes,V2_new,no,high
Bersezio_Vittorio,La_Testa_Della_Vipera,1896,Bersezio_Vittorio-La_Testa_Della_Vipera-1896.txt,"C'è il medico in casa mia a quest'ora? - Sicuro. Jeri sera ha trovato che le cose s'incamminavano troppo male e ha detto che se la malata peggiorava nella notte lo mandassimo a chiamare. La monaca mi venne a svegliare verso l'una, che le pareva la signora dovesse passare da un momento all'altro...",no,V2_new,no,high
Campanile_Achille,Giovinotti_non_esageriamo,1929,Campanile_Achille-Giovinotti_non_esageriamo-1929.txt,C’è un’edicola dove si vendono libri. Lungo il treno si vendono gelati in un grazioso bicchiere. Quanta strada ha fatto in pochi anni l’industria dei gelati alla stazione!,yes,V2_new,no,high
Chelli_Gaetano_Carlo,Fabia,1876,Chelli_Gaetano_Carlo-Fabia-1876.txt,"Fecondi il seme che si sparge, e la contessa agirà, riducendo umile e pentito il disertore a chieder perdono di ogni trascorso, ed a riparare tutto il male fatto ad una bella e buona figliuola che gli vuol bene... Povera Adelina! Il suo viso erasi fatto palliduccio, affilato, e del pari la sua figura, perdendo i ghiotti contorni d'una volta, acquistava una snellezza maestosa, una gravità statuaria.",no,V2_new,no,high
Butti_Enrico_Annibale,L_incantesimo,1897,Butti_Enrico_Annibale-L_incantesimo-1897.txt,"Vedendola così vicina e così sola, sembrò al giovine che la sua mente per prodigio si vuotasse e ogni sua energia venisse d'un tratto a mancare. Rimase immobile allo sbocco del sentiere, incerto ancora se dovesse avvicinarlesi o retrocedere rapidamente prima d'essere scoperto. ‒ Perchè era salito lassù? Che cosa avrebbe potuto dire a Flavia?",yes,V2_new,yes,high
Butti_Enrico_Annibale,L_incantesimo,1897,Butti_Enrico_Annibale-L_incantesimo-1897.txt,"Aurelio, alzando gli occhi verso la fanciulla, ebbe un fremito profondo. Quelle parole precisavano la causa del suo sgomento. Oh sì, era la Morte ch'egli temeva; era il fantasma della Morte che projettava una prolissa ombra nera nella sua mente.",yes,V2_new,yes,high
Castelnuovo_Enrico,Il_Fallo_Di_Una_Donna_Onesta,1897,Castelnuovo_Enrico-Il_Fallo_Di_Una_Donna_Onesta-1897.txt,"Si manteneva in rapporti epistolari con antiche compagne d'infanzia, maritate qua e là, con una vecchia zia che abitava a Torino, con una signora inglese che veniva di quando in quando a Venezia e che aveva preso a volerle bene; in fine, con vari amici che un tempo frequentavano la sua casa e che le circostanze avevano sbalestrati pel mondo. Quell'autunno poi pareva che gli assenti si fossero messi d'accordo per iscriverle più del solito. Intanto la Maria di Reana, la quale non usava dar segni di vita che a intervalli lunghissimi, spesso la tempestava delle sue epistole.",no,V2_new,no,high
Baricelli_Carmela,I_Vinti_Ovvero_Il_Genio_Oppresso,1907,Baricelli_Carmela-I_Vinti_Ovvero_Il_Genio_Oppresso-1907.txt,voglio essere ricco! ricco! Voglio la mia casa!,no,V2_new,no,high
Baratono_Pierangelo,Bob_E_Il_Suo_Metodo,1914,Baratono_Pierangelo-Bob_E_Il_Suo_Metodo-1914.txt,"- Sai? Ho trovato lavoro!,  disse a Peronospera, che gli veniva incontro.",no,V2_new,no,high
Capuana_Luigi,Il_Marchese_Di_Roccaverdina,1901,Capuana_Luigi-Il_Marchese_Di_Roccaverdina-1901.txt,"Verità sacrosante; e i preti che hanno paura di perdere la cuccagna, se esse si diffondono nel popolo...» «Voi l'avete sempre coi preti!» «Sono nemici d'ogni bene dell'umanità.»",no,V2_new,no,high
De_Roberto_Federico,L'Imperio,1929,De_Roberto_Federico-L'Imperio-1929.txt,"Ranaldi considerò il giornalista che aveva risposto con quella facezia: Ortesi, ""Dragutte"" del Pantagruele, un altro degli umoristi: un giovanetto, all'aspetto: imberbe, con appena un'ombra di baffettini biondi sul labbro carnoso, il naso aguzzo, un gran ciuffo di capelli castani sulla fronte. ""Ecco una compatta falange"" osservava egli spenzolandosi dal parapetto ""intorno al Giovannino: Tremarchi e Settemini, che fanno dieci; più Ottoboni: dieciotto!"" Vedendosi guardato dall'Ortesi nell'atto che proferiva la freddura, Ranaldi gli sorrise.",no,V2_new,no,high
Bini_Carlo,Manoscritto_Di_Un_Prigioniero,1833,Bini_Carlo-Manoscritto_Di_Un_Prigioniero-1833.txt,"La storia dell'umanità osservata severamente nel suo vasto insieme e nelle sue singole parti, vi presunta un saliscendi di offese e di vendette; vi offre lo spettacolo di due partiti che or l'uno or l'altro si tengono un piede di ferro sul collo, e fin ora ha segnato mai nei suoi annali l'epoca della equità e della pace? La storia è una Sibilla, che consultata coscienziosamente ha dato fin ora questo responso: - Se voi non foste oppressi sareste oppressori. - I cristiani perseguitati, nei primi secoli predicavano pacificamente la dottrina dell'agnello di Dio; - poi, quando il Vento fresco della fortuna li levò in alto mare, conversero la croce in una spada a due tagli, gli altari in roghi e l'ostia incruenta in vittime umane. La strage dei septembriseurs, fatta a nome di un popolo e della filosofia, non fu meno atroce ed iniqua della S.te Barthélemy, fatta a nome di un re e del fanatismo. - La giustizia di un mondo avvenire sarebbe forse compatibile col dogma del libero arbitrio; ma potreste voi giurare che le azioni nostre dipendono effettualmente dal libero arbitrio?",no,V2_new,no,medium
Campanile_Achille,Giovinotti_non_esageriamo,1929,Campanile_Achille-Giovinotti_non_esageriamo-1929.txt,"A un tratto, si notò un certo movimento presso l’entrata; era sopraggiunto un gruppo di persone eccitatissime, che narrarono come i giocatori dell’“Alipeda” fossero stati rinvenuti nei sotterranei dell’Antico Castello legati, imbavagliati e molto ma molto stizziti di trovarsi in quella condizione. Erano stati scoperti, perché due clienti dell’albergo, caduti in un trabocchetto, avevan gettato l’allarme. In conclusione, coloro che giocavano nello Stadio in quel momento, contro la squadra locale, erano né più né meno che i famosi banditi del pallone.",no,V2_new,no,high
Tenca_Carlo,La_Ca_Dei_Cani,1840,Tenca_Carlo-La_Ca_Dei_Cani-1840.txt,"Quando furono sicuri che ogni cosa andava bene, e che il canattiere soffocato sotto il saccone e legato da ogni lato non poteva muovere un dito, e quasi neppur respirare, si portarono all'altro angolo della stanza dov'era legato il cane, e scioltolo, lo condussero con loro avviandosi alla volta della casa. Allorchè uscirono in istrada, l'armajuolo, visto donde veniva il chiarore, fece il segno della croce e disse:
- Oimè! qualche nuova sciagura ci deve toccare.",no,V2_new,no,high
Caracciolo_Enrichetta,Misteri_Del_Chiostro_Napoletano,1864,Caracciolo_Enrichetta-Misteri_Del_Chiostro_Napoletano-1864.txt,"Ora, reverendo mio, io non sono né all'altezza della Divinità, né nella condizione delle belve: amo il mondo, e mi compiaccio nella società dei miei simili. Né credo, d'altronde, che voi stesso abbiate in orrore l'umano consorzio; poiché, se così fosse, non sareste pur voi monaco confesso almeno, se non anacoreta della Tebaide? » «A questi quesiti» disse il canonico, alzandosi e pigliando il cappello, «darò risposta alla prossima nostra conferenza.",no,V2_new,no,high
Dandolo_Milly,Il_figlio_del_mio_dolore,1921,Dandolo_Milly-Il_figlio_del_mio_dolore-1921.txt,Che sapevano essi di ciò ch’ella poteva soffrire? S’accorse finalmente che da lunghe ore stava assorta in questi pensieri e non aveva concluso nulla. Sapeva solo che non sentiva pietà per il cieco nè affetto per la signora.,yes,V2_new,yes,medium
Campanile_Achille,Giovinotti_non_esageriamo,1929,Campanile_Achille-Giovinotti_non_esageriamo-1929.txt,"Ma subito si consola a un pensiero che non manca mai di fargli fare le più matte risate; al pensiero che tutte queste cose straordinarie – le danze pazzesche, i voli elettrici nei luna park spaventosi, le musiche infernali, i business giganteschi, i divorzi pazzotici, le corse vertiginose tra le raggere accecanti dei riflettori, le pistolettate, le sarabande negre –, a causa della strana forma di questo macchinone che nell’universo gira silenziosamente intorno a se stesso, gli americani e le americane le fanno, rispetto a noi, con la testa in giù e le gambe per aria.
* * *
“Fagiolino” disse Salomone, mentre con l’amico usciva l’indomani dall’albergo.
“Salomone.”
“Ancora non riesco ad abituarmi.”
“A che cosa?”
“A camminare con la testa in giù e le gambe per aria.”
È un fatto che chi vive nel vecchio mondo quando viene agli antipodi incontra qualche difficoltà, per dover camminare al contrario di come si cammina da noi; cosa che gli americani fanno con estrema facilità.
“Temo sempre di cadere nel cielo” aggiunse Salomone.
“Anche questa,” disse Fagiolino, dopo una trentina di passi “come tutte le cose, è una questione di abitudine. Io, per esempio, mi sono già abituato a camminare in questo modo e mi pare d’essere un americano e d’aver camminato sempre così.”
Non era vero. Anche lui, pur non confessandolo, si trovava un poco a disagio per dover camminare nella strana maniera.",yes,V2_new,no,high
Butti_Enrico_Annibale,L_incantesimo,1897,Butti_Enrico_Annibale-L_incantesimo-1897.txt,"Aurelio, attonito, la guardò. Ella non aveva mai parlato così. Non aveva mai osato contradirlo.",no,V2_new,no,high
De_Roberto_Federico,L'Imperio,1929,De_Roberto_Federico-L'Imperio-1929.txt,"""Ma doveva dir no!..."" ""Per approvare... io approvo..."" ""Ma doveva dir no, respingere l'ordine del giorno... è di sfiducia, contrario al governo, non ha capito?...""",no,V2_new,no,medium
Dasti_Luigi,La_Capanna_Del_Vaccaro_Vol1,1846,Dasti_Luigi-La_Capanna_Del_Vaccaro_Vol1-1846.txt,"E che ne fu di Mecone? Parla via, presto. - Ah! non me lo chiedete! È un racconto trop-
po brutto.",no,V2_new,no,high
Capuana_Luigi,Il_Marchese_Di_Roccaverdina,1901,Capuana_Luigi-Il_Marchese_Di_Roccaverdina-1901.txt,Ma di uno a cavallo! Avrei dovuto almeno sentire il rumore delle zampe della mula... Tutt'a un tratto!...,no,V2_new,yes,medium
Caracciolo_Enrichetta,Misteri_Del_Chiostro_Napoletano,1864,Caracciolo_Enrichetta-Misteri_Del_Chiostro_Napoletano-1864.txt,Paolo fu sollecito a venir la sera prima dell'usato. Lo interrogai cogli occhi se avesse veduto Domenico. Con un leggero chinar di capo m'accennò di sì.,no,V2_new,no,high
Rovetta_Gerolamo,Ninnoli,1882,Rovetta-Gerolamo_Ninnoli_1882.txt,"Seguì però la barella appena si mosse; la seguì vicin vicino, colla coda tra le gambe e il muso basso; ma giunto alla porta dell'ospedale, quando anche lui voleva entrare dietro al suo padrone, un portantino, stizzito, lo cacciò via con una pedata così forte e così bene aggiustata che lo mandò lontano, a ruzzolar nella neve.

*
* *

Per tutta la notte Quintino nulla seppe di sè: era caduto in un deliquio che faceva scrollare il capo sinistramente agli infermieri del suo riparto. Ma quando la mattina vegnente si destò da quel sonno così grave e si guardò all'ingiro, credette allora di cominciare a vaneggiare: per la prima volta in sua vita gli pareva d'essere un signore. Riposava, ben coperto, in un morbido letto di bucato.",yes,V2_new,yes,medium
Caracciolo_Enrichetta,Misteri_Del_Chiostro_Napoletano,1864,Caracciolo_Enrichetta-Misteri_Del_Chiostro_Napoletano-1864.txt,"M'acconciai con semplicità ed eleganza. Io e Giuseppina vestimmo un abito di velo cerise col sott'abito dello stesso colore: il seno, decentemente scoverto, era guernito d'una collana d'oro, e la chioma formava una pioggia di ricci, distribuiti sull'una e l'altra parte del volto all'uso inglese. Eravamo da circa mezz'ora nella sala del ballo, quando giunse il re.",no,V2_new,no,high
Deledda_Grazia,Stella_d_oriente,1890,Deledda_Grazia-Stella_d_oriente-1890.txt,"Ora Maurizio si domandava con turbamento perché la fanciulla ripiombasse nella tristezza primiera…
Aspettò ansiosamente la notte e nell’ora convenuta scese in giardino, ma cercò e attese invano la fanciulla.
– Oh! – mormorò con dolore, – che significa questo? Mio Dio, che la abbia involontariamente offesa? Ritirossi, ma quasi per due ore rimase alla finestra spiando se Stella scendesse in giardino.
– Nulla… – esclamò ritirandosi.",yes,V2_new,no,high
Negri_Ada,Le_Solitarie,1917,Negri_Ada-Le_Solitarie-1917.txt,"Nell'aria scintillavano tante gemme, tante gemme! E il giardino era lí, suo, quantunque ella fosse cosí povera: suo perché lo potesse trasfigurare a capriccio, secondo la fantasia. Possedeva ella dunque un mondo nel quale il denaro non entrava?
  Ridivenne la principessa Olivia, bellissima reginetta della fiaba seguíta da un corteo di cavalieri.",yes,V2_new,yes,medium
Collodi_Carlo,Macchiette,1880,Collodi_Carlo-Macchiette-1880.txt,"Il creditore ha una debolezza in comune colle donne: vuol’essere corteggiato. Fissato il chiodo in questa teoria, il barone Cinagri decretò di dare ogni mese un’udienza generale a tutti i suoi creditori. X
I l primo giorno d’udienza, l’anticamera del barone era piena stipata di manifattori, venditori, artigiani, sensali e usurai, i quali se ne stavano lì ragionando del più e del meno, e intrattenendosi, a preferenza, a discorrere sul loro tema favorito, sulla gran difficoltà, cioè, di essere pagati, e sulla urgenza che i deputati, alla Camera, si risolvano a votare una buona legge per obbligare i debitori a fare il proprio dovere.",yes,V2_new,no,medium
De_Roberto_Federico,L'Imperio,1929,De_Roberto_Federico-L'Imperio-1929.txt,"Un salotto turco era destinato al fumo: alle mura, trofei di pipe; sui tavolini, scatole di sigari, scatolini di sigarette, recipienti di tabacco per tutti i gusti. La Vanieri accese una sigaretta continuando ad assicurare la riuscita morale e materiale dell'impresa. Nessuno ne dubitava, del resto.",no,V2_new,no,high
Negri_Ada,Le_Solitarie,1917,Negri_Ada-Le_Solitarie-1917.txt,"Vuoi che t'aiuti io?
  Le pose una mano sulla spalla, cercò d'attirarla a sé. Ma ella lo respinse, andò con uno stanco passo legato verso la finestra, senza parlare.
  Sollevò una cortina: dai vetri sporchi il suo sguardo affondò in uno stretto cortile cinto di muraglie altissime, scure, corrose da una lebbra verdastra: un ignobile budello, sul quale si aprivano ballatoi ingombri di luridume, di stracci e di scope. La pioggia s'accaniva inutilmente a lavare quella putredine.
  Se avesse, d'impeto, spalancato i vetri e si fosse buttata giú?",yes,V2_new,yes,medium
Negri_Ada,Le_Solitarie,1917,Negri_Ada-Le_Solitarie-1917.txt,"Maria Ben? Certo al suo cuore. Non vedeva le facce pallide, meravigliate, turbate, che la fissavano.",yes,V2_new,yes,medium
Campanile_Achille,Giovinotti_non_esageriamo,1929,Campanile_Achille-Giovinotti_non_esageriamo-1929.txt,"Ricordo il tempo in cui si vendevano nel biscotto; poi si vendettero in un piattino di cartone. Ora si vendono addirittura con un bicchiere e un cucchiarino. Un compagno di viaggio al quale faccio notare con compiacenza i rapidi progressi di questa industria, mi assicura che, in una stazione da queste parti, si vendono gelati col bicchiere il cucchiarino e una piccola tavola smontabile.",yes,V2_new,no,high
De_Roberto_Federico,L'Imperio,1929,De_Roberto_Federico-L'Imperio-1929.txt,Ma che volevate dicesse?... Riconosce ora che il Paese si è mostrato degno della riforma? E quando ne aveva paura?...,no,V2_new,yes,medium
Collodi_Carlo,Macchiette,1880,Collodi_Carlo-Macchiette-1880.txt,"E queste parole erano accompagnate da una dispettosa scrollatina di spalle. Il povero Paolo, mortificato sul vivo, non sapendo che cosa rispondere, si sfogava a sospirare e a mangiarsi le unghie, nutrimento, è vero, pochissimo sostanzioso, ma abbastanza economico e quasi indecente. VIII
E rano appena trascorsi venti mesi, dal giorno delle nozze, quando una bella mattina, e quasi senza avvedersene, i due colombi cominciarono a sbadigliare…
Male!",yes,V2_new,no,high
Chelli_Gaetano_Carlo,Fabia,1876,Chelli_Gaetano_Carlo-Fabia-1876.txt,"Ed ecco perché ti ho defraudato di una lettera. «Indovini la causa del mio male? «È duro immaginarsi che il tal giorno, alla tal ora, l'essere che si ama si rivedrà; e cercare d'indovinare le prime sue parole di saluto, e pensar pure le nostre, e contare i giorni, le ore, i minuti che ci dividono da quel momento, e poi vedere bruscamente sventati tanti bei calcoli da una lettera che si è aperta, palpitando di speranza!",no,V2_new,no,high
Caracciolo_Enrichetta,Misteri_Del_Chiostro_Napoletano,1864,Caracciolo_Enrichetta-Misteri_Del_Chiostro_Napoletano-1864.txt,"Una mano di ferro m'adunghiò alla gola: credetti di restarne soffogata. L'orologio del vicinato aveva già suonato il tòcco dopo la mezza notte. Richiusi il libro, spensi il lume, e spalancai la finestra in cerca d'aria.",no,V2_new,no,high
Dandolo_Milly,Il_figlio_del_mio_dolore,1921,Dandolo_Milly-Il_figlio_del_mio_dolore-1921.txt,"E ora bisognava che anche sua madre morisse, per non sapere neppure lei, perchè non fosse troppo tardi, per essere sola, per restare sola, lei, Lalage, povera Lalage, sola col suo destino; bisognava che anche la mamma morisse, come era morto papà, perchè Lalage restasse innocente anche nell’anima sua, perchè si trovassero tutti e due nell’altra vita, e si dicessero: «Lalage? Lalage piccola e innocente, sempre...» Sì, bisognava che anche la mamma morisse, perchè Lalage non dovesse, pochi giorni dopo, dirle il suo segreto, vedersela morire, come papà, ma più disperata, colle braccia tese per allontanarla da sè e morire sola...",yes,V2_new,yes,high
Dasti_Luigi,La_Capanna_Del_Vaccaro_Vol1,1846,Dasti_Luigi-La_Capanna_Del_Vaccaro_Vol1-1846.txt,"Lo stato della mia salute non ancor per-
fetto mi obblica a rimanere qui per qualche gior.
""


no ancora. Valmy, che in amicizia ho messo
» a parte del nostro segreto,. t recherà intanto
a questa mia, con cui toru-a giurarti amore, e
» costanza inalterabile perfin che io viva. Col.
】 suo mezzo tornerò a farti avere le mie noti--
ɔ. zie, e ti farò prevenire del giorno, iu cuti
2.
a potremo rivederci.",no,V2_new,no,medium
Carcano_Giulio,Damiano,1850,Carcano_Giulio-Damiano-1850.txt,"Il dì appresso, tornò al suo quadro che aveva prima condotto quasi alla metà, e che rimaneva da un pezzo abbandonato e polveroso in un canto dello studio. Tornò al suo quadro, e promise all'amico che non avrebbe smesso di lavorare finchè non lo vedesse finito. Il termine del concorso era vicino; non aveva più d'un mese di tempo.",no,V2_new,no,high
Butti_Enrico_Annibale,L_incantesimo,1897,Butti_Enrico_Annibale-L_incantesimo-1897.txt,"Pensò: «Ora bisogna discendere, almeno per iscusarmi presso di loro.»
E si mosse. Nel giardino non trovò nessuno: per un'istintiva curiosità, s'inoltrò fin nel mezzo dello spianato; volle riconoscere il luogo preciso dov'eran già le giovinette, tra le due ninfe marmoree, d'avanti al cespo florido d'ortensie; e qui lo ferì un profumo strano e complesso, indefinibile, che non poteva esser quello d'un fiore e gli sollevò il ricordo come d'un vago sentimento lontano. Dov'erano esse?",yes,V2_new,no,high
Capuana_Luigi,Il_Marchese_Di_Roccaverdina,1901,Capuana_Luigi-Il_Marchese_Di_Roccaverdina-1901.txt,"E fece atto di strappare stizzosamente con la mano il chiodo che si sentiva conficcato nella fronte. «Mettetevi a letto; il riposo vi gioverà», soggiunse la marchesa. «Andiamo, andiamo a letto...",no,V2_new,no,high
Barrili_Anton_Giulio,Raggio_Di_Dio,1899,Barrili_Anton_Giulio-Raggio_Di_Dio-1899.txt,"Vuoi sapere? Filippino s'è messo in mente di toccare il cuore a Fior d'oro. Fa l'occhio pio, lui, ch'è una bellezza a vedere.",no,V2_new,yes,medium
Negri_Ada,Le_Solitarie,1917,Negri_Ada-Le_Solitarie-1917.txt,"Giunta in piazza Nord, in luogo di voltare a destra, come sempre faceva, proseguí diritta davanti a sé.
  Dove andava? Non lo sapeva. Davanti a sé.",yes,V2_new,yes,high
Bandi_Giuseppe,Da_Custoza_In_Croazia_Memorie_D_Un_Prigioniero,1866,Bandi_Giuseppe-Da-Custoza-In-Croazia-Memorie-D-Un-Prigioniero-1866.txt,"Passando dinanzi la porta del farmacista, dove il Veneziano si fermò per dare ancora un'occhiata alla sig. Carolina, incontrammo il dottor Franck tutto nelle furie. Aveva il cappello sugli occhi e dava del bastone sulle pietre, come volesse spezzarle.",no,V2_new,no,high
Butti_Enrico_Annibale,L_incantesimo,1897,Butti_Enrico_Annibale-L_incantesimo-1897.txt,"Come staccare gli sguardi da quel fiore? Come concentrare la mente sopra un determinato soggetto? Gli occhi di Flavia, che lo fissavan sempre con un'espressione acuta d'impazienza e d'interrogazione, l'obbligarono a troncare quell'indugio ingiustificabile.",yes,V2_new,yes,medium
Capuana_Luigi,Il_Marchese_Di_Roccaverdina,1901,Capuana_Luigi-Il_Marchese_Di_Roccaverdina-1901.txt,"«Diteglielo, diteglielo a Gesù Cristo. Ci vuole la pioggia, Signore! Ci vuole la pioggia!»",no,V2_new,no,high
Negri_Ada,Le_Solitarie,1917,Negri_Ada-Le_Solitarie-1917.txt,"Tutte croci per i figli di mamma. L'Italia, ora, per lei, non è che un grande camposanto nel quale il suo ragazzo sta sepolto con tanti altri... Perché, perché?..",yes,V2_new,yes,medium
De_Roberto_Federico,L'Imperio,1929,De_Roberto_Federico-L'Imperio-1929.txt,"La terra, con i suoi piani ed i suoi monti, gli appariva come un enorme neoplasma, una mostruosa ipertrofia, una terribile sclerosi; le acque, i rivi, il mare, come un flusso, un catarro, un'iperemia; il fuoco come una febbre. L'alterazione si aggravava con la vita organica. In mezzo agli atomi indolenti, nascevano e crescevano le cellule: da questa superfetazione cominciava la sensibilità, cioè i pungoli, le crispazioni, i brividi, i fremiti, le trafitture, i dolori, gli spasimi.",no,V2_new,no,high
Deledda_Grazia,Stella_d_oriente,1890,Deledda_Grazia-Stella_d_oriente-1890.txt,"E l’osservavano bene tutti; e il vecchio duca di M*** che ricordava i fiori bellissimi e costosi con cui una volta la contessa adornava i suoi salotti, che ora brillavano per la loro assenza - che col fulgore degli occhi di donna Morella profumavano, diceva così lui, i sensi dei suoi visitatori - mormorava sempre fra i denti: – Oh, la vecchiaia… la vecchiaia! Quasi che lui non avesse sempre la gala della sua camicia e il davanti dell’abito nero cosparsi di tabacco!…
Un giovedì però - donna Morella riceveva i giovedì - il duca smise di mormorare e guardò la contessa per vedere se mai fosse tornata giovine: perché il salotto aveva ripreso la sua antica fisionomia, fresca, civettuola, inappuntabilmente elegante e aristocratica. Cambiato ogni oggetto di posto; scomparso tutto il passato di moda, i fiori, la luce, avevano ripreso il loro dominio nel salotto.",yes,V2_new,no,high
Butti_Enrico_Annibale,L_incantesimo,1897,Butti_Enrico_Annibale-L_incantesimo-1897.txt,"Fu un attimo: l'effigie si rivelò. Egli riconobbe il sembiante dell'avola lassù, com'egli lo ricordava, come già gli aveva tenuamente sorriso sul letto di puerizia. I tratti erano bene i suoi; l'espressione era la sua, quella dei momenti teneri e obliosi; lo sguardo, oh, lo sguardo non poteva esser più vivo e più materno, e gli cadeva sopra dall'alto come un ammonimento supremo! ‒ Era lei!",yes,V2_new,yes,medium
Negri_Ada,Le_Solitarie,1917,Negri_Ada-Le_Solitarie-1917.txt,"Gigetta, segaligna e pedante come il nonno, si preparava per la scuola magistrale: entrambi ostentavano la modernità d'atteggiamenti e la sicurezza di giudizi della nuova generazione; e consideravano la madre, passiva e taciturna, dall'alto della loro vacua superiorità. L'orgogliuzzo del pater-familias si compiaceva ugualmente dell'ombra in cui viveva la moglie e dell'ingannevole parvenza d'ingegno pavoneggiante nei figli.
  V'è chi cammina, solo, per deserti. V'è chi naviga, solo, pei mari.",yes,V2_new,no,high
Carcano_Giulio,Damiano,1850,Carcano_Giulio-Damiano-1850.txt,"Non è così?... E lei, senza scrupoli, vestito come è di que' panni, sarebbe capace di tener mano a un negozio di questa sorte?.... - Oh Signore! cosa mi tocca mai di sentire?",no,V2_new,no,medium
Deledda_Grazia,Stella_d_oriente,1890,Deledda_Grazia-Stella_d_oriente-1890.txt,"Ma che colpa in lui, che colpa?… Ahi, gentiluomo davanti al mondo, se aveva, senza volerlo, rapito la prima fidanzata a Ruggero, ora, volendo, non poteva rapirgli la seconda senza commettere una grande infamia! E poi?... Chissà se Stella lo amava ancora! -",yes,V2_new,yes,high
Butti_Enrico_Annibale,L_incantesimo,1897,Butti_Enrico_Annibale-L_incantesimo-1897.txt,"Sarebbe in sèguito bastata la ricchezza a compensarlo di tanta perdita? E avrebbe egli potuto sopportare un'esistenza da parassita gaudente nella casa d'un estraneo? Ahimè, egli non avrebbe durato un mese in una condizione simile: con il suo orgoglio e con la sua ombrosità, in ogni sguardo della moglie o del suocero avrebbe letto un tacito rinfacciamento, un'affermazione di padronanza su di lui, un'intenzione di sindacato su le sue azioni, assolutamente intollerabili.",yes,V2_new,yes,high
Butti_Enrico_Annibale,L_incantesimo,1897,Butti_Enrico_Annibale-L_incantesimo-1897.txt,"Aurelio li riconobbe: erano studenti; era la Giovinezza illusa e irriflessiva, che portava il suo giocondo tributo alla ribellione e, piena di baldanza, credeva di avviarsi alla conquista della Felicità universale! Ma dietro a essa il nembo s'oscurava novamente, e più che non mai dianzi. Il corteo dei dimostranti era finito, e sùbito in coda un secondo corteo incominciava, senza un intervallo, confuso e come riunito con il primo, più torbido, più romoroso e ben più minaccevole di questo: era la caterva infame dei miserabili, degli oziosi, dei vagabondi, dei malviventi, ch'erano accorsi al fragore della sommossa dai vicoli immondi, dalle taverne e dai postriboli, e la seguivano e la secondavano, solleticati da una bieca speranza di rapina e di saccheggio.",yes,V2_new,no,medium
Collodi_Carlo,Macchiette,1880,Collodi_Carlo-Macchiette-1880.txt,"Povera giucchina! Se lei ride di me, anch’io riderò di lei… altro se riderò!… voglio ridere tutta la notte… sì, sì, sì. E quel povero diavolo credeva in buona fede di ridere, e non s’era accorto che invece piangeva, c piangeva come una vite tagliata.",yes,V2_new,yes,medium
Dandolo_Milly,Il_figlio_del_mio_dolore,1921,Dandolo_Milly-Il_figlio_del_mio_dolore-1921.txt,"Aveva fatto tanto male a lei, certo; ma forse era stato meglio così; meglio per lui, certo, e forse anche meglio per lei. Teneva gli occhi chiusi, e si sentiva tornare Lalage docile e mite come una volta, rassegnata alle amare ed umili necessità della vita. Pensava cose vaghe, rassegnatamente, quasi senza soffrire.",yes,V2_new,no,high
Dandolo_Milly,Il_figlio_del_mio_dolore,1921,Dandolo_Milly-Il_figlio_del_mio_dolore-1921.txt,"E un poco anche, più tardi, pietà... Solo questo pensiero, solo questa parola le faceva tremare il cuore. Pietà.",yes,V2_new,yes,medium
De_Marchi_Emilio,Arabella,1893,De_Marchi_Emilio-Arabella-1893.txt,"""O povero me!"" sospirava davanti a questi pensieri, passeggiando su e giù per la ringhiera. Tacevano i giardini e gli orti nella luce smorta.",no,V2_new,no,high
Negri_Ada,Le_Solitarie,1917,Negri_Ada-Le_Solitarie-1917.txt,"Farai poca strada se sei di razza cosí selvaggia: te lo dice Màspero, bambina.
  — Non me ne importa niente. Se ne vada.
  Nella penombra crepuscolare, gli occhi di lei non cessarono di rimanere fissi, puntati verso l'uomo come coltelli, fino a quando egli non ebbe varcata la soglia. Il passo risuonò pesantemente lungo le scale.",no,V2_new,no,high
Negri_Ada,Le_Solitarie,1917,Negri_Ada-Le_Solitarie-1917.txt,"Due lire al giorno, e niente piú. Poiché il cavaliere Agliardi era buono; ma, allora, verso il milleottocentosettanta, le paghe femminili non salivano piú in là. Se ne accontentava, la coraggiosa, pur d'essere sicura del pane.",yes,V2_new,no,high
Butti_Enrico_Annibale,L_incantesimo,1897,Butti_Enrico_Annibale-L_incantesimo-1897.txt,"Egli rimase, trasfigurato in viso dallo stupore, con gli occhi fissi in alto nello spazio, sentendo la gran luce diffondersi dentro di lui, sentendo l'anima inondata e ravvivata da quel caldo getto d'idee, che sgorgava veemente e inatteso come da antiche sorgenti inaridite. Oh, finalmente egli riviveva! Finalmente usciva dalle nebbie del suo tenero sogno e dalle tenebre del suo tragico letargo, e rientrava nella vita, con lo stesso ardore di fede, con gli stessi entusiasmi, con la medesima volontà d'un tempo!",yes,V2_new,yes,high
Campanile_Achille,Giovinotti_non_esageriamo,1929,Campanile_Achille-Giovinotti_non_esageriamo-1929.txt,"Il fatto è che si trattava del matrimonio di due cavalli, che volevano celebrarlo in gran pompa, con la loro carrozza. Da molti anni essi erano attaccati insieme, a quella carrozza, e finalmente avevano deciso di regolare la loro posizione. Cari animali, i cavalli!",yes,V2_new,no,high
Negri_Ada,Le_Solitarie,1917,Negri_Ada-Le_Solitarie-1917.txt,"Ma non era per lei. Perché nessuno e nulla era per lei? Tutti quegli occhi di cose e d'uomini non la guardavano, non la conoscevano.
  Non avvertiva piú affatto il peso del corpo.",yes,V2_new,yes,high
Barrili_Anton_Giulio,Raggio_Di_Dio,1899,Barrili_Anton_Giulio-Raggio_Di_Dio-1899.txt,"Perchè tutta quella gente affollata? Non era in verità da cercare il perchè. Chi ha fretta non si ferma a domandar le ragioni per cui una calca si ferma, intorno ad un piccolo accidente di strada; specie in quartieri abitati dal popolino, così facile a commuoversi per cose da nulla.",no,V2_new,no,medium
Carcano_Giulio,Damiano,1850,Carcano_Giulio-Damiano-1850.txt,"A proposito, l'ho fatta di conio: che dirà la bella contessa, trovandosi col suo nuovo adoratore? Eh! via, in cuore mi ringrazierà, la gentile donnina; ed io pregherò il marchesino di servirla del braccio; è un fior di donna ancora la contessa!... somiglia un pochino a quell'antica mia.... a quella Rosalbina; ten ricordi, Rosso?",no,V2_new,yes,high
Negri_Ada,Le_Solitarie,1917,Negri_Ada-Le_Solitarie-1917.txt,"Ella girava leggerissima fra gli uomini, col vassoio in mano, con un passo d'ombra, la bocca suggellata, lo sguardo spento. Straniera.
  In realtà, viveva due vite. Era sempre stato cosí, sin dall'infanzia.",yes,V2_new,yes,medium
Collodi_Carlo,Macchiette,1880,Collodi_Carlo-Macchiette-1880.txt,"Finito quel tristo racconto, Roboamo, come ho detto di sopra, si rinchiuse nella sua camera, borbottando quelle lugubri parole: «Quando un imbecille non sa vivere, bisogna almeno che sappia morire!»
— Sposarla, mai! — diceva fra sè e sè. — Quanto al pagare una multa di cinquantamila lire, inutile parlarne… Vedermi tradotto dinanzi ai tribunali… peggio che peggio!… Dunque?… Morire!
 
Suicidarsi! si fa presto a dirlo; ma il difficile, per chi non ha veramente voglia di morire, sta nello scegliere il genere della morte. I gusti son tanti!
— La mia scelta è fatta! disse Roboamo.",yes,V2_new,no,high
Deledda_Grazia,Stella_d_oriente,1890,Deledda_Grazia-Stella_d_oriente-1890.txt,"A don Francesco sembrò raffigurare nella bimba una persona da lui conosciuta anni prima: ecco il perché del suo sussulto. La marchesa, appena guardata la piccina, aveva sentito una strana e improvvisa simpatia per essa, quasi il suo sguardo l’avesse ammaliata, e in verità, soltanto la paura di sembrare ridicola agli occhi del marito la ratteneva di baciarla.
– Come ti chiami? – le chiese gentilmente.
– Stella! – rispose la bambina con una voce sottile.
– Bel nome! – fece Don Francesco. – È alla tua mamma che Martino lasciò in custodia quella barca?
– No! Io non ho mamma! – esclamò tristamente Stella.
– Tua sorella?
– Neanche, signore.",no,V2_new,no,high
Butti_Enrico_Annibale,L_incantesimo,1897,Butti_Enrico_Annibale-L_incantesimo-1897.txt,"E l'orologio sonò di nuovo il tempo fuggitivo, sorprendendoli ancora con le mani sovrapposte al cuore della morente, che si sentiva battere folle e disperato quasi lottasse contro un nemico implacabile.
‒ Dorme? ‒ chiese Aurelio, con un fil di voce.
‒ Dorme ‒ rispose Flavia. Si sciolsero, s'allontanarono in punta di piedi, sedettero discosti l'uno dall'altra ai due angoli della vasta camera. Pioveva, pioveva sempre.",no,V2_new,no,high
Deledda_Grazia,Stella_d_oriente,1890,Deledda_Grazia-Stella_d_oriente-1890.txt,"Allora la marchesa le cinse il collo con le sue braccia eburnee e la baciò sulle gote esclamando:
– Grazie, figlia mia, grazie! Ci hai salvata la vita…
Ancora una volta il marchese sussultò. Il destino di Stella fu deciso: avrebbe abbandonato la capanna, la povera vita, e sarebbe andata coi d’Oriente, nella loro villa, come figlia…
Per tutto il resto della notte non si parlò d’altro; la marchesa non si ricordava neppure che Maurizio poteva essere giunto!",yes,V2_new,no,high
Baricelli_Carmela,I_Vinti_Ovvero_Il_Genio_Oppresso,1907,Baricelli_Carmela-I_Vinti_Ovvero_Il_Genio_Oppresso-1907.txt,"Mi inspirerò certo all'armonia rumorosa e intensa di queste cinghie che volano quasi cantando, di questi ingranaggi che stridono, di queste dinamo che gemono nel cedere al lavoro, alla volontà umana la forza potente che esse sprigionano, e che, come il pensiero, vince lo spazio e la materia. Ma tutto ciò deve entrarmi nell'anima intellettiva e creativa come idea inspiratrice, non quale cura per un miserabile pane quotidiano. Ti pare, Bianca?",no,V2_new,no,high
Campanile_Achille,Giovinotti_non_esageriamo,1929,Campanile_Achille-Giovinotti_non_esageriamo-1929.txt,"In verità, era un abuso servirsi di questa macchina municipale per scopi privati. Ma Salomone profittava, per farlo, della sua qualità di sindaco. I due amici si fecero scarrozzare per le vie di Pontesullago, mentre i paesani, per non esser bagnati, saltavano qua e là come grilli.",no,V2_new,no,high
Carcano_Giulio,Damiano,1850,Carcano_Giulio-Damiano-1850.txt,"E dopo ch'ebbe pregato, intinto il pollice nell'olio santo, unse in forma di croce gli occhi, gli orecchi, la bocca, le mani, e i piedi del vecchio, invocando, ad ogni volta, che la misericordia del Signore vi cancellasse la traccia del peccato, e facesse degna quell'anima cristiana dell'eterna sua destinazione. Poi seguiva dicendo: ""Riguarda, o Signore! Tu che hai pietoso affetto per la tua creatura, inchina l'orecchio alle nostre orazioni; mira placato il tuo servo che giace affaticato dalla malattia; tu lo visita nella tua salute!",no,V2_new,no,high
Butti_Enrico_Annibale,L_incantesimo,1897,Butti_Enrico_Annibale-L_incantesimo-1897.txt,"Il dado era gittato. Ogni ansietà non aveva più ragion d'essere: Aurelio si sentiva calmo, sereno, quasi indifferente, pronto a sopportare qualunque più fiero colpo.",yes,V2_new,no,medium
De_Roberto_Federico,L'Imperio,1929,De_Roberto_Federico-L'Imperio-1929.txt,"Dall'alto, nel silenzio profondo, il mondo gli pareva un semplice aspetto, una scena dietro alla quale non c'era nulla. Come tutte le cose tacevano, non sparivano anche al suo sguardo, non si dissolvevano nella chiarità del cielo? E contemplandolo con gli occhi intenti ed ardenti, tutto si cancellava infatti, tutto si disperdeva; ma quando egli credeva di vedere il vuoto ed il nulla restava la sua veggente coscienza.",no,V2_new,yes,high
Campanile_Achille,Giovinotti_non_esageriamo,1929,Campanile_Achille-Giovinotti_non_esageriamo-1929.txt,"Nelle prime ore del pomeriggio è deserto e silenzioso; tutti sono ritornati nelle tenebrose pensioni e non se ne sa nulla fino alle diciotto. Forse si dorme, o si legge, o si scrivono lettere ai mariti. La sera, dopo cena, dalle finestre aperte e illuminate vengono suoni di pianoforti e cori di bambini, che s’incontrano nell’aria e s’intrecciano da una casa all’altra; le lampade elettriche brillano tra le foglie impolverate degli alberi, dove qualche cicala, tratta in inganno, continua a stridere e non capisce com’è che non si fa mai notte.",no,V2_new,no,high
Collodi_Carlo,Macchiette,1880,Collodi_Carlo-Macchiette-1880.txt,"Allora infilò la porta, e salì le scale in punta di piedi. Caso curioso! Nel momento medesimo che Jacopo entrava in casa della signora Bita, quel buon figliolo d’Armando usciva da un magazzino di gioielleria, dove aveva comprato un bellissimo braccialetto, per regalarlo alla moglie, ricorrendo appunto in quel giorno il terzo anniversario delle loro nozze avventurate.",yes,V2_new,no,high
Negri_Ada,Le_Solitarie,1917,Negri_Ada-Le_Solitarie-1917.txt,"Erano i primi che guadagnava, a prezzo d'un'umiliazione scottante, ma meritata. Ne avrebbe dovuto guadagnare ancóra, tanti, a stento, vincendo la nausea, per vivere, per conquistarsi il diritto di stare al mondo, insegnando cose sciocche alle quali non credeva. (Chi le poteva assicurare, provare, che due e due fanno proprio quattro?)
  Gli studî cosí faticosamente condotti a scopo di libertà, non sarebbero riusciti che a farne un'operaia, una serva di diverso genere: della scuola, del metodo, della memoria; ma nient'altro che un'operaia: nient'altro che una serva.
  L'altro volto, dallo specchio posto sul cassettone, le chiedeva: «Chi vorresti diventare tu dunque?»
  Pallido, con dure mascelle, larghe narici, larga e tumida bocca, archi cigliari di superba nettezza su occhi fosforici d'un'intensità quasi ostile, l'altro volto, col quale ella teneva spesso strani colloqui, le apparve in quel momento come di persona conosciuta in un'altra vita. Ma di tal vita non le rimanevano nei centri nervosi che fuggevoli baleni, ombre improvvise, frammenti di sensazioni.
  «Complimenti, signorina» sogghignò. «Avete incominciato molto bene.»
  Oh, avrebbe esposta la pelle a ben altre lividure.",yes,V2_new,yes,high
Emiliani_Giudici_Paolo,Beppe_Arpia,1851,Emiliani_Giudici_Paolo-Beppe_Arpia-1851.txt,Un ti rammenti quando faceva l'inglese a Borgognissanti? E tutti dicevano: «Come recita bene quel coso lí». In fine vedrò.,no,V2_new,no,high
Deledda_Grazia,Stella_d_oriente,1890,Deledda_Grazia-Stella_d_oriente-1890.txt,"Del resto sarà felicissima quando la porterò a Napoli, ove la sua bellezza brillerà moltissimo fra il lusso con cui la circonderò.
… E in quella notte egli veniva sotto la finestra della povera fanciulla, ad incominciare l’opera sua maledetta, a stimatizzare la quale occorrerebbe una penna di fuoco. Maria vedeva dunque! Lo vedeva attraverso i vetri della sua finestra, e sentiva il cuore, le tempia batterle fortemente, quasi percosse da un martello rovente: si strinse il capo fra le mani e chiudendo gli occhi cadde in una sedia.",yes,V2_new,yes,high
Negri_Ada,Le_Solitarie,1917,Negri_Ada-Le_Solitarie-1917.txt,"Povere creature di mamma! Tutti belli e cari ad un modo, tutti esposti all'ira di Dio delle tormente e degli acquazzoni, con le gambe nella neve o nel fango fino alle ginocchia... Ah, se le madri fossero al governo!",yes,V2_new,no,high
Butti_Enrico_Annibale,L_incantesimo,1897,Butti_Enrico_Annibale-L_incantesimo-1897.txt,"Il Duomo, avvolto dai raggi, era bianco e fantastico come una di quelle montagne di ghiaccio che navigano nei mari polari. Milano di nuovo s'assopiva, nel silenzio. L'aria commossa odorava d'aperta campagna.
«Ritorna, ritorna presto!» disse una voce sommessa nel cuore del giovine. «Ritorna, ritorna presto!» Il saluto di Flavia ricantò in lui, accorso dagli orizzonti delle sue memorie in quell'ora di supremo accasciamento. ‒ Dov'era dunque Flavia?",yes,V2_new,no,high
Deledda_Grazia,Stella_d_oriente,1890,Deledda_Grazia-Stella_d_oriente-1890.txt,"Ecco perché ho pianto.
– Oh, madre mia!… – esclamò Stella lasciando il ritratto che portò nel suo salotto! Lo baciava ogni notte prima di coricarsi e ciò per due ragioni: primo perché lo considerava come il ritratto di sua madre: secondo perché dipinto da Maurizio, come Maurizio baciava sempre un altro ritratto, piccolissimo, appeso vicino al suo letto, perché ritraeva Stella, e la cornice di peluche viola a ricami d’oro era stato eseguito da lei!…
– Giovani! Giovani! – aveva esclamato Ninnia.",no,V2_new,no,high
Collodi_Carlo,Macchiette,1880,Collodi_Carlo-Macchiette-1880.txt,"Volete sapere qual’è la vera malattia di mia nipote? ve lo dirò io: la malattia d’Amelia è… suo marito.
— Maurizio?
— Lui solo! il vostro grandissimo amico! Fra marito e moglie c’è troppa disparità di nascita, di sentimenti, d’educazione. Amelia, come sapete benissimo, appartiene al fiore della nostra aristocrazia: mentre Maurizio chi è?",yes,V2_new,no,high
Bandi_Giuseppe,Da_Custoza_In_Croazia_Memorie_D_Un_Prigioniero,1866,Bandi_Giuseppe-Da-Custoza-In-Croazia-Memorie-D-Un-Prigioniero-1866.txt,"Il nostro dialogo venne troncato dal capitano Jackim che ci recava come S. M. l'Imperatore avesse aderito alla convenzione di Ginevra che dichiara neutri ed inviolabili i medici ed infermieri degli eserciti, ed ordinasse la immediata liberazione di quanti fra costoro si trovassero prigioni. Ci volevano delle busse belle e buone perchè questa umana e filantropica idea penetrasse le pareti della zucca imperiale. È vero il proverbio, che le disgrazie insegnano ad essere pietosi.",yes,V2_new,no,high
Negri_Ada,Le_Solitarie,1917,Negri_Ada-Le_Solitarie-1917.txt,"Non ha mai avuto il tempo di piangere, nella vita: null'altro ha potuto, null'altro può che tacere, curvarsi, lavorare.
  La sua faccia di un giallo avorio, intorno alla quale ha annodato, in segno di lutto, un fazzoletto nero, rassomiglia, china cosí sulla lana e sui ferri, a certe facce di vecchie Madonne che cullano sulle ginocchia Gesú Cristo morto.
  Dove glielo avranno messo, il suo figliuolo? Chi sa se sulla fossa avranno posto una croce, sia pur rozza, che ne segni il posto? Quante, quante.",yes,V2_new,yes,medium
Collodi_Carlo,Macchiette,1880,Collodi_Carlo-Macchiette-1880.txt,"Appena riebbe l’uso della parola, domandò alla moglie chi fosse mai quella fata benefica, che aveva fatto piovere tanta grazia di Dio nella sua povera soffitta. Virginia, come è naturale, volle essere pregata e ripregata, intramezzando la scena con mille graziose moine: alla fine, si lasciò vincere, e raccontò al marito come qualmente avesse azzeccato due numeri all’ultima estrazione.
— Provvidenza benedetta! — disse Paolo, alzando gli occhi al cielo, in atto di rendimento di grazie. Oh! i mariti!",yes,V2_new,no,high
Butti_Enrico_Annibale,L_incantesimo,1897,Butti_Enrico_Annibale-L_incantesimo-1897.txt,"Non ho fame.
‒ Sempre così! ‒ esclamò la portinaja, scrollando il capo, guardandolo con occhi impietositi. ‒ Se io potessi darle qualche consiglio.... Il giovine sorrise blandamente.
‒ Proverò ad uscire, ‒ egli annunziò dopo una pausa, poi ch'ella non sapeva dire altro e continuava a fissarlo con peritanza. ‒ Chi sa? un po' di moto mi farà bene. Fatemi lume,",no,V2_new,no,high
Bersezio_Vittorio,La_Testa_Della_Vipera,1896,Bersezio_Vittorio-La_Testa_Della_Vipera-1896.txt,"I due cognati sarebbero così partiti alla mattina della domenica per tornare alla sera del lunedì. Al sabato vi fu, fra Lograve e il servo Battista, un segreto, importante colloquio. - Caro mio, cominciò il primo, è venuto il momento in cui io posso, e sta in te ch'io voglia, mantenere le mie promesse, ed effettuare i tuoi più cari desiderî. - Come sarebbe a dire? domandò Battista coll'aria diplomatica d'uomo che si dispone a difendere con pertinacia e senza discrezione i suoi interessi. - Sarebbe a dire che per isposare la Lisa e vivere felice, non hai che da volerlo. - Altro che lo voglio!...",no,V2_new,no,high
Butti_Enrico_Annibale,L_incantesimo,1897,Butti_Enrico_Annibale-L_incantesimo-1897.txt,"Chi le opprime il respiro? Chi bisbiglia, chi si muove, chi fugge intorno a lei?... ‒ Passano alcuni minuti in cui ella lotta in vano contro la nebbia che le offusca il cervello; in cui cerca inutilmente di coordinare i suoi pensieri, di rendersi conto delle sensazioni inesplicabili ond'è sorpresa.... Finalmente con uno sforzo enorme, solleva un poco il capo e si guarda in giro, smarrita.
È l'alba.
È la fredda livida alba che succede alla benigna notte lunare.
È la realità che succede al Sogno.
È la luce nemica e beffarda che fuga trionfando la coorte delle Tenebre e sembra disperdere con queste l'incanto breve che esse hanno tramato.",yes,V2_new,yes,medium
Bersezio_Vittorio,La_Testa_Della_Vipera,1896,Bersezio_Vittorio-La_Testa_Della_Vipera-1896.txt,"Matilde sollevò vivamente la testa, e fissò su di lui il suo sguardo limpido e penetrante. - Che cosa dici? Emilio fu sollecito a riprendere la sua maschera d'indifferenza. - Nulla... Che Alberto è un uomo felice, e che se lo merita... e che tu hai avuto ragione a preferirlo... a tutti gli altri.",no,V2_new,no,high
Campanile_Achille,Giovinotti_non_esageriamo,1929,Campanile_Achille-Giovinotti_non_esageriamo-1929.txt,"Presto, presto, ché le mogli attendono col pranzo. Ma che c’è lassù? Cielo!",yes,V2_new,no,medium
Emiliani_Giudici_Paolo,Beppe_Arpia,1851,Emiliani_Giudici_Paolo-Beppe_Arpia-1851.txt,"Cosa v'è seguito? - chiese Beppe rizzandosi come vide la disperazione dipinta sulle pallide sembianze del calzolaio. - La senta, oggi gli è venerdí; tra mezz'ora chiudono, e non vi sarà piú rimedio. - Chi chiudono? - I prenditori del lotto. La s'assicuri, me li dette proprio un amico, che da tanti mesi corre sempre dreto al Padre Ambrogino, e finalmente glie l'ha cavati; glie l'ha dati proprio lui colla sua bocca senza sutterfugi: 8, 17, 51; la veda che numeri! E questa volta non isgarrano.",no,V2_new,no,high
Deledda_Grazia,Stella_d_oriente,1890,Deledda_Grazia-Stella_d_oriente-1890.txt,"Nel collo di Stella la cameriera aveva visto un grande medaglione d’oro col ritratto di una donna: levatoselo prima di entrare nel bagno la piccina se lo aveva rimesso dopo, baciando religiosamente, traverso il vetro, il ritrattino. Finita la toeletta, cosa davvero strana, Stella non si trovò punto impacciata; camminò dritta con le scarpine, e baciò così gentilmente la mano di donna Anna che le parve figlia…
– La marchesina Stella d’Oriente Santo Stefano! – esclamò infatti donna Anna nel presentare la bimba abbigliata a don Francesco ed a Maurizio.",yes,V2_new,no,high
Butti_Enrico_Annibale,L_incantesimo,1897,Butti_Enrico_Annibale-L_incantesimo-1897.txt,"Mi rattristo e mi annojo. Vorrei, dovrei mettermi presto al lavoro...
‒ Povero Aurelio! Capisco!",no,V2_new,no,high
Carcano_Giulio,Damiano,1850,Carcano_Giulio-Damiano-1850.txt,"L'insofferenza di sè, l'incertezza d'una vocazione, la noja della fatica che avvelena le dolcezze dello studio e turba i nostri anni migliori, anche lo sdegno dell'opinione e dei fatti altrui, tutte le tempeste d'un cuor giovine e piagato, furono sopite in lui da quel giorno. Il sentimento dell'impotenza, il rossore e la cupa rassegnazione della povertà avevano ceduto il luogo a forti, leali affetti; l'avvenire gli prometteva consolazioni e premio; ed egli ricominciò con gioja a vivere. Il dolore del padre perduto durò nel cuor suo; ed egli tenne quasi un sacro tesoro; fu quel dolore utile e giusto che insegna, non a disperare, ma a combattere.",no,V2_new,yes,medium
Negri_Ada,Le_Solitarie,1917,Negri_Ada-Le_Solitarie-1917.txt,"E ingoiava in fretta il dolce per scappare al pianoforte e ne strappava tempeste di accordi.
  Era certissima, oh, sí, che suo padre e sua madre non avrebbero mai fatto divorzio. Ne sapeva anche il perché: essi non avevano avuto il pudore di nasconderlo. Quel perché la opprimeva come un rimorso, movendole quasi a colpa il fatto d'essere nata.
  — È per te, per te, mia bambina – le mormorava il padre, accarezzandole i capelli.
  — È per te, per te, mia bambina – singhiozzava piú tardi la madre, serrandola al petto.
  Forse non era vero.",yes,V2_new,yes,high
Baricelli_Carmela,I_Vinti_Ovvero_Il_Genio_Oppresso,1907,Baricelli_Carmela-I_Vinti_Ovvero_Il_Genio_Oppresso-1907.txt,"E colui che amo, lo sai, è un grande scienziato, ed ha, per il mondo, meriti ben più grandi di quelli del cuore, che il mondo non cura. Eppure a tali meriti io non accennai neppure! L'amo perchè è buono; e lo vedessi domani, in fondo d'ogni rovina, io l'amerei ancor più perchè infelice.»",no,V2_new,yes,medium
Campanile_Achille,Giovinotti_non_esageriamo,1929,Campanile_Achille-Giovinotti_non_esageriamo-1929.txt,"Quale bisogna li sprona? La più strana delle bisogne: andarsi a stendere al sole. Ecco il paese dei pianoforti mattinieri e dei giuochi di società, delle zanzare e delle lotterie; ecco il regno delle signorine, che qui splendono in tutto il fulgore della loro beltà e del loro spirito.",yes,V2_new,no,medium
Dandolo_Milly,Il_figlio_del_mio_dolore,1921,Dandolo_Milly-Il_figlio_del_mio_dolore-1921.txt,A pochi passi o in un altro mondo? Lalage si domandò con affanno se avrebbe portato con sè per molto tempo ancora quel senso penoso di ritorno; se avrebbe dovuto portare con sè tutta la vita quel senso penoso d’essere tornata troppo tardi. Tutta la vita!,yes,V2_new,no,high
Butti_Enrico_Annibale,L_incantesimo,1897,Butti_Enrico_Annibale-L_incantesimo-1897.txt,"In basso, d'avanti alla porta, un enorme carrozzone giallo attendeva, intorno al quale una torma di facchini s'affaccendava silenziosa, mentre altri uscivano di continuo dalla casa con qualche mobile su le spalle. Aurelio guardava triste quello spettacolo intenso, quella smania febbrile di mutamento e di lavoro che agitava la grande città senza una tregua, dal mattino fino alla notte. A che si affannavano codesti uomini laggiù?",yes,V2_new,yes,high
Deledda_Grazia,Stella_d_oriente,1890,Deledda_Grazia-Stella_d_oriente-1890.txt,"Cercò un nome nella sua fantasia, un nome bellissimo, ma non ne ritrovò alcuno che le piacesse, benché quella strana ricerca durasse quasi mezz’ora… A un tratto trasalì: le era venuto in quel momento per uno di quei misteriosi lavorii della mente che apportano pensieri affatto estranei a ciò che volontariamente si pensa, il ricordo di una sua sorellina, morta molti anni prima, che si chiamava Francesca Stella!… Ma fu un lampo, e Maria non ne fece caso.
– Ma chi è costui? – seguitò, riprendendo il filo dei suoi pensieri. – Mio Dio, mio Dio, mi pare impazzire! E tu chi sei Dio?… Oh, colui che amo, lo sento, è il mio Dio della terra. Ma che pazzie!… Il suo Dio!",yes,V2_new,yes,high
Caccianiga_Antonio,Il_Bacio_Della_Contessa_Savina,1888,Caccianiga_Antonio-Il_Bacio_Della_Contessa_Savina-1888.txt,La natura umana è fatta così; e non sono io che l'ho fatta!... La morte soltanto distrugge ogni speranza d'amore... e forse nemmeno la morte la distrugge interamente. L'amore appartiene alla tribù degli antropofagi... che si mangiano fra di loro.,no,V2_new,no,high
Collodi_Carlo,Macchiette,1880,Collodi_Carlo-Macchiette-1880.txt,"Ricordatevi che i poeti raramente dicono la verità, forse per la gran ragione che la verità è prosa, e molte volte, cattiva prosa. Guardatemi il Petrarca! Non ha forse scritto un canzioniere intero per celebrare la verginità di madonna Laura, fortunatissima madre di una mezza dozzina di figlioli?",yes,V2_new,no,high
De_Amicis_Edmondo,Cuore,1886,De_Amicis_Edmondo-Cuore-1886.txt,"Imparano facilmente, suonano con passione. Quando il maestro dice a uno che non ha disposizione alla musica, quegli ne prova un grande dolore, ma si mette a studiare disperatamente. Ah!",no,V2_new,no,high
Baricelli_Carmela,I_Vinti_Ovvero_Il_Genio_Oppresso,1907,Baricelli_Carmela-I_Vinti_Ovvero_Il_Genio_Oppresso-1907.txt,"Si fermarono anche nello spianato intorno alla banda che suonava, com'è uso in molte città, in dati giorni: nessuno si avvicinò alla carrozza a far complimenti al poeta; qualcuno si appressò, ma parlò ben d'altro. Silenzio perfetto! Armida cominciava a stizzirsi, non comprendendo quel vuoto, quel mutismo che si faceva intorno all'avvenimento artistico, più saliente della cronaca di quella settimana; finalmente, comparve Andrea, l'amico più caro di Valerio, e, si vociferava, anche di Bianca.",no,V2_new,yes,medium
Deledda_Grazia,Stella_d_oriente,1890,Deledda_Grazia-Stella_d_oriente-1890.txt,"Agli ultimi di estate, come ogni anno, andarono alla Mambrilla. Donna Anna notava in Stella uno strano cambiamento: non più misteriosamente triste come prima, dalla sua fronte era sparita la ruga per lasciare il posto ad un dolcissimo sorriso che accresceva la sua bellezza. Troppo fina osservatrice per non accorgersi di quel cambiamento e… della sua causa,",yes,V2_new,no,medium
Capuana_Luigi,Il_Marchese_Di_Roccaverdina,1901,Capuana_Luigi-Il_Marchese_Di_Roccaverdina-1901.txt,"«Ho fatto molto male a voi e me; ora lo comprendo. E... se fosse possibile...» «Ormai!», ella rispose con una leggera mossa delle spalle.",no,V2_new,no,high
Butti_Enrico_Annibale,L_incantesimo,1897,Butti_Enrico_Annibale-L_incantesimo-1897.txt,"E quel giorno era vicino; e ogni ora inerte, anzi ogni attimo, che il suo cuore pulsando annunziava perduto, lo approssimava di più! Che fare adunque? Che tentare?",yes,V2_new,yes,high
Dandolo_Milly,Il_figlio_del_mio_dolore,1921,Dandolo_Milly-Il_figlio_del_mio_dolore-1921.txt,"Bisognava, un giorno, partire; non si resta a Venezia, fra i petali morti delle glicine e degli oleandri rosa; ma anche laggiù, tra i pioppi spogli tormentati dal vento del Po, chi può restare? Bisognava, un giorno, partire; tornare forse nella città lontana dov’era nata, in una piccola casa, sopra l’ombra umida d’un giardino devastato e abbandonato; tornare Lalage irreale e silenziosa, dagli occhi lunghi e dalle mani svogliate. Che cos’era, ormai, il suo cammino nella vita?",yes,V2_new,no,medium
Butti_Enrico_Annibale,L_incantesimo,1897,Butti_Enrico_Annibale-L_incantesimo-1897.txt,"La minuscola spoglia, abbandonata dal destino in quel luogo deserto, attrasse l'attenzione del giovine. Egli pensò, osservandola, alla fragilità di tutti gli organismi viventi, all'inutilità d'ogni esistenza, al potere formidabile della Morte, che nessuno risparmia, che ogni essere indifferentemente colpisce. Contava egli nell'armonia dell'universo più di quella semplice creatura inconscia, che il piede d'un fanciullo era bastato ad arrestare d'un tratto nel suo cammino e a distruggere?",yes,V2_new,no,high
De_Marchi_Emilio,Arabella,1893,De_Marchi_Emilio-Arabella-1893.txt,"Il sonno ha tradito anche me..."" A questa voce che la compassionava, come se in lei si spezzasse un edificio di ghiaccio che l'aveva sorretta nella sua rigida lotta contro gli uomini, nella debolezza in cui è sempre la coscienza mescolata alle ombre dei sogni, Arabella fu presa da un tal delirio di pianto, che una bambina schiacciata dalle ruote di un carro non avrebbe potuto gridare di più. Quel gran mucchio di mali, che da otto mesi era andato accumulandosi a fuscellini, divampava in una fiammata.",no,V2_new,no,high
Butti_Enrico_Annibale,L_incantesimo,1897,Butti_Enrico_Annibale-L_incantesimo-1897.txt,"E incominciava già a intenerirsi su la propria sorte sventurata, a spargere anche qualche lacrima per amaro conforto delle sue diuturne sofferenze. Aurelio intanto, con gli occhi bassi su la mensa, senz'ascoltare quel fiotto intempestivo di rimproveri, meditava in preda a un sordo turbamento su le conseguenze possibili d'una siffatta vicinanza. ‒ C'eran dunque due giovini donne tra i nuovi arrivati al palazzo? Le avrebbe egli conosciute?",no,V2_new,yes,high
Capuana_Luigi,Il_Marchese_Di_Roccaverdina,1901,Capuana_Luigi-Il_Marchese_Di_Roccaverdina-1901.txt,"Non è solo nel pensare così... E se ha ragione lui?». Il marchese non si era mai occupato di quelle intricate questioni, come non si era mai occupato di politica, di amministrazione comunale, né di tante altre cose che non lo riguardavano da vicino.",no,V2_new,yes,medium
Deledda_Grazia,Stella_d_oriente,1890,Deledda_Grazia-Stella_d_oriente-1890.txt,"Senza cuore, senza ideale, sarai il nostro flagello. Una mano sfiorò la sua spalla agitata dai singhiozzi: credette fosse sua madre e balzò ritto arrossendo. Ma no.",yes,V2_new,no,high
Chelli_Gaetano_Carlo,Fabia,1876,Chelli_Gaetano_Carlo-Fabia-1876.txt,"È quello di un uomo che la stima e può esserle nonno. Io troncherei un amore, il quale non si alimenta ora di alcun vantaggio ed è privo affatto di speranze per l'avvenire. Continuare nello stato attuale di cose è impossibile.",no,V2_new,yes,medium
Emiliani_Giudici_Paolo,Beppe_Arpia,1851,Emiliani_Giudici_Paolo-Beppe_Arpia-1851.txt,"III  Dal quarto d'ora di colloquio fra Ignazio e Beppe si sarà potuto intendere che l'uno era andato in casa dell'altro per concludere un matrimonio tra Babbiolino e la figliuola della marchesa. La marchesa Eleonora, nata dall'antichissima famiglia Boria di Milano, alla quale fu ceppo uno de' tirannelli delle città Lombarde, era stata, da bambina, rinchiusa ed educata in un convento come un fiore dentro una stufa; ed era da marito allorquando il marchese Pomposi, che andava a caccia d'una ricca dote, fu da' parenti della fanciulla condotto in quel vivaio di nobili ragazze. Dopo d'averla veduta una sola volta, chiamandosene contento e satisfatto, il negozio fu concluso nella guisa stessa che un dilettante di cavalli va in Maremma e ne sceglie uno dal branco: compratore e venditore stabiliscono il prezzo senza che l'innocente animale ne sappia nulla.",no,V2_new,no,high
Cagna_Achille_Giovanni,Un_Bel_Sogno,1871,Cagna_Achille_Giovanni-Un_Bel_Sogno-1871.txt,"Da qualche tempo egli lavorava alla composizione di una fantasia nella quale stillava tutta la sua feconda inspirazione. Buona parte ne era fatta, ma la riuscita non corrispondeva mai alle esigenze dell'artista. Passava ore intiere alla ricerca di una frase, diremo di più, ogni nota era l'oggetto di un paziente esame, ne provava tutte le vibrazioni, ne analizzava l'accento modulandola in mille guise finchè l'aveva collocata al suo vero posto - Era un lavoro lunghissimo, un raffinamento squisito del genio, un ricamo della fantasia.",no,V2_new,no,medium
De_Roberto_Federico,L'Imperio,1929,De_Roberto_Federico-L'Imperio-1929.txt,"avanzò un'altra seggiola per Consalvo e cominciò ad apparecchiare per lui: gli onorevoli non s'erano ancora seduti, che un signore s'appressò a salutarli. ""Il commendatore Gorla"" presentò Grimaldi. Consalvo che sperava di restar solo con l'amico Sonnino e col grand'uomo, s'aggrottò.",no,V2_new,yes,medium
Butti_Enrico_Annibale,L_incantesimo,1897,Butti_Enrico_Annibale-L_incantesimo-1897.txt,"Avrebbe potuto leggere su le loro facce il sentimento che li occupava! In vece, da quel posto, non gli era dato nè di vederli nè d'ascoltarli! Egli, anche sporgendo il capo in avanti, non riusciva a scorgere se non le loro mani, così prossime che parevan toccarsi, così mobili nella comune bisogna, che tal volta egli non sapeva distinguere le une dalle altre!...",yes,V2_new,yes,high
Deledda_Grazia,Stella_d_oriente,1890,Deledda_Grazia-Stella_d_oriente-1890.txt,"Chissà!… Una mattina, mentre usciva dalla messa, vestita d’un abito nuovo, elegantissimo, con l’ombrellino di seta e i guanti ricamati, aveva sentito un giovine, esclamare:
– Pare una duchessa! – e in quel giorno, spinta dalla novità ingenua di tutte le fanciulle che sanno di esser belle, si esaminò, tra seria e sorridente, mutamente nello specchio, e si accorse, forse per la prima volta, che la sua taglia elegante e aristocratica, il suo piede, la sua mano, parevano di duchessa, - che i suoi occhi potevano, col loro fulgore, immergersi in aurei sogni di ricchezze e nobiltà. Nella notte sognò di trovarsi in una magnifica sala, fra un lusso il più smodato, chiamata signora duchessa; - e l’indomani, rimettendosi al lavoro, mormorò:
– Oh, finirà, finirà!… Una voce segreta me lo assicura… finirà. Abbiamo lavorato anche troppo!",yes,V2_new,no,medium
Emiliani_Giudici_Paolo,Beppe_Arpia,1851,Emiliani_Giudici_Paolo-Beppe_Arpia-1851.txt,per far compita la festa; e sarei cascato dalla padella nella brage». Stette rinchiuso un paio d'ore. I due galantuomini intanto andavano interrogando i diversi marinai per sapere chi fosse quel tale; e tutti altro non rispondevano se non che gli era un prete che andava per le missioni.,yes,V2_new,no,high
Cantoni_Alberto,L'Illustrissimo,1906,Cantoni_Alberto-L'Illustrissimo-1906.txt,"Fu un momento solo, ma bastò perchè egli assolvesse poi sempre tutti quei poveri operai e quei poverissimi contadini, i quali, condannati ad avere intorno delle donne maleducate che abusano della loro lingua per cavarsi la voglia di metterli a cimento, non istanno tanto a ragionare, e picchiano. - Non hai da leticare con altri, Giovannona, che te la pigli anche col Milanese? - prese qui a dire Nunziata, che aveva adocchiato dal finestrino il nuovo litigio ed era venuta fuori espressamente per interporsi. - Pensa alle lenzuola, che è meglio, e voi andate da Piero, che è ora. Ditegli che l'acqua della polenta è già su che bolle. Galeazzo tentennò un pochino, come combattuto dalla smania di rispondere pur qualche cosa, e dalla paura, rispondendo, di trasmodare troppo, finchè, a battaglia vinta, si volse verso la porta canticchiando a denti stretti, mentre Giovannona alzava la cresta anche contro la madre, e le diceva sgarbatamente: - Cosa c'entrate voi nei miei interessi?",no,V2_new,no,high
Barbieri_Ulisse,In_Basso,1885,Barbieri_Ulisse-In_Basso-1885.txt,"Prima però d'abbandonarsi a quei cinque minuti d'una vera irruzione di parole che gli uscivano dalle labbra vive e scoppiettanti come un fuoco d'artificio e che erano veri raggi di luce pel cuore del nostro innamorato, il quale le accoglieva con dei gridi di gioia, il monello si era permesso qualche saltellamento sulla sua poltrona favorita ed aveva voluto darsi una certa importanza premettendo che voleva essere ascoltato colla più grave delle serietà. Aveva insomma voluto tenere un po' sulle spine il povero Arturo, con certi artifici che egli doveva aver imparati, scimiottandoli, da qualche giocoliere di piazza, i quali sanno così bene girare intorno a quello che devono dire, arte anche quella che serve meravigliosamente ad attirare l'attenzione della folla, alla quale, per essere creduti, bisogna sempre far capire meno che si può. Ai cinque minuti.... successero però altri cinque, agli altri cinque altri dieci, e le cose che raccontava Peppe, benchè a modo suo.... erano tali.... e tanto interessanti, che Arturo lo lasciava cantare a sua voglia.",no,V2_new,no,medium
Baratono_Pierangelo,Bob_E_Il_Suo_Metodo,1914,Baratono_Pierangelo-Bob_E_Il_Suo_Metodo-1914.txt,"Badi: non mi garba neanche di ricevere umiliazioni dai colleghi. Il direttore, si capisce, ha il diritto di comandare. Ma gli altri! ",no,V2_new,no,high
De_Roberto_Federico,L'Imperio,1929,De_Roberto_Federico-L'Imperio-1929.txt,"L'abolizione della proprietà!..."". Qualcuno giudicava fin anche che l'oratore era stato troppo blando, che aveva assunto un tono troppo concessivo; s'era servito, sì, dell'ironia, e stava bene; ma sarebbe stato anche necessario bollare con parole di fuoco l'opera dei perturbatori. ""Gli operai sono brava gente, rassegnata al loro destino: infami sono coloro che li seducono, che li pervertono...""",no,V2_new,no,high
Caracciolo_Enrichetta,Misteri_Del_Chiostro_Napoletano,1864,Caracciolo_Enrichetta-Misteri_Del_Chiostro_Napoletano-1864.txt,"A tenore di quel barbaro codice, la donna, se accasata, era pugnalata o strangolata nel proprio letto; se nubile era condannata alla perpetua morte civile della reclusione monastica, oppure tolta di vita col veleno. Né l'intera penisola poteva offrire qualche scampo a colui, sul capo del quale caduti fossero i sospetti dell'inquisizione domestica. La mano del sicario, armata di stile traditore, l'avrebbe seguito in Roma, in Firenze, in Milano, perfino sul più libero suolo di Venezia: l'avrebbe ritrovato nel fondo del più remoto convento, l'avrebbe trafitto a' piedi dell'altare medesimo; ed era tanto imperiosa questa sete di arbitraria reintegrazione, la era siffattamente incarnata ne' pregiudizi del secolo, che più d'un cardinale pose il pugnale nella mano dell'assassino, più d'un pontefice diè libero sfogo alle vendette de' suoi nipoti.",no,V2_new,no,high
Chelli_Gaetano_Carlo,Fabia,1876,Chelli_Gaetano_Carlo-Fabia-1876.txt,"XXXVI  «Eugenio, mezz'ora fa, ha chiesto di fissare il matrimonio, e tutto è stabilito pel carnevale. Ma non so qual nuova fantasia abbia preso l'Adele. Se puoi, passa da me in giornata: ho da parlarti.»",no,V2_new,no,high
Caracciolo_Enrichetta,Misteri_Del_Chiostro_Napoletano,1864,Caracciolo_Enrichetta-Misteri_Del_Chiostro_Napoletano-1864.txt,"Un tremito generale s'impossessò delle mie membra, e divenni livida al par di cadavere. La prima ad alzarsi fu la duchessa Corigliano. Compressi la mano sul cuore, mi levai a stento, e baciai quella vecchia zia, che mi disse lagrimando: «È questo l'ultimo nostro bacio...",no,V2_new,no,high
De_Roberto_Federico,L'Imperio,1929,De_Roberto_Federico-L'Imperio-1929.txt,"Al posto del ministro, avrebbe egli accettato come moneta di buona lega quelle proteste di amicizia e quelle dimostrazioni di compiacimento? Mazzarini, invece, era raggiante, la gioia gli si leggeva negli occhi come a un bambino. Oltre che ingenuo, quel contegno non era anche di cattivo gusto?...",no,V2_new,yes,high
Viola_Ferretti_Emilia,A_quarantacinque_anni,1874,Viola_Ferretti_Emilia-A_quarantacinque_anni-1874.txt,"Sentiva che le voleva bene più di ogni cosa al mondo come glielo aveva detto; sentiva che dopo una lunga austera esistenza, dopo molti anni di lavoro e privazioni, stringeva finalmente fra le braccia l’ideale realizzato delle sue aspirazioni giovanili, l’essere sconosciuto, ignorato, ma desiderato sempre; sentiva colmato il vuoto della sua esistenza. Dei grossi goccioloni pendevano alla sua fronte. Lui, quel vecchio signore là dentro in quello specchio, lui a quarantacinque anni padre di famiglia.... si mise a ridere. – Era un ghigno, non un riso. – La contessa indietreggiò spaventata e lui non la trattenne.",yes,V2_new,no,high
Butti_Enrico_Annibale,L_incantesimo,1897,Butti_Enrico_Annibale-L_incantesimo-1897.txt,"Non bastavan forse le loro due vite per animare tutto il creato? ‒ Certo, Aurelio aveva avuto in quel breve lasso di tempo la ferma persuasione d'un'assoluta solitudine intorno a loro, il sentimento netto e definitivo della loro sufficienza in un'assoluta solitudine. E, inconscio e risoluto, provando il bisogno imperioso d'unirsi all'altra creatura superstite d'un mondo inutile e distrutto, di sentirla, di mescolarsi perdutamente con lei, aveva posata la sua su la gracile mano femminile che, spontanea al contatto, s'era rivolta, quasi per offerirsi tutta quanta al suo desiderio.",yes,V2_new,yes,medium
Deledda_Grazia,Stella_d_oriente,1890,Deledda_Grazia-Stella_d_oriente-1890.txt,"Maurizio ritornò in Basilicata e ritrovò la bambina nella sua capanna, coi capelli nuovamente arruffati, i piedi nudi e l’abito lacerato. Pescava! Maurizio, figuratevi, la sgridò ben bene, ma intanto una bizzarra idea, gli passava nella mente: rimanere anch’ei là, fra l’acqua d’argento, il cielo di zeffiro e i cespugli di smeraldo, menando la vita di Stella, che gli disse, dandogli come sempre del tu:
– Ma senti, mi hai rinchiuso in prigione ed io mi sentivo morire.",yes,V2_new,no,high
Capuana_Luigi,Il_Marchese_Di_Roccaverdina,1901,Capuana_Luigi-Il_Marchese_Di_Roccaverdina-1901.txt,"Ma quelle vigne ch'egli sapeva cariche di piccoli grappoli che tra qualche mese si sarebbero ingrossati e anneriti o ambrati sotto il benefico calore del sole; ma quegli uliveti che, avuta una felicissima fioritura, erano già onusti di frutti inverdicanti lietamente per la maturazione, non gli producevano, quel giorno, nessuna impressione di gioia; quasi vigne ed uliveti non avessero poi dovuto dar lavoro alle macine, agli strettoi, ai pigiatoi, e riempire i coppi e le botti. Perché questo scorato presentimento? Non sapeva spiegarselo.",yes,V2_new,yes,high
Chelli_Gaetano_Carlo,Fabia,1876,Chelli_Gaetano_Carlo-Fabia-1876.txt,"Però da vari giorni i loro colloquii erano diventati meno frequenti e più brevi. Nel salotto dell'attrice, il diffondersi capriccioso delle note produce un'armonia piena di voluttà dolce e profonda. Le mani scorrono veloci sulla tastiera, e dalla gola della cantatrice errompono i gorgheggi di un usignuolo.",no,V2_new,no,high
Campanile_Achille,Giovinotti_non_esageriamo,1929,Campanile_Achille-Giovinotti_non_esageriamo-1929.txt,"Salomone e Fagiolino avevano fatto appena in tempo a saltare a terra. Ma che era quel gruppo di gente alla stazione? Forse i due reduci erano aspettati dai concittadini, che volevan linciare il traditore?",yes,V2_new,yes,medium
Barbieri_Ulisse,In_Basso,1885,Barbieri_Ulisse-In_Basso-1885.txt,"- È sempre giù?... -  aveva chiesto il bandito alla vecchia. Quella capanna doveva dunque nascondere la bocca d'un sotterraneo, una di quelle grotte, che dovevano aver servito spesso a Gennaraccio per sparirvi colle sue bande raccogliticce, ogni qual volta prendeva il largo per fare qualche colpo fuori di città.",no,V2_new,no,high
Butti_Enrico_Annibale,L_incantesimo,1897,Butti_Enrico_Annibale-L_incantesimo-1897.txt,"T'amo troppo, Flavia, per esigere da te un sacrifizio di questo genere: se tu credi di potermi lasciare senza grande dolore, io mi rassegnerò, m'eclisserò, andrò lontano e, t'accerto, non sentirai mai più parlare di me in vita. Vuoi che ti consigli, come un amico, come un fratello?...",no,V2_new,no,high
Negri_Ada,Le_Solitarie,1917,Negri_Ada-Le_Solitarie-1917.txt,"Chi non mi vuole non mi merita. Vi raccomando il bambino. È cosí intelligente che potrà aiutarvi in portineria, per le piccole commissioni. Fategli dire tutte le sere un'avemaria per l'Italia e pel papà...»
  L'Italia?",yes,V2_new,yes,medium
Negri_Ada,Le_Solitarie,1917,Negri_Ada-Le_Solitarie-1917.txt,"Non lo sapeva. Chiuse nella logora borsetta appesa al polso, teneva le centocinquanta lire dell'ultima mesata, ricevute quel giorno. E andava.
  Il tramonto, avvolgendola di vampate snervanti, smoriva nel primo sbocciare delle lampade elettriche.",yes,V2_new,no,medium
Cagna_Achille_Giovanni,Un_Bel_Sogno,1871,Cagna_Achille_Giovanni-Un_Bel_Sogno-1871.txt,"""Io saluto con tutta l'anima la malinconia del tuo sguardo. - Via quell'eterno sorriso ingenuo, che rivela una completa ignoranza della vita: la mestizia dello sguardo è un sorriso del cuore, e gli angeli sono rappresentati dai grandi artisti in atteggiamento malinconico. ""Benedetta le mille volte l'aura dei tristi pensieri che cancella dalle vergini fronti l'ingenuità di fanciulla per lasciarvi l'espressione della donna. Io guardo i tuoi occhi così ben disegnati, la mossa graziosa della cara testolina, le linee purissime della tua fronte, e trovo ovunque un senso di poesia che non so esprimere, ma di cui assaporo tutta la voluttà.",no,V2_new,no,medium
Dandolo_Milly,Il_figlio_del_mio_dolore,1921,Dandolo_Milly-Il_figlio_del_mio_dolore-1921.txt,"Bisogna confessare quando si ha peccato; confessare umilmente e domandare perdono. Non è difficile, non è duro, ai morti. Che importa tutto, infine?",yes,V2_new,no,high
Caracciolo_Enrichetta,Misteri_Del_Chiostro_Napoletano,1864,Caracciolo_Enrichetta-Misteri_Del_Chiostro_Napoletano-1864.txt,"Reclamai alla badessa, acciocché quel mostro di barbarie avesse tutt'altro incarico, meno quello di assistere alle inferme. Non fui ascoltata. Havvi in Napoli un numero esorbitante di dame e di damigelle, residenti nei differenti monasteri, conservatorii e ritiri della città: oserei dire esservi pochissime famiglie, che non abbiano uno o più membri del sesso debole depositati, come oggetti di manomorta, in que' ricettacoli delle domestiche superfluità.",no,V2_new,no,high
De_Marchi_Emilio,Arabella,1893,De_Marchi_Emilio-Arabella-1893.txt,"Coi gomiti appoggiati alla scrivania, strinse nelle mani la testa che mandava vampe di fuoco, mentre un brivido le corse per tutto il corpo, le parve che tornasse la febbre terribile dei primi giorni. Lasciò passare una lunga visione di mali, come un ingenuo che giunto alla riva di un gran fiume si ferma ad aspettare che l'acqua passi tutta, prima di tentare il guado. Quando la prima tempesta fu alquanto sedata, trovò che in fondo al suo cuore non c'era soltanto del dolore...",no,V2_new,no,high
Negri_Ada,Le_Solitarie,1917,Negri_Ada-Le_Solitarie-1917.txt,"O l'avevano distrutto con le loro stesse mani, chi sa da quanti anni? E chi erano? Falso, o vero, il nome da loro scritto nei registri degli innumerevoli alberghi dove per qualche giorno, o qualche mese, il loro piede nomade s'arrestava?
  Ma Cyna Ward gettò la Guida, accavallò le gambe, e disse a bruciapelo, con la sua vocetta squillante di campanello elettrico:
  — Mesdames, ne nous embêtons donc pas!",yes,V2_new,yes,high
De_Amicis_Edmondo,Cuore,1886,De_Amicis_Edmondo-Cuore-1886.txt,"Guardava intorno a sé, pensieroso, i passeggieri, il bastimento, i marinai che passavan correndo, e il mare inquieto. Avea l'aspetto d'un ragazzo uscito di fresco da una grande disgrazia di famiglia: il viso d'un fanciullo, l'espressione d'un uomo. Poco dopo la partenza, uno dei marinai del bastimento, un italiano, coi capelli grigi, comparve a prua conducendo per mano una ragazzina, e fermatosi davanti al piccolo siciliano, gli disse: - Eccoti una compagna di viaggio, Mario.",no,V2_new,no,high
Collodi_Carlo,Macchiette,1880,Collodi_Carlo-Macchiette-1880.txt,"Non sapendosi spiegare questo cambiamento improvviso, la madre di Vittorina bisbigliò a fior di labbro: «Si vede proprio che il sonno porta fortuna, e che ha ragione il proverbio, che dice: Fortuna e dormi!»
Quanta semplicità e quanto candore in queste parole!…
 
Il concerto ebbe luogo. Il concorso fu sceltissimo, ma poco numeroso.",yes,V2_new,no,high
Negri_Ada,Le_Solitarie,1917,Negri_Ada-Le_Solitarie-1917.txt,"Tutti lavoratori. E un pugno di terra in ogni bocca inutile.
  Feliciana, dimenticata in un angolo, colla fronte di marmo giallognolo china sul petto, ascoltava, in silenzio, avvilita. Anche la sua era una bocca inutile.",yes,V2_new,no,medium
Butti_Enrico_Annibale,L_incantesimo,1897,Butti_Enrico_Annibale-L_incantesimo-1897.txt,"Che conforto avrebbe egli potuto trarre anche dalla speranza d'essere amato da lei? Ohimè, nell'ora presente, nessun conforto, nessuno! Altre cure, e più gravi, assai più gravi, occupavano omai tutto il suo spirito: altri dubbii, altri pensieri, altri sentimenti.",yes,V2_new,yes,high
Chelli_Gaetano_Carlo,Fabia,1876,Chelli_Gaetano_Carlo-Fabia-1876.txt,"Ma di affanni, appena confidati all'origliere, non ti parlerò punto. Devi essere contento: ti ho esaudito, alla fine! Sono diventata una donna proprio a modo, senza smancerie, né calori di testa o gelosie.",no,V2_new,no,high
Bandi_Giuseppe,Da_Custoza_In_Croazia_Memorie_D_Un_Prigioniero,1866,Bandi_Giuseppe-Da-Custoza-In-Croazia-Memorie-D-Un-Prigioniero-1866.txt,"Giunti che fummo presso la farmacia, il dottore sollevando improvvisamente la cortina di tela che era tesa sulla porta, scuoprì ai nostri occhi il mio luogotenente Veneziano, seduto amorosamente sopra un sofà colla figlia dello speziale. Era una importuna levata di sipario per que' poveri giovani, stretti mano con mano, e tutti assorti in un pissi pissi così intimo e misterioso che pareva si fossero conosciuti da un anno. Si alzò ridendo strepitosamente l'amico a questa brusca sorpresa; mentre la signorina rimase seduta senza scomporsi, e fissando con due occhi pieni di dispetto il maligno interruttore, esclamò con un sorriso sardonico  -  Sempre galante e caritatevole il Sig.",no,V2_new,no,high
Castelnuovo_Enrico,Il_Fallo_Di_Una_Donna_Onesta,1897,Castelnuovo_Enrico-Il_Fallo_Di_Una_Donna_Onesta-1897.txt,"Quella donna perversa è capacissima di tendergli insidie anche costì. Non è di quelle che si sposino e non credo ch'ella aspiri a tanto, nè temo che Guido si lasci indurre a uno sproposito di quella fatta; comunque sia, non sono tranquilla. Mi occorre che qualcheduno vegli sul mio figliuolo, lo assista di savi consigli, lo conforti di quella benevolenza di cui egli, grande e grosso qual'è, ha bisogno come un fanciullo.",no,V2_new,no,high
Campanile_Achille,Giovinotti_non_esageriamo,1929,Campanile_Achille-Giovinotti_non_esageriamo-1929.txt,"Troppo tardi egli s’accorse d’aver commesso un’imprudenza, palesando un indizio che poteva facilitare la caccia ai banditi; ma non ebbe tempo di ripararla: in quel momento s’era udita una scampanellata .1 Tutti si guardarono in faccia stupiti. Chi poteva essere a un’ora così avanzata? Poiché Luca, o della Vocazione, era già a letto, a un cenno del barone Campanella, l’indiano nascosto nella stiva, che aveva voluto mangiare accoccolato sotto la tavola, uscì fuori e disse, con una certa difficoltà, a causa del pugnale fra i denti:
“Vado a vedere”.",yes,V2_new,no,high
Dandolo_Milly,Il_figlio_del_mio_dolore,1921,Dandolo_Milly-Il_figlio_del_mio_dolore-1921.txt,"S’era scelta una cameretta al secondo piano, con due finestre a ponente: il tramonto la incendiava ogni giorno, e le notti vi restavano calde, afose: ma a Lalage piaceva quel calore. Qualche volta piangeva, la sera, convulsamente, per pochi momenti.
«... In quale gorgo dovrò immergere le mie mani, la mia vita, tutto me stesso, per dimenticare il gorgo dei tuoi capelli!»
Sentiva le piccole mani bianche passare fra i suoi capelli, si stringeva le mani sui capelli, per trattenere e prolungare quella carezza.",no,V2_new,no,high
Barbieri_Ulisse,In_Basso,1885,Barbieri_Ulisse-In_Basso-1885.txt,"La cacciava via dicendo a sè stesso che, in fin de' conti, c'era entrato anche lui nell'affare, e che il dovere.... era dovere; ma non c'era verso.... quel pensiero ritornava più insistente. Eppure l'aveva vinta tante volte l'inopportunità del sentimento, con un'alzata di spalle. Alla fine, anche questa volta la scrollata gliela diede, e colla più forte delle risoluzioni.",no,V2_new,no,medium
Deledda_Grazia,Stella_d_oriente,1890,Deledda_Grazia-Stella_d_oriente-1890.txt,"La sua famiglia ormai più nessuno la ricordava… sarebbe stata dunque accettata, qualora il posto fosse ancora vacante. Ma se fosse occupato?… - Tentare non nuoce, e venuta l’idea,",yes,V2_new,yes,medium
Chelli_Gaetano_Carlo,Fabia,1876,Chelli_Gaetano_Carlo-Fabia-1876.txt,"VII  Fabia ed Eugenio salirono sulla stessa carrozza. Il primo trovarsi insieme di due persone di sesso diverso è consacrato ad un ricambio d'indagini. Si vuole studiare dai tratti del viso, dagli sguardi, dalla voce, dalla parola e dai modi, l'intimo carattere di chi ci sta dinanzi; vorrebbesi scoprire pregi e difetti della nuova conoscenza; quasi presentire la natura delle relazioni che si avranno con esso lei, e l'influenza, buona o cattiva, che potrà esercitare sul nostro avvenire.",no,V2_new,no,high
Caracciolo_Enrichetta,Misteri_Del_Chiostro_Napoletano,1864,Caracciolo_Enrichetta-Misteri_Del_Chiostro_Napoletano-1864.txt,"A tal fine non rifiniva d'importunarmi, sostenendo che dovessi allontanare Gaetanella, e riprender lei. Gaetanella dall'altra parte, e con più ragione, pretendeva che non dovessi più ricever la matta nella mia stanza. E quando io le diceva: «Ma, non vedi che la sventurata è pazza?»",no,V2_new,no,high
Bandi_Giuseppe,Da_Custoza_In_Croazia_Memorie_D_Un_Prigioniero,1866,Bandi_Giuseppe-Da-Custoza-In-Croazia-Memorie-D-Un-Prigioniero-1866.txt,"Infatti si rammenta mai in Italia il nome croato senza appiccargli dietro le belle qualità di sucido, di ladro, di barbaro ed altre simili gioje? Quanto c'inganniamo! Quanto sovente si disprezzano popoli intieri per odio di governi, ed istituti per odio di uomini!",yes,V2_new,no,medium
De_Roberto_Federico,L'Imperio,1929,De_Roberto_Federico-L'Imperio-1929.txt,"Ella citava le parole degli antichi discorsi, le frasi dei giornali, le date, con una precisione di memoria alla quale i suoi compagni di redazione sapevano di potersi affidare; e a poco a poco tutti gli altri tacquero... ella sola restò a perorare. ""Diciamo pure che l'è un sacrifissio sull'altar della Patria... che l'è 'l trionfo della coerenza... disomm quel che volemm... Hin tutt compagn; sono tutti gli stessi, infatti!...""",yes,V2_new,no,high
Capuana_Luigi,Il_Marchese_Di_Roccaverdina,1901,Capuana_Luigi-Il_Marchese_Di_Roccaverdina-1901.txt,"Oggi imbottiamo il vino bianco... Poco, ma tutto d'uva sceltissima.» «Attenderò di assaggiarlo a suo tempo!»",no,V2_new,no,medium
Bandi_Giuseppe,Da_Custoza_In_Croazia_Memorie_D_Un_Prigioniero,1866,Bandi_Giuseppe-Da-Custoza-In-Croazia-Memorie-D-Un-Prigioniero-1866.txt,"Ci accolse, come dissi, l'ospital vedova sulla soglia e condottici nel tinello volle ci ristorassimo alquanto, mentre dava assetto alle camere, e mandava certa sua bionda e paffuta servigiale a far provvista per la cena. Avemmo tre camere nettissime, com'è costume del paese, e le occupammo coppia per coppia; rimanendo io coll'amico Veneziano, il quale fra le sue tante virtù aveva anche quella di farmi l'interpetre e tenermi così in comunicazione coi viventi. Che avrei fatto senz'esso?",yes,V2_new,yes,high
Cantoni_Alberto,L'Illustrissimo,1906,Cantoni_Alberto-L'Illustrissimo-1906.txt,"Ma perchè scrivere, allora? perchè ridire con voce minore ciò che altri ha detto con maggior voce? esser ombra e non persona?",no,V2_new,yes,medium
Emiliani_Giudici_Paolo,Beppe_Arpia,1851,Emiliani_Giudici_Paolo-Beppe_Arpia-1851.txt,E Ignazio seguitava: - In due ore si aggiusta mezzo mondo; principia a disporre. Animo! - Bene! Prenderò con me quanto piú potrò portare di contanti. - Pigliane quanti tu vuoi: da qualche banchiere in Livorno ci procureremo delle cambiali; ne conosco tanti. - E Babbiolino?,no,V2_new,no,high
Baratono_Pierangelo,Bob_E_Il_Suo_Metodo,1914,Baratono_Pierangelo-Bob_E_Il_Suo_Metodo-1914.txt,"Ben presto, di comune accordo, s'addentrarono nel capitolo delle reciproche confessioni. Lei era stata perseguitata dal destino, aveva sposato un uomo, che non capiva le sfumature del sentimento, un essere, come dire?, privo di poesia. Lui, poi, si trovava solo nel mondo, senza amicizie nè conforti morali.",yes,V2_new,yes,medium
Caracciolo_Enrichetta,Misteri_Del_Chiostro_Napoletano,1864,Caracciolo_Enrichetta-Misteri_Del_Chiostro_Napoletano-1864.txt,"Frattanto il canonico non sapeva darsi pace di questo mio passo, e cercava d'infiacchire la poesia delle mie speranze con tutti i colpi che in sua disposizione mettevano lo scetticismo della logica ed il cinismo della professione. Non mancò peraltro di lagnarsi coll'abbadessa delle sciocche persecuzioni a me fatte soffrire dalle monache, dicendole in conclusione: «La mia penitente è donna di fermo carattere, sebbene di poche parole. Siate certa che se si prefigge di uscire ne uscirà!»",no,V2_new,no,high
De_Marchi_Emilio,Arabella,1893,De_Marchi_Emilio-Arabella-1893.txt,"La neve, fioccando nello spazio aperto, aveva già coperto il pavimento presso il candeliere in cui la candela benedetta, ridotta agli estremi, sbrodolava da tutte le parti. Collocato il lume sopra uno stipo, andò a chiudere in fretta i vetri e accostò con una certa furia le due imposte di legno, non osservando nel venir via che una di queste, respinta dal contraccolpo e dall'elasticità stessa del legno, tornò a poco a poco a lasciare un vetro scoperto, in modo che un curioso avrebbe potuto, supponiamo il caso, da una finestra del cortile spiare comodamente nella stanza. Evitando, per un senso di rispetto, di guardare in faccia alla morta, trasse di tasca un mazzo di piccole chiavi e cominciò ad aprire il vecchio scrigno di mogano, di un bello stile napoleonico, ornato di massiccie borchie di bronzo dorato, nel quale la cugina custodiva gelosamente le gioie della sua giovinezza e le sue carte più preziose.",no,V2_new,no,high
Butti_Enrico_Annibale,L_incantesimo,1897,Butti_Enrico_Annibale-L_incantesimo-1897.txt,"Il tempo si precipita nel nulla inavvertito, sopra la loro letargica voluttà. Quanti istanti ha battuto il palpito dei loro cuori? Quante ore son passate?",yes,V2_new,yes,medium
De_Boni_Filippo,L_Inquisizione_E_I_Calabro_Valdesi,1859,De_Boni-Filippo_L-Inquisizione-E-I-Calabro-Valdesi_1859.txt,"Eretici di diverso nome e d'origini diverse, sebbene talvolta non formino che una cosa sola, Catari, Poverelli, seguaci del Libero Spirito,",no,V2_new,no,high
Butti_Enrico_Annibale,L_incantesimo,1897,Butti_Enrico_Annibale-L_incantesimo-1897.txt,"Io sarò sorda e muta per essi: ecco tutto. E, chi sa? Forse così potrò ancora esser felice, ‒ ella soggiunse con un debole sorriso.
‒ Io glie lo auguro di tutto cuore, signorina.",no,V2_new,no,high
Capuana_Luigi,Il_Marchese_Di_Roccaverdina,1901,Capuana_Luigi-Il_Marchese_Di_Roccaverdina-1901.txt,"E per mostrare alla marchesa che egli non era uomo da lasciarsi dominare da un'ubbia, il giorno dopo, sul punto di partire per Margitello, le diceva: «Dovreste ordinare una piccola livrea per quel ragazzo; calzoni e giacchettina di panno scuro, filettati di giallo, colore dei Roccaverdina, con berretto gallonato». «Oh!» «Al tempo del nonno, i nostri servitori dovevano vestire così.",no,V2_new,no,high
Negri_Ada,Le_Solitarie,1917,Negri_Ada-Le_Solitarie-1917.txt,"Ella se n'era sentita spoglia, s'era trovata priva d'ogni difesa morale, nella viltà d'una vita simile ad un budello cieco.
  E s'era detta: basta.
  Basta, della sudicia casa dove sempre, rientrando, ella aveva ritrovato lo stesso puzzo di soffritto, di cuoiame e di detriti di gatto, gli stessi visi conosciuti in ogni grinza, le stesse voci note in ogni inflessione, lo stesso basto, la stessa nausea.
  Eran pure, quei volti e quelle voci, di suo padre e di sua madre. L'amavano pure, costoro, a proprio modo: con gretto, incosciente egoismo, ma l'amavano; pensando: noi t'abbiamo fatta, e tu aiutaci adesso, e vivi per noi.
  Perché dunque ella voleva sfuggire alla legge, che era legge comune di vita? Accadeva dell'anima sua come della carne viva d'una spalla costretta per supplizio a sfregarne incessantemente un'altra: si piagava, mandava sangue e marcia, minacciando la cancrena.
  Ma non aveva mai trovato un uomo che volesse sposarla?",yes,V2_new,yes,high
Butti_Enrico_Annibale,L_incantesimo,1897,Butti_Enrico_Annibale-L_incantesimo-1897.txt,"Aveva forse fatto male Flavia, raccontando tutto? ‒ No, in verità: nè male nè bene. E perchè dunque, provava egli contro di lei una specie di dispetto? perchè involontariamente, nell'animo suo, ne la rimproverava?
«Son donne entrambe,» egli pensò; «tra loro s'intendono. Certo, la mamma vedrebbe volontieri ch'io m'inamorassi della signorina; e.... certo quell'altra conosce le mie idee, pe' suoi colloqui con la mamma.",yes,V2_new,no,high
Baricelli_Carmela,I_Vinti_Ovvero_Il_Genio_Oppresso,1907,Baricelli_Carmela-I_Vinti_Ovvero_Il_Genio_Oppresso-1907.txt,"Vostro padre, fra titoli e contanti, possedeva circa duecentomila lire; centomila dei quali erano sempre a disposizione del nostro commercio; se ci fossero ancora, voi, Valerio, non avreste quegli occhi cerchiati di nero, quella faccia pallida e quel colore pavonazzo che pare vi conduca sulla strada di Staglieno 1. Vostra sorella, non sarebbe non meno di voi sofferente e pallida; in venti mesi, dalla disgrazia in poi, so io quel che avete fatto, e quel che fate, e tutto ciò dinota le angustie economiche contro le quali lottate invano; esse vi stringono, vi opprimono da ogni parte. Sono ritorte terribili, io le comprendo, e più vi movete per liberarvene e più esse vi tirano il nodo scorsoio alla gola.",no,V2_new,no,medium
Deledda_Grazia,Stella_d_oriente,1890,Deledda_Grazia-Stella_d_oriente-1890.txt,"La luce della lampada impallidiva soavemente, mandando sprazzi rossigni che lambivano l’ambiente come immense foglie di geraneo, per poi rientrare nel cerchio della luce bianca della lampada, sotto il coperchio di pizzo crema ondeggiante, - ma Stella non si muoveva, gli occhi immersi in quella strana pagina. Leggeva, meditava o dormiva?…
Non dormiva certo, perché ad un tratto alzò vivamente il capo, e i suoi occhi si animarono; qualcuno bussava alla porta che dava nella biblioteca. Si alzò e chiesto chi fosse, la vocina tremula e bassa di Ninnia, rispose: – Sono io! – Allora Stella aprì e le domandò con stupore: – Che cosa volete?…
– Io… nulla, ma c’è un mendico che chiede parlarvi forse per domandarvi la limosina… – Al che Stella spalancò gli occhi pensando.
– Oh, la povera Ninnia, deve esser sonnambula!
– Dov’è questo strano mendico notturno? – aggiunse sorridendo.
– Volete riceverlo, – soggiunse?
– Sì! – rispose Stella.",yes,V2_new,yes,high
Campanile_Achille,Giovinotti_non_esageriamo,1929,Campanile_Achille-Giovinotti_non_esageriamo-1929.txt,"Salomone non aveva sonno. Spalancò la finestra e s’affacciò.
* * * Era una notte di luna piena e dalla finestra, aperta in cima alla diruta scarpata del castello, si vedeva il mare tranquillo, coi suoi lampeggiamenti argentei, e s’udiva l’ossessionante frangersi regolare delle piccole onde sugli scogli.",no,V2_new,no,high
Bandi_Giuseppe,Da_Custoza_In_Croazia_Memorie_D_Un_Prigioniero,1866,Bandi_Giuseppe-Da-Custoza-In-Croazia-Memorie-D-Un-Prigioniero-1866.txt,"Comunque siasi, non si seppe o non si volle spendere Garibaldi per quanto valeva. Venticinque mila volontarj armati di schizzetti da fanciulli, vestiti ed equipaggiati con stento e lesineria, vennero agglomerati in una valle angusta di fronte ai primi tiratori di Europa, dove formarono una massa inutile e quasi inerte. E quando a furia di fatiche e di costanza riuscirono ad aprirsi un varco tra i malagevoli baluardi delle Alpi, fu detto loro: fermatevi e indietro!",yes,V2_new,no,high
Campanile_Achille,Giovinotti_non_esageriamo,1929,Campanile_Achille-Giovinotti_non_esageriamo-1929.txt,"Andiamo a cercare gli altri.”
Le sale vicine erano deserte e luminose. I nostri amici girarono per tutto l’appartamento che, sotto la luce delle lampade elettriche, era vuoto e silenzioso: aprirono con cautela tutte le porte e non lasciarono nessuna stanza inesplorata. I loro passi risonavano sul pavimento, suscitando quell’eco che parla d’abbandono.",no,V2_new,no,high
Campanile_Achille,Giovinotti_non_esageriamo,1929,Campanile_Achille-Giovinotti_non_esageriamo-1929.txt,"Il pareggio era raggiunto. Ma, ahimè, i rapidi successi fecero perder la testa agl’inesperti giocatori di provincia. Da questo momento si vide il giuoco nettamente dominato dagli americani, che lo tennero di continuo nel campo avverso.",yes,V2_new,no,high
De_Roberto_Federico,L'Imperio,1929,De_Roberto_Federico-L'Imperio-1929.txt,Corpo!... Che faccia!... Che polmoni!...,no,V2_new,yes,medium
Deledda_Grazia,Stella_d_oriente,1890,Deledda_Grazia-Stella_d_oriente-1890.txt,"V
Partita da Anglona Stella si chiedeva dove sarebbe andata, che avrebbe fatto. – A Napoli? No, no, no!… – E si domandava con spavento se non operava sotto un influsso di sonnambulismo, perché ciò che le avveniva pareva un’avventura da romanzo e da romanzo francese, perché infine era una cosa disgustosissima, anormale, la fuga che eseguiva, essa, fanciulla, beneducata, quasi figlia di famiglia. Che importava la sua infanzia romanzesca, selvaggia, trascorsa fra la libertà dei campi e del fiume, e la sua fuga da collegio?",yes,V2_new,yes,high
Negri_Ada,Le_Solitarie,1917,Negri_Ada-Le_Solitarie-1917.txt,"In quei tempi non si parlava ancóra di cooperative operaie, di sindacati e di scioperi. Ed ella riusciva, in letizia, a bastar con quel denaro a se stessa ed ai figli, che, dopo la scuola, le venivan sorvegliati da una vicina. A se stessa?… Oh!… Una ciotola di pane e latte a mezzogiorno, una minestra o una fetta di polenta alla sera….",yes,V2_new,yes,medium
Rovetta_Gerolamo,Ninnoli,1882,Rovetta-Gerolamo_Ninnoli_1882.txt,"Ghegola non sarebbe mai, ad ogni costo, il soldato di un re. Peuh!... E agli avventori del Caffè del Duomo, dov'egli adesso consumava il suo tempo, sdottoreggiando di politica, ripeteva sempre, a proposito e a sproposito dei re, e senza mai stancarsi, il noto epigramma

Che cosa è re?...",yes,V2_new,no,medium
Deledda_Grazia,Stella_d_oriente,1890,Deledda_Grazia-Stella_d_oriente-1890.txt,"La contessa si mise a piangere e baciando la fronte di Stella mormorò: – Tu sì, tu sì, che meriti di essere felice!…
Stella sorrise amaramente. Poteva accadere ciò, ma per allora la fanciulla sentiva di non esserlo niente affatto! VIII
Ritorniamo alla Mambrilla. -",yes,V2_new,no,high
Carcano_Giulio,Damiano,1850,Carcano_Giulio-Damiano-1850.txt,"che m'importa a me? Tanto meglio! io per me, quel ch'ho nel cuore l'ho sulla lingua; la mia franca ragione l'ho detta sempre, in viso a tutti.",no,V2_new,yes,medium
Campanile_Achille,Giovinotti_non_esageriamo,1929,Campanile_Achille-Giovinotti_non_esageriamo-1929.txt,"Niente. Eppure, quel corsivo quando uno meno se l’aspetta dà al meticcio qualche cosa di misterioso e di spaventoso, da far rizzare i capelli.)
* * * Le autorità sportive inglesi, non avendo altro da fare, si adoperarono molto per rintracciare il pallone, divenuto ormai storico.",yes,V2_new,no,medium
Caccianiga_Antonio,Il_Bacio_Della_Contessa_Savina,1888,Caccianiga_Antonio-Il_Bacio_Della_Contessa_Savina-1888.txt,"Eccoli, - egli diceva, - eccoli questi giovanotti, che portano la testa alta, che fanno i sacripanti coi timidi e i tapini, eccoli come si mostrano davanti chi sente la propria dignità, davanti chi non tollera ingiurie, ed alza la testa.... fuggono come tanti conigli! Caro Gaspare, voi siete stato presente alla mia sfida ed alla sua fuga, non ci rimane altro da fare che il processo verbale, nel quale dovete constatare esattamente i fatti, autenticandone le firme. Vi prego di farne varie copie.... a tutte mie spese; e vi raccomando la verità, - cioè la mia sfida ad oltranza, e la fuga precipitosa dell'avversario e basta così.",no,V2_new,no,high
Cagna_Achille_Giovanni,Un_Bel_Sogno,1871,Cagna_Achille_Giovanni-Un_Bel_Sogno-1871.txt,"Ci vengano ora a negare la forza irresistibile dell'arte; ai primi accordi Ermanno sentì modificarsi il suo dolore, e la triste impressione che lo dominava; continuò per pochi istanti a modular frasi melodiche, e quegli accenti dettati dalla fantasia erano come lo sfogo di un dolore che sensibilmente si dilata e svanisce. L'arte è la natura, l'anima dell'artista; ed appena Ermanno abbandonò la mano al dominio della mente, narrò in concetti musicali la lotta che opprimeva l'anima sua. Quello sfogo tanto necessario, rialzò il suo spirito, man mano egli ripigliava la sua individualità, e riuscì a sperdere completamente le penose impressioni che lo agitavano.",yes,V2_new,yes,medium
Viola_Ferretti_Emilia,A_quarantacinque_anni,1874,Viola_Ferretti_Emilia-A_quarantacinque_anni-1874.txt,"A questo, che era sceso pure, consegnò Bruno, e gli disse d’attenderla in quel luogo fino al suo ritorno; poi, rialzata con grazia la lunga veste sul braccio sinistro, senza dir altro, accettò il braccio che Marnieri le offrì in silenzio. Camminarono qualche tempo nel bosco senza parlarsi. Lei appoggiata leggermente al braccio di lui, lui pensoso e turbato, sentendo così vicina a sè quella persona seducente, in mezzo a quegli alberi fitti e discreti ove perfino il romore dei passi si perdeva fra l’erbe e i fiori.
— Marnieri, – disse finalmente con franchezza la contessa, allorchè fu ben sicura che nessuno la sentiva. – Voglio dirvi che è una viltà questo che abbiamo fatto sino ad oggi, che della gente come noi, come voi ed io, – soggiunse con un sorriso pieno d’orgoglio e di seduzione, – deve potere sempre ciò che vuole, e non deve perdere la fede nella propria volontà, perchè in un giorno di stanchezza si lasciò scappare di bocca una parola imprudente.",no,V2_new,no,high
Caracciolo_Enrichetta,Misteri_Del_Chiostro_Napoletano,1864,Caracciolo_Enrichetta-Misteri_Del_Chiostro_Napoletano-1864.txt,"Il discorso, non lungo, ma condito di complimenti copiosissimi a nome mio recitati, venne interrotto dall'arrivo dell'altra mia zia paterna, chiamata Lucrezia, la quale, perché accidentata sì alle membra che nel senno, entrò sostenuta da due converse. Gli sponsali di Giuseppina erano stati fissati al 2 gennaio 1840. Si fermò adunque col consenso della madre e della zia badessa, che sarei entrata nel convento due giorni dopo le nozze.",no,V2_new,no,high
Butti_Enrico_Annibale,L_incantesimo,1897,Butti_Enrico_Annibale-L_incantesimo-1897.txt,"Solo in un regime d'assoluta libertà, i forti e i meritevoli avranno ragione dei deboli e degli indegni; e solo per mezzo della libera concorrenza per la vita, la razza potrà progredire e raggiungere la sua perfezione.» Come mai dunque inconsciamente, aveva egli approvato la disposizione illiberale del Ministro? Era forse stato anche lui un rètore in passato? O la sua bella serenità era andata miseramente perduta a traverso gli anni e gli eventi?
«Bisogna esser pratici!» egli si disse d'un tratto, vincendo i suoi scrupoli di coerenza. «Non è più il tempo di proseguire serenamente un ideale.",yes,V2_new,yes,medium
Castelnuovo_Enrico,Il_Fallo_Di_Una_Donna_Onesta,1897,Castelnuovo_Enrico-Il_Fallo_Di_Una_Donna_Onesta-1897.txt,"Mi consideri bell'e spacciata. - Dio me ne guardi.... T'ho consigliato anche un marito.... Dunque.... - Troppa roba in una volta - rispose la Teresa, sforzandosi di celiare.",no,V2_new,no,high
Chelli_Gaetano_Carlo,Fabia,1876,Chelli_Gaetano_Carlo-Fabia-1876.txt,"Non diminuirono già nell'anima di Eugenio l'amore che lo infiammava per la Fabia, di cui egli comprendeva adesso l'eroismo mostrato col respingere la proposta di matrimonio; non gli fecero già dimenticare né i giorni passati presso l'amante, né lo spasimo immenso che l'aveva fatta quasi impazzire al momento del dividersi; ma lo sgomentarono di quell'aura contraria della pubblica opinione, e lo disanimarono di fronte all'idea che altri potesse sospettare come egli stava per unirsi di nuovo all'attrice. Entrato poi in tale ordine d'impressioni, fece di più: egli giunse, con penoso sforzo, invero, a rimandare di qualche giorno la sua partenza per Bologna. Fabia rispondeva nei termini seguenti alla lettera che l'avvisava della proroga: «Oggi per la prima volta, dacché ci siamo lasciati, ti scrivo dopo quarantotto ore di silenzio.",no,V2_new,no,high
Negri_Ada,Le_Solitarie,1917,Negri_Ada-Le_Solitarie-1917.txt,"E non l'amante, inutile come i fuchi.
  Un lieve picchio all'uscio la fece trasalire. Stette un minuto sull'attenti; ma era stato un falso allarme. Nascose allora la boccetta vuota in un mucchio di cenci entro una cassa: uscí, raccolse sul pianerottolo un fardello, già pronto, di biancheria sudicia; e, malgrado fosse domenica, andò a lavare alla fontana.
*
  La mattina del giorno dipoi la trovò smaniosa, febbrile, dopo una notte trascorsa fra brevi assopimenti gravati da incubi, e risvegli improvvisi seguíti da ore di lucida insonnia.",yes,V2_new,no,medium
Deledda_Grazia,Stella_d_oriente,1890,Deledda_Grazia-Stella_d_oriente-1890.txt,"Si erano presentate varie altre fanciulle, ma nessuna aveva contentato la contessa. Nell’Agenzia, Stella subì una specie di esame, raccontò la sua storia a suo modo, e fu presentata al palazzo di Farnoli.",no,V2_new,no,high
Cantoni_Alberto,L'Illustrissimo,1906,Cantoni_Alberto-L'Illustrissimo-1906.txt,"Eppure ben pochi della nostra stampa, anche letteraria, rilevarono ciò che più importava rilevare in questa perdita dolorosa: la scomparsa cioè di una individualità veramente caratteristica. Di tali individualità noi non abbiamo oggi, purtroppo, abbondanza; ma Alberto Cantoni fu d'indole schiva; visse sempre appartato; non volle mai partecipare apertamente alle così dette battaglie letterarie; ebbe il pudore dell'arte sua intima e schietta, e - per quanto fra sè e con gli amici si lamentasse dell'indifferenza dei lettori - proibì sempre a chi gli stampava i libri che facesse il menomo scampanio attorno ad essi; e come poteva dunque esser notata secondo la sua vera importanza tale scomparsa, quand'egli stesso, finchè visse, se ne volle dar sempre così poca a gli occhi altrui? Ed egli sapeva pur bene che la letteratura contemporanea è divenuta come una fiera, ove ciascuno si sforza di metter su, quanto più stranamente gli riesca, la propria baracca, innanzi alla quale chiama i compiacenti amici, perchè invitino, gridando, il pubblico a fermarsi e ad ammirare.",no,V2_new,yes,medium
Cantoni_Alberto,L'Illustrissimo,1906,Cantoni_Alberto-L'Illustrissimo-1906.txt,"E voi credete sul serio di fare un gran dispetto a Niccolino, provandogli subito che non avete bisogno di lui, e sposandovi forse un giorno prima? Io, se fossi nei suoi piedi, ne riderei. Sarebbe un rimorso di meno, per me tanto, e peggio per voi se vi contentaste di Piangi!",no,V2_new,yes,high
Caccianiga_Antonio,Il_Bacio_Della_Contessa_Savina,1888,Caccianiga_Antonio-Il_Bacio_Della_Contessa_Savina-1888.txt,"Il capinero cantava sul biancospino fiorito, le nuove foglioline degli alberi appena sbocciate oscillavano alla brezza mattutina e lucevano al sole. La vita mi sembrava bella... e bisognava apparecchiarsi a lasciarla... nella primavera della vita e dell'anno. Rivolsi un pensiero affettuoso a mio zio canonico, e un altro pensiero non meno tenero a Bitto.",no,V2_new,no,high
Tenca_Carlo,La_Ca_Dei_Cani,1840,Tenca_Carlo-La_Ca_Dei_Cani-1840.txt,"Una notte che tu abiti fra quattro mura basterà a farti mutar parere.
- Ahi! meschino me! sclamava Tonio battendo i denti della paura, ma votete proprio metterci prigione? Che cosa vi abbiamo fatto noi?",no,V2_new,no,high
Barbieri_Ulisse,In_Basso,1885,Barbieri_Ulisse-In_Basso-1885.txt,"- Chi?... - chiese il giovane.  - Ci avrà veduto un ricatto per conto suo - continuava la donna, seguendo ansiosamente il corso del pensiero su cui erasi fermata, e senza badare alla domanda del marchesino. ",no,V2_new,no,medium
Deledda_Grazia,Stella_d_oriente,1890,Deledda_Grazia-Stella_d_oriente-1890.txt,"Perché neanche parli?…
– Sono stanca – rispose ella. E andò a letto, ma dormì assai poco e naturalmente sognò il giovine cacciatore... Chi sa spiegare gli enigmi del cuore umano?",yes,V2_new,no,high
Bandi_Giuseppe,Da_Custoza_In_Croazia_Memorie_D_Un_Prigioniero,1866,Bandi_Giuseppe-Da-Custoza-In-Croazia-Memorie-D-Un-Prigioniero-1866.txt,"Quanto entusiasmo sprecato, quanto tesoro di forza e di virtù paralizzato e negletto! Accanto all'eroe di Roma e di Marsala non cavalcarono questa volta i suoi figli di guerra prediletti, i veri eredi della sua gloria e delle sue virtù militari; ma lo si volle circondato di fossili e viete celebrità, impotenti a divinare e secondare i concepimenti sempre giovani e rigogliosi di quella mente avventuriera. Se intelletti più vasti e preveggenti avessero presieduto alla riscossa italica del 1866, i volontari capitanati dai loro antichi generali avrebbero avuto per campo l'Istria o la Dalmazia, e Garibaldi a bordo del Re d'Italia o dell'Affondatore avrebbe risparmiata al paese la sciagura lacrimevole di Lissa.",yes,V2_new,no,medium
Campanile_Achille,Giovinotti_non_esageriamo,1929,Campanile_Achille-Giovinotti_non_esageriamo-1929.txt,"Fagiolino, che non aveva l’abitudine di dormire in pigiama, ma che non se la sentiva di rinunziare a far l’elegante, si presentò a pranzo in camicia da notte. Inde irae! Alcune vecchie signore s’alzarono con una certa vivacità, per vedere meglio.",yes,V2_new,no,high
Barbieri_Ulisse,In_Basso,1885,Barbieri_Ulisse-In_Basso-1885.txt,"- Mi dicesti già che la fanciulla, portata via mentre usciva dalla chiesa di Santa Maria Maggiore, era stata messa in una carrozza.  - Conosco!...  rispose sfacciatamente il monello.",no,V2_new,no,high
Negri_Ada,Le_Solitarie,1917,Negri_Ada-Le_Solitarie-1917.txt,"Occupava un impiego. Che ironia, che tristezza. L'impiego non metteva un soldo nella sua tasca, non la liberava dalla schiavitú familiare, non avrebbe piú potuto essere tenuto da lei, se avesse preso marito: non faceva che spostarla, inaridendola.
  E ammalata d'aridità lo era al punto, che i genitori e i colleghi d'ufficio le eran divenuti estranei, il loro contatto fastidioso come lo stridere della penna sui foglietti delle ricevute, come il tic-tic della macchina Morse, penetrante nella sua schiena col lavorio d'un trivello.
  Dove avrebbe passata la notte?",yes,V2_new,yes,high
Carcano_Giulio,Damiano,1850,Carcano_Giulio-Damiano-1850.txt,"Egli ebbe in quell'ora, per così dire, la rivelazione, la coscienza di sè. Tanto è vero che, nelle maggiori necessità, l'uomo sente la pienezza della propria vita, e, direi quasi, l'orgoglio del dolore. Renduti al padre gli ultimi ufficj d'amore sulla terra, detto addio alle giovenili fantasie, e rivolto uno sguardo pacato al futuro, Damiano aveva veduta chiara, a sè dinanzi, la ragione del suo dovere; allora conobbe che cosa gli restasse a fare, e seppe la propria sorte.",no,V2_new,yes,high
Dandolo_Milly,Il_figlio_del_mio_dolore,1921,Dandolo_Milly-Il_figlio_del_mio_dolore-1921.txt,"Lo vide quale l’aveva pensato la sera avanti, ma non si sentì più commossa; sentì sempre quella stessa pietà, ma senza intenerimento, quasi senza soffrirne più. La sua sofferenza era solo quel lieve senso di malessere indefinito; se ne accorse; cercò una parola per esprimerlo a sè stessa, e così definirlo, giudicarlo, diminuirlo; non la trovò; trovò finalmente una parola francese: gêne. La ripetè, sodisfatta della scoperta, senza accorgersi ch’era lieta di distogliersi da quel malessere anche solo con la ricerca d’una parola.",yes,V2_new,no,high
Rovetta_Gerolamo,Ninnoli,1882,Rovetta-Gerolamo_Ninnoli_1882.txt,"Il marchese di Tracy era l'ultimo dei duellisti guasconi: l'ultimo.... perchè era stato il più forte. Presso ad Archon i due rivali si trovarono di fronte, in un bel giorno di fiorita primavera, tutto sole, in mezzo ad un vasto campo serrato da verdura nuova e palpitante: la morte non ebbe mai un più festevole sudario. Il processo verbale, firmato in piena regola, stabiliva che i due avversari, armati entrambi di due pistole, si dovevano porre alla distanza di venticinque passi, con facoltà di far fuoco l'un contro l'altro, avanzandosi a piacere.",no,V2_new,no,high
Collodi_Carlo,Macchiette,1880,Collodi_Carlo-Macchiette-1880.txt,"Oggi sono diventato pauroso, impressionabile, timido come un ragazzo. Ogni rumore, ogni ciarla, ogni parola, di cui non afferro subito la vera intenzione, mi accelera il polso, mi fa battere le tempie, mi mette addosso un tremito, un’agitazione convulsa… Amelia!… rinunziamo al ballo di domani sera.
— No! Sono stanca di questa vita monastica! ho bisogno di ritornare nel mondo dei vivi! ho bisogno d’aria, di vita, di luce!…
— Finora ho pregato… ho supplicato… perchè mi vuoi costringere a ripigliare i diritti di marito?
— Ecco la tua voce, ecco la tua intonazione!",no,V2_new,no,high
Collodi_Carlo,Macchiette,1880,Collodi_Carlo-Macchiette-1880.txt,"Roboamo, invece di rizzarsi in piedi, cascò sotto la tavola. Lo aiutarono a rimettersi a sedere: e quando fu seduto, girò gli occhi imbambolati verso la fanciulla, balbettando a stento:
— No, angiolo mio, tu non partirai!…
— E con qual diritto il signor Roboamo vorrebbe opporsi? — domandò vivacemente la signora Cammilla:
— Col diritto… vale a dire… col diritto che ha l’amante sulla donna del suo pensiero… il fidanzato sulla sua promessa sposa… il marito sulla moglie. Et erunt duo in carne una!
 
Il resto della cena lo raccontò Giovanni, la mattina dopo, al suo padrone, e non importa ripeterlo.",yes,V2_new,no,high
Saluzzo_Roero_Diodata,Novelle,1830,Saluzzo_Roero_Diodata-Novelle-1830.txt,"Mentre avevano i sessanta Rotari rovesciati ai piedi del muro conteso cavalli e carri nemici, spinti nella polvere molti di coloro che cercavano per i Monferrini ad insignorirsi della città: respingeva in molte parti gli assalitori il valore degli Astigiani. Stavano dietro a Rotario, sulla scala della breccia, con Isnardi da Castello, Antonio Asinari,",no,V2_new,no,high
Bandi_Giuseppe,Da_Custoza_In_Croazia_Memorie_D_Un_Prigioniero,1866,Bandi_Giuseppe-Da-Custoza-In-Croazia-Memorie-D-Un-Prigioniero-1866.txt,Ed era vero. Nella birreria si sarebbe sentita ronzare una mosca. Che diversità dalla romorosa allegria delle altre sere!,yes,V2_new,no,medium
Saluzzo_Roero_Diodata,Novelle,1830,Saluzzo_Roero_Diodata-Novelle-1830.txt,"Orombello sapeva che nelle mura di Binasco signoreggiava la contessa di Tenda, ed il cuore che non gli palpitò mai fra le pugne, palpitavagli in quell'aure per lui ripiene di una vita soverchia perché circondavano Beatrice; né dall'età fanciullesca egli l'aveva veduta mai più. I giorni di lei passavano nascosti, sicché non risuonavano del celebre nome i tornei e le Corti d'Amore. Ella fu già sposa di Facino Cane, condottiero Ghibellino, e nipote dei marchesi di Monferrato; e fu sposa di lui, abbenché Facino raccogliesse adulto gli allori quando ella vagiva bambina tra le braccia materne.",no,V2_new,no,high
Deledda_Grazia,Stella_d_oriente,1890,Deledda_Grazia-Stella_d_oriente-1890.txt,"Orribili pensieri passavano nella mente di Eduardo che non cercava neppure sapere se Ellen avesse lasciato qualche lettera, convinto che si fosse uccisa dopo la loro ultima conversazione, di cui tutte le parole gli rimbombavano nella mente come rimproveri eterni… A un tratto un altro pensiero venne a render più fosco il caos di pazzia che sconvolgeva il suo cervello: Ruggero! Egli doveva giungere fra poche ore… Che mai avrebbe detto Eduardo:",yes,V2_new,yes,high
Collodi_Carlo,Macchiette,1880,Collodi_Carlo-Macchiette-1880.txt,"La Giulia, non potendo più reggere alla tentazione, fece proponimento dentro di sè di provarsi uno stivaletto solo. Vano proponimento. Infilato il primo stivaletto si sentì come trascinata da una vanità irresistibile a infilarsi anche l’altro.",yes,V2_new,yes,medium
Collodi_Carlo,Macchiette,1880,Collodi_Carlo-Macchiette-1880.txt,"Oramai la spesa era fatta!…
V
A rmando tenne puntualmente la sua parola: e nel giorno fissato di comune accordo, furono celebrate le nozze dinanzi a Dio e dinanzi alla ciarpa tricolore del sindaco. I due giovani sposi nuotavano nei gaudi e nelle dolcezze del settimo cielo: quand’ecco, che una sera, mentre erano insieme al teatro in un palchetto di prima fila, la Bita fece cenno al marito d’alzarsi e di cambiare di posto. Difatti Armando si alzò, e la Bita andò a mettersi nel posto d’Armando, per poter voltare in questo modo le spalle al palcoscenico e alle poltrone d’orchestra.",yes,V2_new,no,high
Campanile_Achille,Giovinotti_non_esageriamo,1929,Campanile_Achille-Giovinotti_non_esageriamo-1929.txt,"Venite anche voi.”
Ma sì! Come muoversi dall’isolotto salvagente? I nostri amici vi restarono per un paio d’ore e poi, calata la notte ed essendosi calmato il movimento cittadino, col favor delle tenebre si diressero verso casa.
 
Quando si dice la fatalità!",yes,V2_new,no,medium
Barbieri_Ulisse,In_Basso,1885,Barbieri_Ulisse-In_Basso-1885.txt,"Era tale il suo trasporto per quelle sole parole pronunciate da Peppe con quel suo slancio fanciullesco, mentre i suoi occhi, nei quali c'era pur qualche cosa che brillava, dicevano tante e tante altre cose, che ogni apprensione ed ogni paura si dileguò dal suo animo e non sentì più che il bisogno di abbandonarsi ad una confidenza intera, senza limiti di alcuna sorta. Si volse verso colui che aveva veduto chino egli pure su di lei, e, benchè fosse quegli che l'aveva chiusa in quella tomba, gli rivolse uno sguardo, come se a lui pure volesse dirigere una parola affettuosa; ma Gennaraccio erasi alzato e stava parlando col Guercio.  - Parola da bandito -",no,V2_new,no,medium
Emiliani_Giudici_Paolo,Beppe_Arpia,1851,Emiliani_Giudici_Paolo-Beppe_Arpia-1851.txt,"Ignazio Gesualdi soleva tutti i giorni, verso l'un'ora di notte, andare a bere il caffé al Bottegone, dove incontrava qualche suo amico, ed informavasi di tutti i pettegolezzi della città, che andavano a finire in quel convegno di sfaccendati come in un padule le acque de' campi circostanti. Era assuefatto a prendere in mano la patria Gazzetta, e lettivi attentamente gli Avvisi ed Atti giudiciali, strascicava lo sguardo cosí di fuga sopra le notizie politiche. Qella sera, cioè quindici giorni circa dopo la partenza dello sgozzino, gli occhi d'Ignazio furono attratti da una arcana fatalità, poiché non potrebbe altrimenti spiegarsi, proprio all'articolo surriferito, ed in specie alla parola missionario come se fosse stampata in caratteri speciali e distinti.",no,V2_new,no,high
Nievo_Ippolito,Il_Barone_Di_Nicastro,1860,Nievo-Ippolito_Il-Barone-Di-Nicastro_1860.txt,"Zitto, voglio fare a Floriano ed alla Tesoruccia una bella improvvisata!… Fate che al chiasso non s’accorgano di qualche venuta straordinaria. 
I paesani si arrestarono così mutoli che parvero rane al sorger del giorno: il Barone Camillo e monsieur Arban, si avanzarono soli e a tacito passo nell’atrio moresco del castello di Nicastro. 

XXVII. 
Don Camillo, entrato sorridente nel refettorio, trovò Floriano seduto a merenda presso la Tesoruccia; e due bimbi in mezzo a loro che intingevano nelle scodelle e li chiamavano papà e mamma. Monsieur Arban raccolse fra le braccia il corpo inanimato del Barone … … … … … . . 
… … … … … … … … … … … … … … … … 

XXVIII. 
Il quale tuttavia non ne morì, e appena rinvenuto trovandosi nel suo antico talamo dalle gialle cortine di seta, confuse le sue lagrime con quelle di Floriano, che gli baciava devotamente la mano di gomma. 
- Anche tu Floriano, anche tu mi hai tradito! disse con fiochissima voce l’illustre infelice. 
-",no,V2_new,no,high
Negri_Ada,Le_Solitarie,1917,Negri_Ada-Le_Solitarie-1917.txt,Null'altro. Riposare. Immobile.,yes,V2_new,no,high
